feature,coefficient,abs_coef,direction
cat__Company_Experian Information Solutions Inc.,-5.754483361020758,5.754483361020758,decreases untimely risk
cat__Company_JPMORGAN CHASE & CO.,-5.340736643746097,5.340736643746097,decreases untimely risk
"cat__Company_EQUIFAX, INC.",-5.187285042797038,5.187285042797038,decreases untimely risk
cat__Company_SYNCHRONY FINANCIAL,-4.805808804903137,4.805808804903137,decreases untimely risk
"cat__Company_CITIBANK, N.A.",-4.423665273544055,4.423665273544055,decreases untimely risk
cat__Company_DISCOVER BANK,-4.413040600267532,4.413040600267532,decreases untimely risk
cat__Company_U.S. BANCORP,-4.3957707706177045,4.3957707706177045,decreases untimely risk
cat__Company_CAPITAL ONE FINANCIAL CORPORATION,-4.337664868799837,4.337664868799837,decreases untimely risk
cat__Company_Resurgent Capital Services L.P.,-4.29760869900212,4.29760869900212,decreases untimely risk
"cat__Company_Bread Financial Holdings, Inc.",-4.2906730271284035,4.2906730271284035,decreases untimely risk
"cat__Company_TRANSUNION INTERMEDIATE HOLDINGS, INC.",-4.255380195626678,4.255380195626678,decreases untimely risk
cat__Company_TD BANK US HOLDING COMPANY,-4.235871919152528,4.235871919152528,decreases untimely risk
cat__Company_NAVY FEDERAL CREDIT UNION,-4.200653078869034,4.200653078869034,decreases untimely risk
"cat__Company_Navient Solutions, LLC.",-4.1849875331309425,4.1849875331309425,decreases untimely risk
cat__Company_ENCORE CAPITAL GROUP INC.,-4.1302483791442235,4.1302483791442235,decreases untimely risk
cat__Company_PNC Bank N.A.,-4.121802655091554,4.121802655091554,decreases untimely risk
"cat__Company_Portfolio Recovery Associates, LLC",-3.9741798860314907,3.9741798860314907,decreases untimely risk
cat__Company_BARCLAYS BANK DELAWARE,-3.965269357226999,3.965269357226999,decreases untimely risk
"cat__Company_Mobiloans, LLC",3.9423239099368557,3.9423239099368557,increases untimely risk
cat__Company_AMERICAN EXPRESS COMPANY,-3.8909046791365354,3.8909046791365354,decreases untimely risk
cat__Company_ALLY FINANCIAL INC.,-3.878497692420088,3.878497692420088,decreases untimely risk
cat__Company_UNITED SERVICES AUTOMOBILE ASSOCIATION,-3.7301385486876724,3.7301385486876724,decreases untimely risk
"cat__Company_Accscient, LLC",3.6900333864270642,3.6900333864270642,increases untimely risk
"cat__Company_ResidentCollect, Inc.",3.6298034858825368,3.6298034858825368,increases untimely risk
cat__Company_Telerecovery Corporation,3.5493317197695506,3.5493317197695506,increases untimely risk
cat__Company_AES/PHEAA,-3.5257307082916998,3.5257307082916998,decreases untimely risk
"cat__Company_HOVG, LLC",3.4991538789365033,3.4991538789365033,increases untimely risk
"cat__Company_AmerAssist A/R Solutions, Inc.",3.474970078966881,3.474970078966881,increases untimely risk
"cat__Company_Williams, Rush & Associates, LLC",3.4202494334558975,3.4202494334558975,increases untimely risk
cat__Company_Santander Consumer USA Holdings Inc.,-3.4106999653791585,3.4106999653791585,decreases untimely risk
"cat__Company_Maximus Federal Services, Inc.",-3.3870291154385472,3.3870291154385472,decreases untimely risk
"cat__Company_CITIZENS FINANCIAL GROUP, INC.",-3.360560246851241,3.360560246851241,decreases untimely risk
cat__Company_Financial Data Systems,3.358136930334994,3.358136930334994,increases untimely risk
"cat__Company_FIDELITY CAPITAL HOLDINGS, INC",3.330246866116267,3.330246866116267,increases untimely risk
"cat__Company_Better Mortgage, Inc.",3.31625734562467,3.31625734562467,increases untimely risk
"cat__Company_Capital Accounts, LLC",3.3045697337161086,3.3045697337161086,increases untimely risk
"cat__Company_The Thomas Agency, Inc.",3.253009577802295,3.253009577802295,increases untimely risk
"cat__Company_Fidelity National Information Services, Inc. (FNIS)",-3.0944594625472903,3.0944594625472903,decreases untimely risk
cat__Company_Freedom Mortgage Company,-3.0852340342036224,3.0852340342036224,decreases untimely risk
cat__Company_TRANSWORLD SYSTEMS INC,-3.0485061225580607,3.0485061225580607,decreases untimely risk
"cat__Company_Credit Collections U.S.A., L.L.C.",3.0195626734021666,3.0195626734021666,increases untimely risk
"cat__Company_P&B Capital Group, LLC",3.0165168274081577,3.0165168274081577,increases untimely risk
cat__Company_Ocwen Financial Corporation,-2.9677173831229546,2.9677173831229546,decreases untimely risk
cat__Company_ERC,-2.9624107713324515,2.9624107713324515,decreases untimely risk
cat__Company_Phoenix Financial Services LLC,-2.941019276699089,2.941019276699089,decreases untimely risk
cat__Company_Conduent Incorporated,2.923791726580752,2.923791726580752,increases untimely risk
"cat__Company_Convergent Resources, Inc.",-2.914222763953867,2.914222763953867,decreases untimely risk
"cat__Company_Porania, LLC",2.8914280593383945,2.8914280593383945,increases untimely risk
cat__Company_SunTx Capital Partners,2.888273838988314,2.888273838988314,increases untimely risk
"cat__Company_SANTANDER BANK, NATIONAL ASSOCIATION",2.8842957702442726,2.8842957702442726,increases untimely risk
cat__Company_Sezzle Inc.,2.876603016386824,2.876603016386824,increases untimely risk
cat__Company_Marauder Corporation,2.875687500688177,2.875687500688177,increases untimely risk
cat__Company_OneMain Finance Corporation,-2.8701931134219554,2.8701931134219554,decreases untimely risk
cat__Company_Mr. Cooper Group Inc.,-2.847200875846614,2.847200875846614,decreases untimely risk
cat__Company_Screening Reports Inc.,2.832918752272529,2.832918752272529,increases untimely risk
cat__Company_ROBINHOOD MARKETS INC.,2.82996325411242,2.82996325411242,increases untimely risk
"cat__Company_KLS Financial Services, Inc",2.818000395416229,2.818000395416229,increases untimely risk
"cat__Company_Innovate Managed Holdings, LLC",2.816929303080752,2.816929303080752,increases untimely risk
cat__Company_AFNI INC.,-2.814922302879677,2.814922302879677,decreases untimely risk
cat__Company_EdFinancial Services,2.8127676176906284,2.8127676176906284,increases untimely risk
cat__Company_HYUNDAI CAPITAL AMERICA,-2.8087646158350124,2.8087646158350124,decreases untimely risk
cat__Company_CURO Intermediate Holdings,-2.7826902321151388,2.7826902321151388,decreases untimely risk
cat__Company_CL Holdings LLC,-2.7643410377232156,2.7643410377232156,decreases untimely risk
cat__Company_TOYOTA MOTOR CREDIT CORPORATION,-2.752937901815567,2.752937901815567,decreases untimely risk
cat__Company_COOLEY ENTERPRISES INC,2.7388306509218405,2.7388306509218405,increases untimely risk
"cat__Company_A & O Recovery Solutions, LLC",2.7355247748197447,2.7355247748197447,increases untimely risk
cat__Company_1st Franklin Financial Corporation,2.7335954835560745,2.7335954835560745,increases untimely risk
"cat__Company_ENOVA INTERNATIONAL, INC.",-2.7326736725923055,2.7326736725923055,decreases untimely risk
"cat__Company_Aqua Finance, Inc.",2.7311921357804274,2.7311921357804274,increases untimely risk
"cat__Company_NOVAD Management Consulting, LLC",2.723296662092745,2.723296662092745,increases untimely risk
"cat__Company_JTM Capital Management, LLC",2.720375690852883,2.720375690852883,increases untimely risk
"cat__Company_Uetsa Tsakits, Inc. d/b/a MaxLend",2.702974410698955,2.702974410698955,increases untimely risk
"cat__Company_ACIMA CREDIT, LLC",-2.6963797826104634,2.6963797826104634,decreases untimely risk
cat__Company_Premier Student Loan Center,2.695177056978203,2.695177056978203,increases untimely risk
"cat__Company_APEX Asset Management, LLC",2.6911532612680045,2.6911532612680045,increases untimely risk
cat__Company_CONST LLC,2.683011298618849,2.683011298618849,increases untimely risk
cat__Company_Credit Wise Recovery Solution LLC,2.6781046970282363,2.6781046970282363,increases untimely risk
"cat__Company_The CMI Group, Inc.",-2.6768654761304673,2.6768654761304673,decreases untimely risk
"cat__Company_General Motors Financial Company, Inc.",-2.669444590385385,2.669444590385385,decreases untimely risk
cat__Company_Earm LLC,2.66557584797393,2.66557584797393,increases untimely risk
cat__Company_REGIONS FINANCIAL CORPORATION,-2.6545361865023414,2.6545361865023414,decreases untimely risk
"cat__Company_Global Asset Agency, Inc.",2.643255887427724,2.643255887427724,increases untimely risk
"cat__Company_Southwest Credit Systems, L.P.",-2.6291889921514886,2.6291889921514886,decreases untimely risk
cat__Company_Integrated Asset Recovery LLC,2.625017797084408,2.625017797084408,increases untimely risk
cat__Company_Activehours,2.622921205607974,2.622921205607974,increases untimely risk
cat__Company_HSBC NORTH AMERICA HOLDINGS INC.,-2.6125368655890546,2.6125368655890546,decreases untimely risk
"cat__Company_Paypal Holdings, Inc",-2.599818936833028,2.599818936833028,decreases untimely risk
cat__Company_WINNPOINTE CORPORATION,2.57620155114876,2.57620155114876,increases untimely risk
"cat__Company_Westlake Services, LLC",-2.566329371590901,2.566329371590901,decreases untimely risk
cat__Company_KEYCORP,-2.556671309837921,2.556671309837921,decreases untimely risk
cat__Company_Radius Global Solutions LLC,-2.5504441704224226,2.5504441704224226,decreases untimely risk
cat__Company_Accelerated Servicing Group LLC,2.535543574593085,2.535543574593085,increases untimely risk
cat__Company_FORD MOTOR CREDIT CO.,-2.525912040710598,2.525912040710598,decreases untimely risk
cat__Company_Universal Payment Corporation,2.5186911799092133,2.5186911799092133,increases untimely risk
"cat__Company_Walwick, Inc",2.50664439594473,2.50664439594473,increases untimely risk
cat__Company_M&T BANK CORPORATION,-2.505782873547389,2.505782873547389,decreases untimely risk
"cat__Company_Manhattan Beach Venture, LLC",2.504958445652813,2.504958445652813,increases untimely risk
"cat__Company_Home Loan Center, Inc.",2.5018390158687653,2.5018390158687653,increases untimely risk
"cat__Company_The CBE Group, Inc.",-2.498458002431099,2.498458002431099,decreases untimely risk
"cat__Company_Bliksum, LLC",2.4846778269308776,2.4846778269308776,increases untimely risk
cat__Company_Diversified Acceptance Corporation,2.469687732091686,2.469687732091686,increases untimely risk
"cat__Company_MRS BPO, LLC",-2.4621453596420357,2.4621453596420357,decreases untimely risk
cat__Company_Synovus Bank,-2.4532990946852804,2.4532990946852804,decreases untimely risk
"cat__Company_Early Warning Services, LLC",-2.4506246251418236,2.4506246251418236,decreases untimely risk
"cat__Company_CAINE & WEINER COMPANY, INC.",-2.440420586199571,2.440420586199571,decreases untimely risk
"cat__Company_CAVALRY INVESTMENTS, LLC",-2.4388516006925722,2.4388516006925722,decreases untimely risk
"cat__Company_John C. Heath, Attorney at Law, PLLC",-2.435849590788777,2.435849590788777,decreases untimely risk
cat__Company_PENTAGON FEDERAL CREDIT UNION,-2.42487285716304,2.42487285716304,decreases untimely risk
"cat__Company_I.C. System, Inc.",-2.4054689307286234,2.4054689307286234,decreases untimely risk
"cat__Company_Debt Recovery Solutions, LLC",-2.4006812944954814,2.4006812944954814,decreases untimely risk
cat__Company_Bureau of Accounts Control,2.39059907889403,2.39059907889403,increases untimely risk
cat__Company_Waterfall Revenue Group,2.3901330827822074,2.3901330827822074,increases untimely risk
"cat__Company_SUNRISE CREDIT SERVICES, INC",-2.38910044223142,2.38910044223142,decreases untimely risk
cat__Company_Nelson Cruz & Associates LLC,2.3872941607994633,2.3872941607994633,increases untimely risk
"cat__Company_Nelnet, Inc.",-2.3832454426894367,2.3832454426894367,decreases untimely risk
"cat__Company_Kriya Capital, LLC",-2.378140796727563,2.378140796727563,decreases untimely risk
cat__Company_Penn Credit Corporation,-2.3773766061874575,2.3773766061874575,decreases untimely risk
cat__Company_KP ASSET CONSULTING LLC,2.3759730618677324,2.3759730618677324,increases untimely risk
"cat__Company_HUNTINGTON NATIONAL BANK, THE",-2.364770729134066,2.364770729134066,decreases untimely risk
"cat__Company_WESTERN UNION COMPANY, THE",-2.3628512702896725,2.3628512702896725,decreases untimely risk
cat__Company_T.S. Holdings,-2.3628131961554133,2.3628131961554133,decreases untimely risk
cat__Company_BMO BANK NATIONAL ASSOCIATION,-2.3590869913492667,2.3590869913492667,decreases untimely risk
cat__Company_Georgia Student Finance Authority,2.3469674292358587,2.3469674292358587,increases untimely risk
"cat__Company_AC AutoPay LLC, Denver, CO Branch",2.3416721509771565,2.3416721509771565,increases untimely risk
cat__Company_State Home Mortgage,2.3382624978883753,2.3382624978883753,increases untimely risk
cat__Company_Arete Financial Group,2.326565137957415,2.326565137957415,increases untimely risk
cat__Company_Consumer Adjustment Company Incorporated,-2.3253731099985417,2.3253731099985417,decreases untimely risk
"cat__Company_HW Holding, Inc",-2.3234911880559763,2.3234911880559763,decreases untimely risk
cat__Company_Kikoff Inc.,-2.310457417790204,2.310457417790204,decreases untimely risk
cat__Company_Rent Recovery Solutions,-2.3082563898628443,2.3082563898628443,decreases untimely risk
cat__Company_BBVA FINANCIAL CORPORATION,-2.30754803373879,2.30754803373879,decreases untimely risk
"cat__Company_Flagstar Bank, N.A.",-2.3054847711318875,2.3054847711318875,decreases untimely risk
cat__Company_Mercedes Benz Financial Services,-2.3027369745386386,2.3027369745386386,decreases untimely risk
"cat__Company_PDQ Services, Inc.",2.2967969585272616,2.2967969585272616,increases untimely risk
cat__Company_FISERV FINXACT CORE,-2.2964983568359765,2.2964983568359765,decreases untimely risk
"cat__Company_Portfolio America Asset Management, LLC",2.2912269240746714,2.2912269240746714,increases untimely risk
cat__Company_SLM CORPORATION,-2.2823520069336545,2.2823520069336545,decreases untimely risk
"cat__Company_SANTANDER HOLDINGS USA, INC.",-2.276941992923848,2.276941992923848,decreases untimely risk
cat__Company_TMX Finance LLC,2.2760110472626778,2.2760110472626778,increases untimely risk
cat__Company_Xtreme Products LLC,2.2733739594005455,2.2733739594005455,increases untimely risk
"cat__Company_Lewis, McDonnell & Associates",2.270748991995314,2.270748991995314,increases untimely risk
"cat__Company_Medical Data Systems, Inc.",-2.2674222334358336,2.2674222334358336,decreases untimely risk
"cat__Company_Affirm Holdings, Inc",-2.2521965782925504,2.2521965782925504,decreases untimely risk
"cat__Company_ONLINE Information Services, Inc.",-2.244516590084434,2.244516590084434,decreases untimely risk
cat__Company_Alabama Housing Finance Authority,2.240317831401334,2.240317831401334,increases untimely risk
"cat__Company_Eastern Account Systems of Connecticut, Inc.",-2.2351867767500564,2.2351867767500564,decreases untimely risk
"cat__Company_Click n' Close, Inc.",2.2326372756265345,2.2326372756265345,increases untimely risk
"cat__Company_MARINER FINANCE, LLC",-2.2181339435065417,2.2181339435065417,decreases untimely risk
"cat__Company_SELECT PORTFOLIO SERVICING, INC.",-2.212777090426521,2.212777090426521,decreases untimely risk
cat__Company_Advanced Resolution Services Inc.,-2.2074542108899244,2.2074542108899244,decreases untimely risk
"cat__Company_Trident Asset Management, L.L.C.",2.1980649811108344,2.1980649811108344,increases untimely risk
"cat__Company_Aldous & Associates, PLLC",-2.197297344089522,2.197297344089522,decreases untimely risk
cat__Company_LCI Acquisition Inc.,2.1935347613549196,2.1935347613549196,increases untimely risk
cat__Company_Lakeside Recovery Solutions,2.1908148315362297,2.1908148315362297,increases untimely risk
cat__Company_NISSAN MOTOR ACCEPTANCE COMPANY LLC,-2.175992019512266,2.175992019512266,decreases untimely risk
cat__Company_BUCKEYE FINANCIAL SERVICES OF ALLIANCE INC.,2.168891722201186,2.168891722201186,increases untimely risk
"cat__Company_Block, Inc.",-2.1687633181736836,2.1687633181736836,decreases untimely risk
"cat__Company_Franklin Collection Service, Inc.",-2.1569287370449506,2.1569287370449506,decreases untimely risk
cat__Company_Consumer Collection Management. Inc,2.1557150595225463,2.1557150595225463,increases untimely risk
"cat__Company_Mitsubishi Motors North America, Inc.",2.155610729667918,2.155610729667918,increases untimely risk
cat__Company_CCM Finance LLC,2.1510772609267996,2.1510772609267996,increases untimely risk
"cat__Company_American First Finance, Inc.",-2.131039554061551,2.131039554061551,decreases untimely risk
cat__Company_DFC Global Corp.,2.1304352256591463,2.1304352256591463,increases untimely risk
cat__Company_STEWARD FINANCIAL SERVICES LLC,2.1194017088479282,2.1194017088479282,increases untimely risk
"cat__Company_Select Financial Services, Inc.",2.1148036554055873,2.1148036554055873,increases untimely risk
"cat__Company_Direct Recovery Services, LLC",2.1113721852702954,2.1113721852702954,increases untimely risk
"cat__Company_Coast to Coast Financial Solutions, Inc.",2.1088958614211566,2.1088958614211566,increases untimely risk
"cat__Company_Diversified Adjustment Service, Inc.",-2.0947422236359623,2.0947422236359623,decreases untimely risk
"cat__Company_Results Unlimited, Inc.",2.094670442136287,2.094670442136287,increases untimely risk
"cat__Company_Pinnacle Asset Management, LLC",2.085167924668696,2.085167924668696,increases untimely risk
"cat__Company_Insikt, Inc.",2.083897558347014,2.083897558347014,increases untimely risk
"cat__Company_CBC Companies, Inc.",-2.0804472704246217,2.0804472704246217,decreases untimely risk
"cat__Company_MarkOne Holdings, LLC",2.0792015117269127,2.0792015117269127,increases untimely risk
cat__Company_WELLS FARGO & COMPANY,-2.074084599247401,2.074084599247401,decreases untimely risk
"cat__Company_Law Offices of Robert J. Colclough, III",2.0679608765525566,2.0679608765525566,increases untimely risk
cat__Company_Comerica,-2.06485733781176,2.06485733781176,decreases untimely risk
"cat__Company_Rocket Mortgage, LLC",-2.064092021353941,2.064092021353941,decreases untimely risk
"cat__Company_LAKEVIEW LOAN SERVICING, LLC",-2.0615144903119313,2.0615144903119313,decreases untimely risk
"cat__Company_AMALGAMATED TOKEN SERVICES, INC.",2.058062727571358,2.058062727571358,increases untimely risk
"cat__Company_Sunset Solutions Group, LLC",2.05392015691995,2.05392015691995,increases untimely risk
cat__Company_CORELOGIC INC,-2.0529050056962674,2.0529050056962674,decreases untimely risk
"cat__Company_CARRINGTON MORTGAGE SERVICES, LLC",-2.0514101472586033,2.0514101472586033,decreases untimely risk
"cat__Company_Certified Solutions, Inc",2.047561608286728,2.047561608286728,increases untimely risk
"cat__Company_DApps Platform, Inc.",2.043487601824816,2.043487601824816,increases untimely risk
cat__Company_Army and Air Force Exchange Service,2.0417279755677846,2.0417279755677846,increases untimely risk
cat__Company_eMortgage Funding LLC,2.0382390324111563,2.0382390324111563,increases untimely risk
cat__Company_Monterey Financial Services LLC,-2.0188345719318095,2.0188345719318095,decreases untimely risk
"cat__Company_Evergreen Recovery Solutions, LLC",2.017031922611075,2.017031922611075,increases untimely risk
cat__Company_CCF Intermediate Holdings LLC,-2.013869055367577,2.013869055367577,decreases untimely risk
cat__Company_FC HoldCo LLC,-2.0135739366540815,2.0135739366540815,decreases untimely risk
cat__Company_PERDUE BRANDON FIELDER COLLINS & MOTT LLP,2.003499287208689,2.003499287208689,increases untimely risk
"cat__Company_Social Finance, Inc.",-1.984719267204652,1.984719267204652,decreases untimely risk
"cat__Company_PENNYMAC LOAN SERVICES, LLC.",-1.9837714648179219,1.9837714648179219,decreases untimely risk
"cat__Company_Continental Finance Company, LLC",-1.9796821089112315,1.9796821089112315,decreases untimely risk
cat__Company_SG and Associates,1.978922696191814,1.978922696191814,increases untimely risk
"cat__Company_Coinbase, Inc.",-1.9727528440290454,1.9727528440290454,decreases untimely risk
"cat__Company_Prosper Marketplace, Inc.",-1.9714614761848561,1.9714614761848561,decreases untimely risk
cat__Company_Zenith Financial Network Inc,1.967614239936284,1.967614239936284,increases untimely risk
"cat__Company_Eagle Recovery Associates, Inc.",1.9573568087068336,1.9573568087068336,increases untimely risk
"cat__Company_Vital Solutions, Inc.",1.9540512657806879,1.9540512657806879,increases untimely risk
cat__Company_ALCHRO INC.,1.9448569227015648,1.9448569227015648,increases untimely risk
cat__Company_INVESTORS BANK,1.939987359745896,1.939987359745896,increases untimely risk
"cat__Company_S&S Physician Services, Inc.",1.9367142281816756,1.9367142281816756,increases untimely risk
cat__Company_FIFTH THIRD FINANCIAL CORPORATION,-1.935043554819377,1.935043554819377,decreases untimely risk
cat__Company_UNITED AUTO ACCEPTANCE,1.928265548806497,1.928265548806497,increases untimely risk
cat__Company_Palisades Funding Corporation,1.9203555371640104,1.9203555371640104,increases untimely risk
"cat__Company_Executive Credit Management, Inc",1.9140062809192069,1.9140062809192069,increases untimely risk
"cat__Company_NEXA Mortgage, LLC",1.9110435658581373,1.9110435658581373,increases untimely risk
cat__Company_FirstPoint Collection Resources,1.9097767178906366,1.9097767178906366,increases untimely risk
"cat__Company_Credit Control, LLC",-1.9054206810289658,1.9054206810289658,decreases untimely risk
cat__Company_Sierra Holdings LLC,1.9003565064024246,1.9003565064024246,increases untimely risk
"cat__Company_Coastal Credit, LLC",1.8957989256954408,1.8957989256954408,increases untimely risk
cat__Company_Aspen Yo LLC,1.8931346810591014,1.8931346810591014,increases untimely risk
"cat__Company_Professional Medical Management, Inc.",1.89131723400806,1.89131723400806,increases untimely risk
cat__Company_MIDFIRST BANK,-1.8844091933774536,1.8844091933774536,decreases untimely risk
"cat__Company_Global Portfolio Recovery, LLC",1.8824157204924534,1.8824157204924534,increases untimely risk
cat__Company_The Receivable Management Services LLC,-1.8823537324782544,1.8823537324782544,decreases untimely risk
cat__Company_Kashia Services,1.8767113732816103,1.8767113732816103,increases untimely risk
cat__Company_CNG FINANCIAL CORPORATION,-1.8765054524539706,1.8765054524539706,decreases untimely risk
cat__Company_Entrata Inc.,1.87512339975482,1.87512339975482,increases untimely risk
cat__Company_MidAmerica Mortgage Inc,1.8661770656234398,1.8661770656234398,increases untimely risk
"cat__Company_Northeast Recovery Solutions, LLC",1.8590505252616902,1.8590505252616902,increases untimely risk
cat__Company_MUFG AMERICAS HOLDINGS CORPORATION,-1.855916601483745,1.855916601483745,decreases untimely risk
cat__Company_Financial Accounts Service Team Inc.,1.8534448600669688,1.8534448600669688,increases untimely risk
"cat__Company_Alum Financial, LLC",1.8504450083460695,1.8504450083460695,increases untimely risk
cat__Company_Awar Holding Inc.,1.849640949375902,1.849640949375902,increases untimely risk
"cat__Company_Williams & Fudge, Inc",-1.8471630710759763,1.8471630710759763,decreases untimely risk
cat__Company_GOLDMAN SACHS BANK USA,-1.8470799276903695,1.8470799276903695,decreases untimely risk
"cat__Company_Skopos Financial, LLC",1.8438851841238446,1.8438851841238446,increases untimely risk
"cat__Company_Genesys National Recovery, Inc.",1.8430170911479355,1.8430170911479355,increases untimely risk
cat__Company_BAM Management US Holdings Inc.,1.842016258745332,1.842016258745332,increases untimely risk
"cat__Company_CarMax, Inc.",-1.839541937991775,1.839541937991775,decreases untimely risk
"cat__Company_Auto Acceptance, LLC",1.8377345016547562,1.8377345016547562,increases untimely risk
cat__Company_TDS Financial LLC,1.836226094705748,1.836226094705748,increases untimely risk
"cat__Company_Protas, Spivok & Collins. LLC",1.836179910716065,1.836179910716065,increases untimely risk
"cat__Company_Global Asset Management Group, Inc.",1.8309801322234216,1.8309801322234216,increases untimely risk
cat__Company_National Management Recovery Corp. (NMRC),1.8242220931133981,1.8242220931133981,increases untimely risk
"cat__Company_Conn's, Inc.",-1.821869818711338,1.821869818711338,decreases untimely risk
"cat__Company_Thrivepoint Financial Holdings, Inc.",1.8211368992393504,1.8211368992393504,increases untimely risk
cat__Company_NEW YORK COMMUNITY BANCORP INC,-1.8086817925548693,1.8086817925548693,decreases untimely risk
"cat__Company_First Federal Credit Control, Inc.",-1.8079973289726452,1.8079973289726452,decreases untimely risk
"cat__Company_CFAM Financial Services, LLC",1.8053052581761644,1.8053052581761644,increases untimely risk
cat__Company_CREDIT ACCEPTANCE CORPORATION,-1.8028025534635248,1.8028025534635248,decreases untimely risk
"cat__Company_The Outsource Group, Inc",-1.7917507075579997,1.7917507075579997,decreases untimely risk
"cat__Company_CLGF Holdco 1, LLC",1.7874946576265267,1.7874946576265267,increases untimely risk
"cat__Company_Scratch Services, Inc.",1.7856176066236658,1.7856176066236658,increases untimely risk
"cat__Company_Carter-Young, Inc.",1.7855425503070947,1.7855425503070947,increases untimely risk
"cat__Company_Applied Business Services, Inc.",1.7825319918286027,1.7825319918286027,increases untimely risk
"cat__Company_Professional Claims Bureau, Inc.",1.7798056783148155,1.7798056783148155,increases untimely risk
"cat__Company_UPGRADE, INC.",-1.7772623826666532,1.7772623826666532,decreases untimely risk
"cat__Company_DYNAMIC RECOVERY SERVICES, INC.",1.7729765160019217,1.7729765160019217,increases untimely risk
cat__Company_United Revenue Corporation,-1.7728904864234531,1.7728904864234531,decreases untimely risk
cat__Company_West Realm Shires Services Inc.,1.7684373200612817,1.7684373200612817,increases untimely risk
cat__Company_American Coradius International LLC,-1.7665015775877881,1.7665015775877881,decreases untimely risk
cat__Company_Reliant Financial Corporation,1.7602896400991839,1.7602896400991839,increases untimely risk
cat__Company_Profit Services Group,1.7598091615093128,1.7598091615093128,increases untimely risk
cat__Company_Riverwalk Financial Corporation,1.7540927243553914,1.7540927243553914,increases untimely risk
"cat__Company_3rd Generation, Inc.",1.7532643785788926,1.7532643785788926,increases untimely risk
"cat__Company_National Recovery Service, Inc.",1.7524273750925667,1.7524273750925667,increases untimely risk
"cat__Company_Certegy Holdings, LLC",-1.7505977986766477,1.7505977986766477,decreases untimely risk
"cat__Company_Blue Global Media, Inc.",1.747761206945716,1.747761206945716,increases untimely risk
cat__Company_Financial Credit Network Inc,-1.7475243707913566,1.7475243707913566,decreases untimely risk
cat__Company_Commercial Recovery Systems,1.7445526005472873,1.7445526005472873,increases untimely risk
cat__Company_Renton Collections Inc.,1.742482873279457,1.742482873279457,increases untimely risk
"cat__Company_Equidata, Inc.",1.7397701164912882,1.7397701164912882,increases untimely risk
cat__Company_Summit Horizon Financial Services,1.7310654288922342,1.7310654288922342,increases untimely risk
cat__Company_Pendleton Capital Management,1.7300561262771248,1.7300561262771248,increases untimely risk
"cat__Company_Professional Finance Company, Inc.",-1.7283365134290167,1.7283365134290167,decreases untimely risk
cat__Company_Gatestone & Co. International Inc.,1.724859351726829,1.724859351726829,increases untimely risk
cat__Company_Summit Financial Corp.,1.716430468138345,1.716430468138345,increases untimely risk
"cat__Company_Consumer Portfolio Services, Inc.",-1.7136680056038451,1.7136680056038451,decreases untimely risk
cat__Company_Credit Card Acquisitions Group,1.7124270822713783,1.7124270822713783,increases untimely risk
cat__Company_ALLIANT CREDIT UNION,-1.7095374712041953,1.7095374712041953,decreases untimely risk
cat__Company_Park Hill Holdings,-1.7075999077013622,1.7075999077013622,decreases untimely risk
"cat__Company_Cascade CISS Holdings, LLC",-1.7042952286808823,1.7042952286808823,decreases untimely risk
cat__Company_Atlanticus Services Corporation,1.6986515990197213,1.6986515990197213,increases untimely risk
cat__Company_High Performance Capital,1.6963514086558242,1.6963514086558242,increases untimely risk
cat__Company_Ad Astra Recovery Services Inc,-1.6950605340133664,1.6950605340133664,decreases untimely risk
cat__Company_We Collect Inc,1.6809681063729855,1.6809681063729855,increases untimely risk
"cat__Company_Credit Protection Association, L.P.",1.6807357904147202,1.6807357904147202,increases untimely risk
"cat__Company_VIRTUOSO SOURCING GROUP, LLC.",1.6772291696037294,1.6772291696037294,increases untimely risk
cat__Company_Possible Financial Inc,-1.673454841211027,1.673454841211027,decreases untimely risk
"cat__Company_Opportunity Financial, LLC",-1.6623495621887505,1.6623495621887505,decreases untimely risk
cat__Company_MECHANICS BANK,-1.6544261785206413,1.6544261785206413,decreases untimely risk
"cat__Company_Commonwealth Financial Systems, Inc.",1.6529467903264135,1.6529467903264135,increases untimely risk
cat__Company_BANCO POPULAR DE PUERTO RICO,-1.6461398230312778,1.6461398230312778,decreases untimely risk
"cat__Company_Sterling & Associates, LLC",1.6460932874067034,1.6460932874067034,increases untimely risk
cat__Company_LJ Ross Associates,-1.6457470006963169,1.6457470006963169,decreases untimely risk
cat__Company_Merchants' Credit Guide Company,-1.645728097795054,1.645728097795054,decreases untimely risk
cat__Company_AmeriCollect,-1.6434783275770386,1.6434783275770386,decreases untimely risk
"cat__Company_Brown and Joseph, Ltd",1.6372620421220558,1.6372620421220558,increases untimely risk
"cat__Company_Preferred Collection and Management, Inc.",1.6371819207931717,1.6371819207931717,increases untimely risk
"cat__Company_Bepensa Capital, Inc.",1.6297631742514265,1.6297631742514265,increases untimely risk
"cat__Company_Sensible Auto Lending, LLC",1.6238126192170608,1.6238126192170608,increases untimely risk
cat__Company_ACS Education Services,1.6233045231721113,1.6233045231721113,increases untimely risk
cat__Company_Thaxton Investment Corporation,-1.6212530435481158,1.6212530435481158,decreases untimely risk
cat__Company_Financial Business and Consumer Solutions.,1.619980830221735,1.619980830221735,increases untimely risk
cat__Company_Accurate Background,1.6151432564483026,1.6151432564483026,increases untimely risk
cat__Company_Klarna AB,1.6143606319552335,1.6143606319552335,increases untimely risk
cat__Company_Loqbox US Inc,1.6135108844266144,1.6135108844266144,increases untimely risk
cat__Company_BHA Services,1.6133072666464379,1.6133072666464379,increases untimely risk
"cat__Company_Nations Direct Mortgage, LLC",1.6121868682977836,1.6121868682977836,increases untimely risk
cat__Company_Critical Resolution Mediation LLC,1.606244056969653,1.606244056969653,increases untimely risk
cat__Company_Credit Card Receivables Fund Incorporated,-1.6061677940598533,1.6061677940598533,decreases untimely risk
"cat__Company_GreenSky, LLC",1.605810749432719,1.605810749432719,increases untimely risk
cat__Company_Harley Davidson Financial Services Inc,-1.6053978756447234,1.6053978756447234,decreases untimely risk
"cat__Company_Jon Barry and Associates, Inc.",-1.5890155573018878,1.5890155573018878,decreases untimely risk
cat__Company_KBR INC DBA RASH CURTIS & ASSOCIATES,1.5888194319243882,1.5888194319243882,increases untimely risk
cat__Company_Chime Financial Inc,-1.5842059324061166,1.5842059324061166,decreases untimely risk
"cat__Company_Tribal Lending Enterprise, Inc.",1.578991903246183,1.578991903246183,increases untimely risk
cat__Company_Self Lender Inc,1.5758909177438376,1.5758909177438376,increases untimely risk
"cat__Company_WEBSTER BANK, NATIONAL ASSOCIATION",-1.5752317848512862,1.5752317848512862,decreases untimely risk
"cat__Company_Robinson, Reagan and Young PLLC",1.564585883198338,1.564585883198338,increases untimely risk
"cat__Company_The Bureaus, Inc.",-1.558537310710843,1.558537310710843,decreases untimely risk
cat__Company_FIRSTBANK PUERTO RICO,-1.5560104399158463,1.5560104399158463,decreases untimely risk
"cat__Company_Syncapay, Inc",1.5558354529073146,1.5558354529073146,increases untimely risk
"cat__Company_RentDebt Automated Collections, LLC",-1.5547901951774168,1.5547901951774168,decreases untimely risk
cat__Company_Denefits LLC,1.5491792633980488,1.5491792633980488,increases untimely risk
cat__Company_VW Credit,-1.5475518504142214,1.5475518504142214,decreases untimely risk
"cat__Company_PLANET HOME LENDING, LLC",-1.547506532743885,1.547506532743885,decreases untimely risk
"cat__Company_Synerprise Consulting Services, Inc.",-1.547329499910304,1.547329499910304,decreases untimely risk
"cat__Company_Motolease, LLC",1.5448754599000833,1.5448754599000833,increases untimely risk
"cat__Company_California Business Bureau, Inc.",1.5445828921909388,1.5445828921909388,increases untimely risk
"cat__Company_STERLING JEWELERS, INC.",-1.5437007959155062,1.5437007959155062,decreases untimely risk
"cat__Company_Populus Financial Group, Inc. (F/K/A Ace Cash Express)",-1.5370740939863192,1.5370740939863192,decreases untimely risk
"cat__Company_Tower Loan of Mississippi, Inc.",-1.5338060740112331,1.5338060740112331,decreases untimely risk
"cat__Company_Waypoint Resource Group, LLC",1.5322625912683105,1.5322625912683105,increases untimely risk
cat__Company_First Technology Federal Credit Union,1.5315600292006697,1.5315600292006697,increases untimely risk
cat__Company_CW Financial,1.5266639219831586,1.5266639219831586,increases untimely risk
cat__Company_Credit Plus Inc,-1.5219905684439885,1.5219905684439885,decreases untimely risk
"cat__Company_Receivable Collection Services, LLC",1.5179004597900116,1.5179004597900116,increases untimely risk
cat__Company_U.S. Auto Sales Inc.,1.514639434123684,1.514639434123684,increases untimely risk
"cat__Company_Persolve, LLC - Legal - Series 2",1.5141579357729218,1.5141579357729218,increases untimely risk
"cat__Company_Exeter Finance, LLC.",-1.5106153923698837,1.5106153923698837,decreases untimely risk
"cat__Company_Gurstel Law Firm, P.C.",-1.5013649256730743,1.5013649256730743,decreases untimely risk
cat__Company_La Casa Bonita Investments,1.4924268796783207,1.4924268796783207,increases untimely risk
"cat__Company_ORG GC GP BUYER, LLC",-1.4887476924013798,1.4887476924013798,decreases untimely risk
"cat__Company_Credit Central Holdings, LLC",1.486014854041678,1.486014854041678,increases untimely risk
"cat__Company_GLA Collection Company, Inc.",-1.483620902291705,1.483620902291705,decreases untimely risk
cat__Company_Great American Finance Co,1.4819277275390628,1.4819277275390628,increases untimely risk
cat__Company_TransferWise Ltd,1.478976147735591,1.478976147735591,increases untimely risk
"cat__Company_W&A Intermediate Co., LLC",1.4691030933125317,1.4691030933125317,increases untimely risk
"cat__Company_Checkr, Inc",-1.4628982863193032,1.4628982863193032,decreases untimely risk
cat__Company_Incomm Holdings Inc.,1.4623553223796917,1.4623553223796917,increases untimely risk
cat__Company_Data Mortgage Inc.,-1.4577983519339148,1.4577983519339148,decreases untimely risk
"cat__Company_Reverse Mortgage Solutions, Inc.",1.4556392394196882,1.4556392394196882,increases untimely risk
"cat__Company_Spring Oaks Capital, LLC",-1.4510385870135982,1.4510385870135982,decreases untimely risk
"cat__Company_GVA Holdings, LLC",-1.443031272808491,1.443031272808491,decreases untimely risk
cat__Company_YSA ARM LLC DBA Oxygen XL,1.435864904736332,1.435864904736332,increases untimely risk
"cat__Company_EGL US, LLC",1.4324754115377771,1.4324754115377771,increases untimely risk
"cat__Company_FIRST CITIZENS BANCSHARES, INC.",-1.4256211497522808,1.4256211497522808,decreases untimely risk
"cat__Company_Consolidated Information Services Solutions, LLC",1.4198007140988114,1.4198007140988114,increases untimely risk
cat__Company_Optima Advocates,1.4175470273210626,1.4175470273210626,increases untimely risk
cat__Company_Zions Debt Holdings,-1.4174948486741032,1.4174948486741032,decreases untimely risk
cat__Product_Credit card,-1.4173111252584345,1.4173111252584345,decreases untimely risk
"cat__Company_LTD Financial Services, L.P.",1.416070487413581,1.416070487413581,increases untimely risk
"cat__Company_Financial Recovery Services, Inc.",-1.414999723603009,1.414999723603009,decreases untimely risk
cat__Company_Lendmark Financial Services,-1.4136176684272397,1.4136176684272397,decreases untimely risk
cat__Company_Credit Corp Solutions Inc.,-1.401124598192139,1.401124598192139,decreases untimely risk
cat__Company_NCB Management Services Inc.,-1.3998541807471256,1.3998541807471256,decreases untimely risk
cat__Company_Earnest Inc.,-1.3955533785467922,1.3955533785467922,decreases untimely risk
"cat__Company_USCB, Inc.",-1.3911072827132251,1.3911072827132251,decreases untimely risk
"cat__Company_Professional Bureau of Collections of Maryland, Inc., GREENWOOD VILLAGE, CO Branch",1.3807766276026363,1.3807766276026363,increases untimely risk
cat__Company_Alorica Inc.,1.3628947057149692,1.3628947057149692,increases untimely risk
cat__Company_MOHELA,-1.3517389911453204,1.3517389911453204,decreases untimely risk
cat__Company_Top Flight Assistance (Top Flight Credit Assistance),1.3496762627918066,1.3496762627918066,increases untimely risk
cat__Company_U.S. Auto Credit Corporation,1.3484982463282364,1.3484982463282364,increases untimely risk
"cat__Company_Stern Recovery Services, Inc.",1.3483816355204727,1.3483816355204727,increases untimely risk
"cat__Company_Americor Funding, LLC",1.3365108758747148,1.3365108758747148,increases untimely risk
"cat__Company_American Credit Acceptance, LLC",1.336501882640074,1.336501882640074,increases untimely risk
cat__Sub-issue_Trouble using the card to pay a bill,-1.3318779854957121,1.3318779854957121,decreases untimely risk
cat__Company_HCFS Healthcare Financial Services of TeamHealth,1.3289138487821273,1.3289138487821273,increases untimely risk
cat__Company_DriveTime,1.3129013893126944,1.3129013893126944,increases untimely risk
"cat__Company_Ria Envia, LLC",1.3094942355446595,1.3094942355446595,increases untimely risk
"cat__Company_Frontline Asset Strategies, LLC",1.3094862978885469,1.3094862978885469,increases untimely risk
cat__Company_LOBEL FINANCIAL CORPORATION,-1.305018115757883,1.305018115757883,decreases untimely risk
"cat__Company_WAKEFIELD & ASSOCIATES, INC.",1.3030020191462033,1.3030020191462033,increases untimely risk
"cat__Company_COLLECTION SERVICES OF ATHENS, INC.",1.299372677757606,1.299372677757606,increases untimely risk
"cat__Company_Harris & Harris, Ltd.",-1.29697092727373,1.29697092727373,decreases untimely risk
"cat__Company_KILOWATT FINANCIAL, LLC, A SPRUCE FINANCE COMPANY",1.2905037784404154,1.2905037784404154,increases untimely risk
cat__Company_FULTON FINANCIAL CORPORATION,-1.2874583271480313,1.2874583271480313,decreases untimely risk
"cat__Company_Continental Services Group, Inc. d/b/a ConServe",-1.2864093286606937,1.2864093286606937,decreases untimely risk
"cat__Company_ARVEST BANK GROUP, INC.",-1.2842102087591811,1.2842102087591811,decreases untimely risk
cat__Company_RUSHMORE LOAN MANAGEMENT SERVICES LLC,-1.2656644777883297,1.2656644777883297,decreases untimely risk
cat__Company_Diverse Funding Associates LLC,-1.2637034930715547,1.2637034930715547,decreases untimely risk
"cat__Company_Cascade Capital, LLC",1.255463096702228,1.255463096702228,increases untimely risk
cat__Company_Prince Parker & Associates,1.2523356901131384,1.2523356901131384,increases untimely risk
"cat__Company_Io, Inc.",1.2483934060379687,1.2483934060379687,increases untimely risk
"cat__Company_Valor Intelligent Processing, LLC",1.247504222637911,1.247504222637911,increases untimely risk
cat__Company_Lending Club Corp,1.2421972365772762,1.2421972365772762,increases untimely risk
"cat__Company_FIRST INTERSTATE BANCSYSTEM, INC.",1.2389168169629297,1.2389168169629297,increases untimely risk
cat__Company_Google Compare Credit Cards Inc.,1.22858478825858,1.22858478825858,increases untimely risk
cat__Company_LendingUSA,1.2176755174478453,1.2176755174478453,increases untimely risk
"cat__Company_Cawley & Bergmann, LLP",1.2170453881387162,1.2170453881387162,increases untimely risk
"cat__Company_BSI Financial Holdings, Inc.",-1.212798765641897,1.212798765641897,decreases untimely risk
"cat__Company_CMRE Financial Services, Inc.",1.211891994503985,1.211891994503985,increases untimely risk
cat__Company_LEXISNEXIS,-1.211431086655114,1.211431086655114,decreases untimely risk
"cat__Company_Advance America, Cash Advance Centers, Inc.",1.2016099668381122,1.2016099668381122,increases untimely risk
"cat__Company_Lockhart, Morris & Montgomery Inc.",1.2003696910329271,1.2003696910329271,increases untimely risk
cat__Issue_Advertising,-1.1917825792989916,1.1917825792989916,decreases untimely risk
"cat__Company_Capio Partners, LLC",-1.1896149427962448,1.1896149427962448,decreases untimely risk
cat__Company_ZIONS BANCORPORATION,-1.1785855829328262,1.1785855829328262,decreases untimely risk
cat__Company_World Omni Financial Corp.,-1.1760599812778254,1.1760599812778254,decreases untimely risk
"cat__Company_Halsted Financial Services, LLC.",-1.1620553883503986,1.1620553883503986,decreases untimely risk
"cat__Company_State Collection Service, Inc.",-1.1611010237707666,1.1611010237707666,decreases untimely risk
cat__Company_Source Receivables Management LLC,-1.1592339679168482,1.1592339679168482,decreases untimely risk
cat__Company_DataMax Corporation,1.1524981204815203,1.1524981204815203,increases untimely risk
"cat__Company_Dynamic Recovery Solutions, LLC",-1.1467967742746377,1.1467967742746377,decreases untimely risk
"cat__Company_AXOS FINANCIAL, INC.",-1.1373576657227684,1.1373576657227684,decreases untimely risk
cat__Company_Vericred Solutions LLC,1.1373103540977323,1.1373103540977323,increases untimely risk
cat__Company_ADIR INTERNATIONAL LLC,1.136128158597756,1.136128158597756,increases untimely risk
"cat__Company_International Computer Systems, Inc.",1.122039290758032,1.122039290758032,increases untimely risk
"cat__Company_RFNA, LP",-1.1219706361186412,1.1219706361186412,decreases untimely risk
cat__Company_GLOBAL SOLUTION BIZ LLC.,1.117889459254499,1.117889459254499,increases untimely risk
cat__Sub-product_Payroll card,-1.1098420578540908,1.1098420578540908,decreases untimely risk
"cat__Company_Lennar Financial Services, LLC",-1.09690175540796,1.09690175540796,decreases untimely risk
cat__Sub-issue_Paying off the loan,1.0844561550511114,1.0844561550511114,increases untimely risk
"cat__Company_Merchants and Medical Credit Corporation, Inc.",-1.0837561138352947,1.0837561138352947,decreases untimely risk
"cat__Company_Medical Society Business Services, Inc.",1.077698885600212,1.077698885600212,increases untimely risk
"cat__Company_Dovenmuehle Mortgage, Inc.",1.0740477807138429,1.0740477807138429,increases untimely risk
"cat__Company_Bay Area Receivables, Inc",1.0693725817816218,1.0693725817816218,increases untimely risk
"cat__Company_AmeriHome Mortgage Company, LLC",-1.0511236500755825,1.0511236500755825,decreases untimely risk
"cat__Company_NRA Group, LLC",-1.0420458105180754,1.0420458105180754,decreases untimely risk
"cat__Company_Receivables Management Partners, LLC",1.0387312095627128,1.0387312095627128,increases untimely risk
"cat__Company_Jim Bottin Enterprises, Inc",1.0358993868055546,1.0358993868055546,increases untimely risk
cat__Company_Collection Bureau of America Ltd.,1.0358019908925433,1.0358019908925433,increases untimely risk
cat__Company_FIRST NATIONAL BANK OF OMAHA,-1.0308582902474415,1.0308582902474415,decreases untimely risk
"cat__Company_EOS Holdings, Inc.",-1.0306336222152193,1.0306336222152193,decreases untimely risk
cat__Company_Finance of America Holdings LLC,-1.0294800853331378,1.0294800853331378,decreases untimely risk
cat__Company_Four Directions Lending LLC,1.0263194074668893,1.0263194074668893,increases untimely risk
cat__Company_MORGAN STANLEY & CO. LLC,1.0217076931365838,1.0217076931365838,increases untimely risk
cat__Company_Lake City Credit,1.0211708710666798,1.0211708710666798,increases untimely risk
cat__Company_Global Lending Services LLC,-1.0206616796573345,1.0206616796573345,decreases untimely risk
cat__Company_MOUNTAIN AMERICA FEDERAL CREDIT UNION,-1.0175248715950498,1.0175248715950498,decreases untimely risk
"cat__Company_Stenger & Stenger, P.C",-1.017234041985369,1.017234041985369,decreases untimely risk
cat__Company_Home Point Financial Corporation,-1.0121401096570604,1.0121401096570604,decreases untimely risk
"cat__Company_Skrill USA, Inc.",1.0102648457979415,1.0102648457979415,increases untimely risk
"cat__Company_Paxful Holdings, Inc.",1.0092717942800573,1.0092717942800573,increases untimely risk
"cat__Company_Credit Systems International, Inc.",1.0052441986541802,1.0052441986541802,increases untimely risk
"cat__Company_United Shore Financial Services, LLC",-1.0039511916291382,1.0039511916291382,decreases untimely risk
cat__Company_BlueChip Financial,-0.9999499429604174,0.9999499429604174,decreases untimely risk
"cat__Company_LDF Holdings, LLC",-0.9978693642374662,0.9978693642374662,decreases untimely risk
"cat__Company_BROKER SOLUTIONS, INC.",0.9961812147107204,0.9961812147107204,increases untimely risk
"cat__Company_Recovery Solutions Group, LLC",0.994849327514002,0.994849327514002,increases untimely risk
cat__Sub-issue_High-pressure sales tactics,0.99236323937585,0.99236323937585,increases untimely risk
cat__Company_Central Portfolio Control Inc.,-0.9854541496098782,0.9854541496098782,decreases untimely risk
cat__Company_Selene Holdings LLC,-0.984986356752053,0.984986356752053,decreases untimely risk
cat__Company_SUNCOAST CREDIT UNION,-0.9799135016932754,0.9799135016932754,decreases untimely risk
cat__Company_Professional Recovery Management,0.97968085745595,0.97968085745595,increases untimely risk
"cat__Company_United Collection Bureau, Inc.",-0.9759918564492205,0.9759918564492205,decreases untimely risk
cat__Company_MONEYGRAM PAYMENT SYSTEMS WORLDWIDE INC,-0.9669817447557635,0.9669817447557635,decreases untimely risk
"cat__Company_CARDINAL FINANCIAL COMPANY, LIMITED PARTNERSHIP",-0.9480542804237525,0.9480542804237525,decreases untimely risk
"cat__Company_Avadyne Health Holdings, Inc",0.9268275576468473,0.9268275576468473,increases untimely risk
"cat__Company_CCS Financial Services, Inc.",0.9261712521658582,0.9261712521658582,increases untimely risk
"cat__Company_Nationwide Recovery Systems, Ltd",-0.9238562419885448,0.9238562419885448,decreases untimely risk
"cat__Company_American Accounts & Advisers, Inc.",-0.9133178746680394,0.9133178746680394,decreases untimely risk
"cat__Company_Collection Bureau of the Hudson Valley, Inc.",-0.909197302401614,0.909197302401614,decreases untimely risk
"cat__Company_Firstsource Business Process Services, LLC",-0.8983803682892696,0.8983803682892696,decreases untimely risk
"cat__Company_Risecredit, LLC",-0.8925264465810757,0.8925264465810757,decreases untimely risk
"cat__Company_William D. Meeker Enterprises, Inc.",0.8902144471646761,0.8902144471646761,increases untimely risk
cat__Company_Velocity Portfolio Group,-0.8889625343164768,0.8889625343164768,decreases untimely risk
cat__Company_AUTOMOTIVE CREDIT CORPORATION,0.8874524442808998,0.8874524442808998,increases untimely risk
cat__Sub-product_Credit repair services,0.8772395877466226,0.8772395877466226,increases untimely risk
"cat__Company_Adler Wallach & Associates, Inc.",0.8727056203500944,0.8727056203500944,increases untimely risk
cat__Company_V and H Portfolio,-0.8715708581470756,0.8715708581470756,decreases untimely risk
cat__Company_ADP Inc.,0.8652900781560086,0.8652900781560086,increases untimely risk
cat__Issue_Loan payment wasn't credited to your account,0.8638185733776014,0.8638185733776014,increases untimely risk
cat__Issue_Wrong amount charged or received,0.8607320715573861,0.8607320715573861,increases untimely risk
cat__Company_Absolute Resolutions Corp.,0.8515948098814151,0.8515948098814151,increases untimely risk
"cat__Company_Duncan Solutions, lnc.",-0.8508256382240454,0.8508256382240454,decreases untimely risk
cat__Company_The Law Offices of Mitchell D. Bluhm & Associates,-0.8500891186736578,0.8500891186736578,decreases untimely risk
"cat__Company_Credit Technologies, Inc.",-0.8422897329993165,0.8422897329993165,decreases untimely risk
cat__Company_Millco Management,-0.8411150536140038,0.8411150536140038,decreases untimely risk
"cat__Company_Paramount GR Holdings, LLC",0.8377490905501453,0.8377490905501453,increases untimely risk
"cat__Company_EVERBANK, NATIONAL ASSOCIATION",-0.8347964466278133,0.8347964466278133,decreases untimely risk
"cat__Company_BANK OF AMERICA, NATIONAL ASSOCIATION",0.8295970261542733,0.8295970261542733,increases untimely risk
cat__Company_Self Financial Inc.,0.8265863840985378,0.8265863840985378,increases untimely risk
cat__Company_MoneyLion Inc.,0.8223049424455051,0.8223049424455051,increases untimely risk
"cat__Company_Tesla, Inc.",-0.8163057995018252,0.8163057995018252,decreases untimely risk
"cat__Company_Shellpoint Partners, LLC",-0.8133418217864957,0.8133418217864957,decreases untimely risk
cat__Company_World Acceptance Corporation,-0.811258315091621,0.811258315091621,decreases untimely risk
cat__Sub-issue_Frequent or repeated messages,0.8107452975927364,0.8107452975927364,increases untimely risk
cat__Company_Regional Management Corporation,-0.8098930898472557,0.8098930898472557,decreases untimely risk
cat__Company_FREEDOM FINANCIAL NETWORK,0.8044214028916739,0.8044214028916739,increases untimely risk
"cat__Company_Upstart Holdings, Inc.",0.8040569702803413,0.8040569702803413,increases untimely risk
"cat__Company_Volvo Car Financial Services U.S., LLC",-0.802825656225725,0.802825656225725,decreases untimely risk
"cat__Company_Harvard Collections, LLC",-0.8001367568107215,0.8001367568107215,decreases untimely risk
cat__Company_C/C Financial,-0.7943786357380983,0.7943786357380983,decreases untimely risk
cat__Company_Sequoia Financial Services,-0.7915990623585214,0.7915990623585214,decreases untimely risk
"cat__Company_Community Loan Servicing, LLC (formerly known as Bayview Loan Servicing, LLC)",-0.7888178117886291,0.7888178117886291,decreases untimely risk
"cat__Company_FactorTrust, Inc.",-0.7874790462926587,0.7874790462926587,decreases untimely risk
"cat__Company_Security Credit Services, LLC",-0.7825918233426522,0.7825918233426522,decreases untimely risk
cat__Company_R & B Corporation of Virginia,0.7819664024700849,0.7819664024700849,increases untimely risk
cat__Company_Midwest Recovery Systems,-0.7662910683310832,0.7662910683310832,decreases untimely risk
cat__Company_AMERISAVE MORTGAGE CORPORATION,-0.7654324381088233,0.7654324381088233,decreases untimely risk
cat__Issue_Trouble using the card,-0.760908660974025,0.760908660974025,decreases untimely risk
cat__Company_SECURITY FINANCE CORP,0.7574920189320526,0.7574920189320526,increases untimely risk
cat__Sub-issue_Problem with direct deposit,-0.7553914521416776,0.7553914521416776,decreases untimely risk
"cat__Company_PlusFour, Inc",0.7506514175913265,0.7506514175913265,increases untimely risk
"cat__Company_Professional Debt Mediation, Inc.",-0.7451587907995649,0.7451587907995649,decreases untimely risk
"cat__Company_Amsher Collection Services, Inc.",0.7423463260474449,0.7423463260474449,increases untimely risk
cat__Sub-issue_Overdrafts and overdraft fees,-0.7415207474794366,0.7415207474794366,decreases untimely risk
"cat__Company_Foris DAX, Inc.",-0.7334455058804865,0.7334455058804865,decreases untimely risk
"cat__Company_MONEY SOURCE, INC., THE",-0.7280454486261609,0.7280454486261609,decreases untimely risk
cat__Company_Guild Holdings Company,0.7219422309934346,0.7219422309934346,increases untimely risk
cat__Company_Westcreek Financial,-0.7067851855569631,0.7067851855569631,decreases untimely risk
"cat__Sub-issue_Excess mileage, damage, or wear fees, or other problem after the lease is finished",0.7035727300792969,0.7035727300792969,increases untimely risk
"cat__Company_Ability Recovery Services, LLC",-0.7033455048755378,0.7033455048755378,decreases untimely risk
cat__Sub-issue_Don't want a card provided by your employer or the government,-0.7027473263338732,0.7027473263338732,decreases untimely risk
"cat__Company_LoanCare, LLC",-0.6979241729565451,0.6979241729565451,decreases untimely risk
cat__Issue_Didn't provide services promised,0.6890872938635375,0.6890872938635375,increases untimely risk
cat__Company_United PanAm Financial Corp.,-0.6866051925737316,0.6866051925737316,decreases untimely risk
cat__State_infrequent_sklearn,-0.6849609152781932,0.6849609152781932,decreases untimely risk
cat__Issue_Problem getting a card or closing an account,-0.6839989557837812,0.6839989557837812,decreases untimely risk
"cat__Company_Kimball, Tirey & St. John LLP",0.682437141427604,0.682437141427604,increases untimely risk
cat__Sub-product_Telecommunications debt,-0.6800997476635282,0.6800997476635282,decreases untimely risk
cat__State_PR,0.6773751121120345,0.6773751121120345,increases untimely risk
"cat__Company_Open Dealer Exchange, LLC",-0.6671408944529208,0.6671408944529208,decreases untimely risk
cat__Company_AMERICAN ADVISORS GROUP,0.6634093296681024,0.6634093296681024,increases untimely risk
cat__Company_Blackhawk Network Holdings Inc.,0.6609415770241996,0.6609415770241996,increases untimely risk
cat__Company_Village Capital & Investment LLC,0.6561544118633202,0.6561544118633202,increases untimely risk
"cat__Company_Simon's Agency, Inc.",0.6526221267138199,0.6526221267138199,increases untimely risk
cat__Company_infrequent_sklearn,0.6513064863575065,0.6513064863575065,increases untimely risk
"cat__Company_National Consumer Telecom & Utilities Exchange, Inc.",-0.6495583758313994,0.6495583758313994,decreases untimely risk
cat__Company_COMMERCE BANK,-0.6447139635995568,0.6447139635995568,decreases untimely risk
cat__Issue_Money was taken from your bank account on the wrong day or for the wrong amount,0.6360387803077415,0.6360387803077415,increases untimely risk
cat__Product_Prepaid card,0.6324424341230088,0.6324424341230088,increases untimely risk
cat__Sub-issue_Problem with cash advances,-0.6311486691723869,0.6311486691723869,decreases untimely risk
cat__Sub-product_Debt settlement,0.6291539417162096,0.6291539417162096,increases untimely risk
"cat__Company_Receivables Performance Management, LLC",0.6243939658659203,0.6243939658659203,increases untimely risk
cat__State_WY,0.620172260148043,0.620172260148043,increases untimely risk
cat__Company_AMERIS BANCORP,0.61510736423747,0.61510736423747,increases untimely risk
cat__Company_GUARANTEED RATE INC.,-0.6126384306914378,0.6126384306914378,decreases untimely risk
"cat__Sub-issue_Applying for or obtaining a modification, forbearance plan, short sale, or deed-in-lieu",0.6107787738117563,0.6107787738117563,increases untimely risk
"cat__Company_Duvera Billing Services, LLC",0.6102854635795009,0.6102854635795009,increases untimely risk
cat__State_AP,-0.6102458203794879,0.6102458203794879,decreases untimely risk
"cat__Company_National Credit Adjusters, LLC",-0.5892135068764507,0.5892135068764507,decreases untimely risk
cat__Sub-issue_Problem using the card to withdraw money from an ATM,-0.588224853106172,0.588224853106172,decreases untimely risk
"cat__Company_Capital Link Management, LLC",0.5831922895142488,0.5831922895142488,increases untimely risk
cat__Company_HEARTLAND PAYMENT SYSTEMS INC,0.5797038160562289,0.5797038160562289,increases untimely risk
"cat__Company_ProCollect, Inc.",-0.5775303473664842,0.5775303473664842,decreases untimely risk
cat__Company_Specialized Loan Servicing Holdings LLC,-0.573033138086265,0.573033138086265,decreases untimely risk
"cat__Company_ID Analytics, Inc.",-0.570723843177047,0.570723843177047,decreases untimely risk
cat__Company_UMB FINANCIAL CORPORATION,-0.5601600300020254,0.5601600300020254,decreases untimely risk
cat__Company_PARAMOUNT RESIDENTIAL MORTGAGE GROUP,0.5547527945869721,0.5547527945869721,increases untimely risk
cat__Company_SUN LOAN COMPANY INC.,-0.5523755920003577,0.5523755920003577,decreases untimely risk
"cat__Sub-issue_Trying to communicate with the company to fix an issue related to modification, forbearance, short sale, deed-in-lieu, bankruptcy, or foreclosure",0.5440235882025574,0.5440235882025574,increases untimely risk
"cat__Company_GOLDEN 1 CREDIT UNION, THE",0.5438298381688539,0.5438298381688539,increases untimely risk
cat__Company_TCF NATIONAL BANK,0.5427212597816864,0.5427212597816864,increases untimely risk
cat__Sub-issue_Problem with paying off the loan,-0.5423574339930736,0.5423574339930736,decreases untimely risk
cat__Company_American Financial Network Inc.,0.5405891518334834,0.5405891518334834,increases untimely risk
"cat__Company_RS Clark and Associates, Inc.",0.5373672573448239,0.5373672573448239,increases untimely risk
cat__Sub-issue_Credit card company forcing arbitration,-0.53601216891215,0.53601216891215,decreases untimely risk
"cat__Company_Remitly, Inc.",0.5348946376345167,0.5348946376345167,increases untimely risk
"cat__Sub-issue_Escrow, taxes, or insurance",0.5312686201406068,0.5312686201406068,increases untimely risk
cat__Issue_Problem with a purchase or transfer,-0.5312255360536966,0.5312255360536966,decreases untimely risk
cat__Sub-issue_Confusing or misleading advertising or marketing,0.5302604262335141,0.5302604262335141,increases untimely risk
"cat__Company_STATE FARM BANK, FSB",-0.5252077296825051,0.5252077296825051,decreases untimely risk
cat__Company_BANK OF THE WEST,-0.5220708709875036,0.5220708709875036,decreases untimely risk
"cat__Company_Cedars Business Services, LLC",0.5181416574404842,0.5181416574404842,increases untimely risk
cat__Company_Bridgecrest Acceptance Corporation,0.5177704189504279,0.5177704189504279,increases untimely risk
cat__Company_Crow Creek Sioux Tribe,0.5174384955043532,0.5174384955043532,increases untimely risk
cat__Sub-product_Reverse mortgage,0.5136233857784311,0.5136233857784311,increases untimely risk
"cat__Company_Elevate Recoveries, LLC",0.5128158470301198,0.5128158470301198,increases untimely risk
cat__Company_WSFS FINANCIAL CORPORATION,-0.5086504450569986,0.5086504450569986,decreases untimely risk
cat__Company_STATE EMPLOYEES CREDIT UNION,-0.5084304808658655,0.5084304808658655,decreases untimely risk
"cat__Company_SCA Collections, Inc.",0.5079815637485862,0.5079815637485862,increases untimely risk
cat__Issue_Closing on a mortgage,0.5051437212968088,0.5051437212968088,increases untimely risk
"cat__Company_Avant Holding Company, Inc.",-0.5038466839850636,0.5038466839850636,decreases untimely risk
"cat__Company_Colony Brands, Inc.",0.5027222770736305,0.5027222770736305,increases untimely risk
cat__Sub-issue_Can't temporarily delay making payments,0.48688377500971664,0.48688377500971664,increases untimely risk
cat__Company_PRESTIGE FINANCIAL SERVICES INC,-0.48612182600786724,0.48612182600786724,decreases untimely risk
cat__Sub-issue_Problem lowering your monthly payments,-0.4859967709262961,0.4859967709262961,decreases untimely risk
cat__Company_PRIMARY RESIDENTIAL MORTGAGE,0.48573131423821175,0.48573131423821175,increases untimely risk
"cat__Sub-issue_Problem with forgiveness, cancellation, or discharge",0.48510804438226746,0.48510804438226746,increases untimely risk
cat__Sub-product_Check cashing service,-0.48306781871504645,0.48306781871504645,decreases untimely risk
cat__Company_Netspend Corporation,-0.4827649914615767,0.4827649914615767,decreases untimely risk
cat__Sub-issue_Indicated you were committing crime by not paying debt,-0.48237340329592476,0.48237340329592476,decreases untimely risk
"cat__Company_Credit Karma, LLC",0.4791428748249946,0.4791428748249946,increases untimely risk
cat__Issue_Can't contact lender or servicer,0.46830407578427313,0.46830407578427313,increases untimely risk
"cat__Company_R.M. Galicia, Inc.",0.4646180645318429,0.4646180645318429,increases untimely risk
cat__Sub-issue_Foreclosure,0.4617987604057883,0.4617987604057883,increases untimely risk
cat__Issue_Trouble accessing funds in your mobile or digital wallet,0.4566469356821792,0.4566469356821792,increases untimely risk
cat__Sub-issue_Trouble getting information about the card,0.45650453191190415,0.45650453191190415,increases untimely risk
cat__Sub-issue_Bounced checks or returned payments,0.456168270958168,0.456168270958168,increases untimely risk
cat__Company_FIRST HORIZON BANK,-0.45330502147178164,0.45330502147178164,decreases untimely risk
"cat__Company_Revco Management, LLC",0.4523305836188568,0.4523305836188568,increases untimely risk
cat__Sub-issue_Received unsolicited financial product or insurance offers after opting out,-0.4520814479120525,0.4520814479120525,decreases untimely risk
"cat__Product_Payday loan, title loan, personal loan, or advance loan",0.4513367251547862,0.4513367251547862,increases untimely risk
cat__Company_TrueAccord Corp.,-0.4499052415283199,0.4499052415283199,decreases untimely risk
"cat__Company_The Stark Collection Agency, Inc.",0.44255550781732333,0.44255550781732333,increases untimely risk
cat__Sub-product_Foreign currency exchange,-0.4363663765538524,0.4363663765538524,decreases untimely risk
cat__Issue_Struggling to pay your loan,-0.4360599481596898,0.4360599481596898,decreases untimely risk
cat__Sub-product_Traveler's check or cashier's check,-0.4331140713172441,0.4331140713172441,decreases untimely risk
cat__Sub-issue_Credit card company won't increase or decrease your credit limit,-0.4326911958315667,0.4326911958315667,decreases untimely risk
cat__Company_MicroBilt / PRBC (formerly CL Verify),0.43121838382972744,0.43121838382972744,increases untimely risk
"cat__Company_Happy Money, Inc.",0.4309787040188711,0.4309787040188711,increases untimely risk
cat__Company_SN SERVICING CORPORATION,0.4307716090218078,0.4307716090218078,increases untimely risk
"cat__Company_CMG Financial Services, Inc.",0.4297992311106523,0.4297992311106523,increases untimely risk
cat__Sub-issue_You never received your bill or did not know a payment was due,-0.42951837002408316,0.42951837002408316,decreases untimely risk
cat__Issue_Applying for a mortgage or refinancing an existing mortgage,0.42892507080731,0.42892507080731,increases untimely risk
"cat__Company_Crown Asset Management, LLC, Duluth, GA Branch",-0.4250991581603541,0.4250991581603541,decreases untimely risk
cat__Sub-issue_Unable to receive car title or other problem after the loan is paid off,-0.42450581490183786,0.42450581490183786,decreases untimely risk
cat__Sub-issue_Told you not to respond to a lawsuit they filed against you,0.4237764738762251,0.4237764738762251,increases untimely risk
cat__Sub-issue_Cashing a check,-0.42366281657787125,0.42366281657787125,decreases untimely risk
cat__Company_The Phoenix Recovery Group,0.42001177316123817,0.42001177316123817,increases untimely risk
cat__Sub-product_Mobile or digital wallet,-0.41752734392360763,0.41752734392360763,decreases untimely risk
cat__Product_Mortgage,-0.4147308271447955,0.4147308271447955,decreases untimely risk
cat__Issue_Repossession,-0.4135616829526114,0.4135616829526114,decreases untimely risk
cat__Sub-product_Private student loan debt,-0.4098670968840188,0.4098670968840188,decreases untimely risk
cat__Company_Solar Mosaic LLC,0.4098226304423827,0.4098226304423827,increases untimely risk
cat__Company_Patenaude & Felix A Professional Corporation,0.40899645808374097,0.40899645808374097,increases untimely risk
cat__Company_FIRST PORTFOLIO SERVICING INC,0.4050332803983815,0.4050332803983815,increases untimely risk
cat__State_IA,0.3997466114919691,0.3997466114919691,increases untimely risk
"cat__Sub-issue_You told them to stop contacting you, but they keep trying",-0.399544269775513,0.399544269775513,decreases untimely risk
"cat__Company_Sequium Asset Solutions, LLC",-0.39600652997225616,0.39600652997225616,decreases untimely risk
cat__Sub-issue_Fees charged for closing account,-0.3920554876759041,0.3920554876759041,decreases untimely risk
cat__Sub-issue_Seized or attempted to seize your property,0.3901609241947644,0.3901609241947644,increases untimely risk
"cat__Company_Caliber Home Loans, Inc.",-0.38633909602345873,0.38633909602345873,decreases untimely risk
cat__Issue_Lost or stolen check,0.38611991984191235,0.38611991984191235,increases untimely risk
cat__Sub-product_Payday loan debt,0.38564343015073277,0.38564343015073277,increases untimely risk
cat__Sub-issue_Fees charged,-0.3831728572497871,0.3831728572497871,decreases untimely risk
cat__Company_OPORTUN FINANCIAL CORPORATION,-0.38136895521646297,0.38136895521646297,decreases untimely risk
"cat__Company_Grain Technology, Inc.",0.3810171627109241,0.3810171627109241,increases untimely risk
cat__Company_First Advantage LNS Inc.,0.3789760195779254,0.3789760195779254,increases untimely risk
cat__Company_Winklevoss Exchange LLC,0.3769517785400761,0.3769517785400761,increases untimely risk
cat__Sub-issue_Was not notified of investigation status or results,0.373516940162225,0.373516940162225,increases untimely risk
cat__Sub-product_Pawn loan,0.3642851700179527,0.3642851700179527,increases untimely risk
cat__Company_VYSTAR CREDIT UNION,-0.35950270473293294,0.35950270473293294,decreases untimely risk
cat__Company_CONTRACT CALLERS INC,-0.358273170444082,0.358273170444082,decreases untimely risk
cat__Sub-product_Home equity loan or line of credit (HELOC),-0.35758299349755296,0.35758299349755296,decreases untimely risk
cat__Sub-issue_Called before 8am or after 9pm,-0.35588302317457476,0.35588302317457476,decreases untimely risk
cat__Sub-issue_Credit denial,0.35143786817305306,0.35143786817305306,increases untimely risk
cat__Issue_Problem with a company's investigation into an existing problem,-0.3489354498910712,0.3489354498910712,decreases untimely risk
cat__Sub-product_Money order,0.3485480123910101,0.3485480123910101,increases untimely risk
cat__Issue_Getting a loan or lease,-0.3484684410169902,0.3484684410169902,decreases untimely risk
"cat__Company_Rowland Avenue Management, Inc. A/KA Columbia Debt Recovery, LLC d/b/a Genesis",-0.3484304319493327,0.3484304319493327,decreases untimely risk
cat__Sub-issue_Problem with your payment plan,0.3442038912979835,0.3442038912979835,increases untimely risk
cat__Company_Payward Ventures Inc. dba Kraken,-0.34289141910533216,0.34289141910533216,decreases untimely risk
cat__Company_LendingPoint Holdings LLC,0.3374309891349306,0.3374309891349306,increases untimely risk
cat__Sub-issue_Trouble with how payments are being handled,0.3371596613156619,0.3371596613156619,increases untimely risk
cat__Sub-issue_Overcharged for something you did purchase with the card,0.3313281752082214,0.3313281752082214,increases untimely risk
cat__Sub-issue_Notification didn't disclose it was an attempt to collect a debt,0.3299815400852323,0.3299815400852323,increases untimely risk
cat__Company_FinCo Services Inc DBA Current,0.3293481832618642,0.3293481832618642,increases untimely risk
cat__Sub-product_Federal student loan debt,0.3291590341952425,0.3291590341952425,increases untimely risk
"cat__Company_Nationwide Credit & Collection, Inc.",0.3290079329093073,0.3290079329093073,increases untimely risk
cat__Sub-issue_Personal information incorrect,0.32540284992134194,0.32540284992134194,increases untimely risk
cat__State_MS,-0.32219455207336245,0.32219455207336245,decreases untimely risk
cat__Issue_Opening an account,-0.32203334127592015,0.32203334127592015,decreases untimely risk
cat__Sub-issue_Account opened without my consent or knowledge,-0.3216711713277705,0.3216711713277705,decreases untimely risk
cat__Sub-issue_Credit card company won't work with you while you're going through financial hardship,-0.3210748265412456,0.3210748265412456,decreases untimely risk
cat__Company_AMERICAN HONDA FINANCE CORP,-0.32020277747351533,0.32020277747351533,decreases untimely risk
cat__Sub-issue_Billing problem,-0.3195712387464998,0.3195712387464998,decreases untimely risk
cat__Issue_Charged fees or interest you didn't expect,-0.3148279860533449,0.3148279860533449,decreases untimely risk
cat__Company_AMERICA FIRST FEDERAL CREDIT UNION,-0.3141174880957525,0.3141174880957525,decreases untimely risk
cat__Sub-issue_Termination fees or other problem when ending the lease early,0.3134281314535686,0.3134281314535686,increases untimely risk
cat__Sub-product_Virtual currency,-0.31081159064188885,0.31081159064188885,decreases untimely risk
cat__Sub-issue_Contacted your employer,-0.3087957704539833,0.3087957704539833,decreases untimely risk
cat__Sub-issue_Application denials,0.30620190815554854,0.30620190815554854,increases untimely risk
"cat__Company_CHARLES SCHWAB CORPORATION, THE",-0.3051014863618554,0.3051014863618554,decreases untimely risk
cat__Issue_Confusing or misleading advertising or marketing,0.3041906763828471,0.3041906763828471,increases untimely risk
cat__Company_ONEMAIN FINANCE CORPORATION,-0.30158646499920844,0.30158646499920844,decreases untimely risk
cat__Product_Debt or credit management,-0.3012782799929971,0.3012782799929971,decreases untimely risk
cat__Sub-issue_Charged for a purchase or transfer you did not make with the card,-0.30001799721910294,0.30001799721910294,decreases untimely risk
"cat__Company_FlexShopper, Inc",0.29998391665851915,0.29998391665851915,increases untimely risk
cat__Sub-issue_Sued you without properly notifying you of lawsuit,-0.2990743551159314,0.2990743551159314,decreases untimely risk
cat__Company_FIRST ADVANTAGE CORPORATION,0.2988420894774213,0.2988420894774213,increases untimely risk
cat__Sub-product_Government benefit card,0.29809777636483176,0.29809777636483176,increases untimely risk
cat__Issue_Confusing or missing disclosures,0.2955600051568766,0.2955600051568766,increases untimely risk
cat__Sub-issue_Deposits or withdrawals,0.29470744960896855,0.29470744960896855,increases untimely risk
cat__Sub-issue_Fraudulent loan,-0.29222925860325955,0.29222925860325955,decreases untimely risk
cat__Sub-product_International money transfer,-0.28550223434941424,0.28550223434941424,decreases untimely risk
cat__Sub-issue_Problem after you declared or threatened to declare bankruptcy,0.2841023474515214,0.2841023474515214,increases untimely risk
cat__State_AR,-0.2835349081633601,0.2835349081633601,decreases untimely risk
cat__Sub-product_infrequent_sklearn,-0.28320631313361894,0.28320631313361894,decreases untimely risk
cat__Sub-issue_Account opened as a result of fraud,0.2826306614472635,0.2826306614472635,increases untimely risk
cat__Sub-issue_Privacy issues,0.2822431075877978,0.2822431075877978,increases untimely risk
"cat__Company_Aargon Agency, Inc.",0.27841787285973096,0.27841787285973096,increases untimely risk
cat__Issue_Improper use of your report,-0.27831118650233067,0.27831118650233067,decreases untimely risk
cat__Sub-issue_Late or other fees,0.2772515824872958,0.2772515824872958,increases untimely risk
cat__Sub-issue_Problem with balance transfer,-0.2758207484825368,0.2758207484825368,decreases untimely risk
cat__Sub-issue_Received unwanted marketing or advertising,0.2757785494106207,0.2757785494106207,increases untimely risk
cat__Sub-issue_Lender trying to repossess or disable the vehicle,0.27314976977138994,0.27314976977138994,increases untimely risk
cat__Sub-issue_Need information about your loan balance or loan terms,-0.2720213197982671,0.2720213197982671,decreases untimely risk
cat__Company_CrossCountry Mortgage LLC,-0.2712162827952194,0.2712162827952194,decreases untimely risk
cat__Sub-issue_Confusing or missing disclosures,-0.2703606348002958,0.2703606348002958,decreases untimely risk
cat__Sub-issue_Changes in terms mid-deal or after closing,0.2688382584202232,0.2688382584202232,increases untimely risk
cat__Company_BOEING EMPLOYEES' CREDIT UNION,0.2677656056234117,0.2677656056234117,increases untimely risk
cat__Issue_Managing an account,-0.26696672300644897,0.26696672300644897,decreases untimely risk
cat__Issue_Fees or interest,-0.26499845052645743,0.26499845052645743,decreases untimely risk
cat__Sub-product_Gift card,0.2639298334190018,0.2639298334190018,increases untimely risk
cat__Sub-product_Personal line of credit,0.2638764995457709,0.2638764995457709,increases untimely risk
cat__Sub-issue_Don't agree with the fees charged,0.2631760306507004,0.2631760306507004,increases untimely risk
cat__Sub-issue_Can't get other flexible options for repaying your loan,0.26307336105662266,0.26307336105662266,increases untimely risk
cat__Sub-issue_Payment process,-0.26091448963365593,0.26091448963365593,decreases untimely risk
cat__Sub-issue_Card opened as result of identity theft or fraud,-0.2605423082134556,0.2605423082134556,decreases untimely risk
cat__Company_Unifin Inc.,-0.2586578366595017,0.2586578366595017,decreases untimely risk
cat__Issue_Closing your account,-0.25839227402860226,0.25839227402860226,decreases untimely risk
cat__State_VT,0.25831094199536475,0.25831094199536475,increases untimely risk
"cat__Product_Payday loan, title loan, or personal loan",0.25771400710014575,0.25771400710014575,increases untimely risk
cat__Company_FIRST NATIONAL BANK OF PENNSYLVANIA,0.2572750932593778,0.2572750932593778,increases untimely risk
"cat__Issue_Managing, opening, or closing your mobile wallet account",-0.2529683819689169,0.2529683819689169,decreases untimely risk
cat__Issue_Getting a loan,0.2512391528444536,0.2512391528444536,increases untimely risk
cat__Sub-issue_MISSING,-0.24920403421009352,0.24920403421009352,decreases untimely risk
cat__State_MN,-0.24833018729755796,0.24833018729755796,decreases untimely risk
cat__Submitted via_Referral,-0.24512645162011856,0.24512645162011856,decreases untimely risk
cat__Sub-issue_Didn't receive enough information to verify debt,-0.24276873733180068,0.24276873733180068,decreases untimely risk
cat__Issue_Identity theft protection or other monitoring services,0.24149559093652107,0.24149559093652107,increases untimely risk
cat__Sub-issue_Report provided to employer without your written authorization,0.238792574952321,0.238792574952321,increases untimely risk
cat__State_MO,-0.23737316656179822,0.23737316656179822,decreases untimely risk
cat__Sub-issue_Information is incorrect,-0.2370910876469843,0.2370910876469843,decreases untimely risk
cat__Sub-issue_Fee problem,-0.2355375585098573,0.2355375585098573,decreases untimely risk
cat__Issue_Received a loan you didn't apply for,-0.23523623385459397,0.23523623385459397,decreases untimely risk
cat__Issue_Managing the loan or lease,0.23523376899526113,0.23523376899526113,increases untimely risk
"cat__Company_Marlette Funding, LLC",0.23522247856790182,0.23522247856790182,increases untimely risk
cat__Sub-issue_Didn't receive notice of right to dispute,-0.2335406498473277,0.2335406498473277,decreases untimely risk
cat__Sub-issue_Charged too much interest,-0.23236712215339897,0.23236712215339897,decreases untimely risk
cat__Sub-issue_Didn't receive advertised or promotional terms,-0.23173921674382902,0.23173921674382902,decreases untimely risk
cat__Sub-product_General-purpose prepaid card,0.23023992314840855,0.23023992314840855,increases untimely risk
cat__Sub-issue_Problem when attempting to purchase vehicle at the end of the lease,0.2284993156925531,0.2284993156925531,increases untimely risk
cat__Company_Innovis,0.227771927411888,0.227771927411888,increases untimely risk
cat__Sub-issue_Frequent or repeated calls,-0.22621054806971155,0.22621054806971155,decreases untimely risk
"cat__Product_Money transfer, virtual currency, or money service",0.22600387282350892,0.22600387282350892,increases untimely risk
cat__Issue_Unexpected or other fees,-0.22572850304636574,0.22572850304636574,decreases untimely risk
cat__Issue_Getting a credit card,-0.22572345841211797,0.22572345841211797,decreases untimely risk
cat__Issue_Problem with customer service,-0.22445976307970228,0.22445976307970228,decreases untimely risk
cat__Sub-product_Other personal consumer report,0.22307729812103883,0.22307729812103883,increases untimely risk
cat__State_AK,-0.22276257991942586,0.22276257991942586,decreases untimely risk
cat__Sub-product_General-purpose credit card or charge card,-0.22044339450308287,0.22044339450308287,decreases untimely risk
cat__Sub-issue_Talked to a third-party about your debt,0.21854962528920743,0.21854962528920743,increases untimely risk
"cat__Issue_Was approved for a loan, but didn't receive the money",0.21727819562106082,0.21727819562106082,increases untimely risk
cat__State_NE,0.21682112255250563,0.21682112255250563,increases untimely risk
cat__Company_VALLEY NATIONAL BANCORP,0.21316883120766858,0.21316883120766858,increases untimely risk
"cat__Sub-issue_Impersonated attorney, law enforcement, or government official",0.21224696623234754,0.21224696623234754,increases untimely risk
cat__Sub-issue_Problem accessing account,0.21072898521679645,0.21072898521679645,increases untimely risk
"cat__Company_Fay Servicing, LLC",0.2097070666191296,0.2097070666191296,increases untimely risk
"cat__Company_Meridian Financial Services, Inc.",0.2088156218936785,0.2088156218936785,increases untimely risk
cat__Sub-issue_Problem with personal statement of dispute,-0.2086575992426265,0.2086575992426265,decreases untimely risk
cat__Company_RoundPoint Mortgage Servicing LLC,0.2045416528136374,0.2045416528136374,increases untimely risk
cat__Issue_Trouble during payment process,0.20348467695780584,0.20348467695780584,increases untimely risk
cat__Sub-issue_Add-on products and services,0.2033749833257208,0.2033749833257208,increases untimely risk
cat__Sub-issue_Problem using a debit or ATM card,0.2033497306403846,0.2033497306403846,increases untimely risk
cat__State_CO,0.20326320825914646,0.20326320825914646,increases untimely risk
"cat__Company_Southwest Recovery Services, Inc.",-0.1993591435871175,0.1993591435871175,decreases untimely risk
cat__State_NH,-0.19878361697387392,0.19878361697387392,decreases untimely risk
cat__Sub-product_Title loan,0.19792967490107677,0.19792967490107677,increases untimely risk
cat__Sub-issue_Delay in processing application,0.19619473079820152,0.19619473079820152,increases untimely risk
"cat__Company_FAIR COLLECTIONS & OUTSOURCING, INC.",-0.19372664205300316,0.19372664205300316,decreases untimely risk
"cat__Company_BMW Financial Services NA, LLC",0.19261017393123667,0.19261017393123667,increases untimely risk
cat__State_KS,0.19252896233953132,0.19252896233953132,increases untimely risk
cat__Issue_Closing an account,-0.19145333417287763,0.19145333417287763,decreases untimely risk
cat__Issue_Problem with a company's investigation into an existing issue,0.1909554397858479,0.1909554397858479,increases untimely risk
cat__Company_XOOM CORPORATION,0.19090522183454578,0.19090522183454578,increases untimely risk
cat__Company_CARD Corporation,0.18823765361976938,0.18823765361976938,increases untimely risk
"cat__Company_Sentry Credit, Inc.",0.18814339301053068,0.18814339301053068,increases untimely risk
cat__Sub-issue_Problem related to refinancing,0.187819619403869,0.187819619403869,increases untimely risk
cat__Sub-issue_Threatened to sue you for very old debt,0.18735843728832266,0.18735843728832266,increases untimely risk
cat__Issue_Trouble using your card,0.18705548239248365,0.18705548239248365,increases untimely risk
"cat__Company_Byrider Franchising, LLC",0.18695820204817123,0.18695820204817123,increases untimely risk
cat__State_ND,0.18693070727621128,0.18693070727621128,increases untimely risk
cat__Sub-issue_Problem with the interest rate,-0.18264809111637378,0.18264809111637378,decreases untimely risk
cat__Issue_Struggling to repay your loan,0.1824582475022435,0.1824582475022435,increases untimely risk
cat__Sub-issue_Money was taken from your account on the wrong day or for the wrong amount,-0.18176676174052442,0.18176676174052442,decreases untimely risk
cat__Sub-product_Conventional home mortgage,-0.1810664019538545,0.1810664019538545,decreases untimely risk
cat__State_ID,-0.17843346531947468,0.17843346531947468,decreases untimely risk
cat__Issue_Vehicle was repossessed or sold the vehicle,0.17640159443124764,0.17640159443124764,increases untimely risk
cat__Sub-issue_Problem during payment process,-0.17194725467573543,0.17194725467573543,decreases untimely risk
cat__Product_Checking or savings account,-0.1714695104577931,0.1714695104577931,decreases untimely risk
cat__Sub-issue_Card was charged for something you did not purchase with the card,-0.17128162406268307,0.17128162406268307,decreases untimely risk
cat__Sub-issue_Received bad information about your loan,0.16977436603329574,0.16977436603329574,increases untimely risk
cat__Product_Credit card or prepaid card,0.1696166136928388,0.1696166136928388,increases untimely risk
cat__Sub-product_Domestic (US) money transfer,-0.1685452269915678,0.1685452269915678,decreases untimely risk
cat__Submitted via_Phone,-0.168402040953018,0.168402040953018,decreases untimely risk
cat__Sub-issue_Keep getting calls about your loan,0.16813881912741346,0.16813881912741346,increases untimely risk
cat__Sub-issue_Billing dispute for services,-0.16801220162843314,0.16801220162843314,decreases untimely risk
"cat__Company_Receivable Management Group, Inc. (GA)",-0.16797715844900085,0.16797715844900085,decreases untimely risk
cat__Sub-issue_Problem making or receiving payments,0.16630231083225397,0.16630231083225397,increases untimely risk
cat__State_MA,-0.16610634775097416,0.16610634775097416,decreases untimely risk
"cat__Company_SIMM Associates, Inc.",0.16608674464358564,0.16608674464358564,increases untimely risk
"cat__Sub-issue_Trouble getting, activating, or registering a card",0.16473919668563566,0.16473919668563566,increases untimely risk
cat__Issue_Unable to get your credit report or credit score,-0.16428586271364196,0.16428586271364196,decreases untimely risk
cat__Issue_Problem with the payoff process at the end of the loan,-0.16098398897223526,0.16098398897223526,decreases untimely risk
cat__Sub-issue_Can't use card to make purchases,-0.15879330744457965,0.15879330744457965,decreases untimely risk
cat__Sub-issue_Trouble getting a working replacement card,-0.1586791412439476,0.1586791412439476,decreases untimely risk
cat__Company_Zip Co US Inc.,0.15741557227602787,0.15741557227602787,increases untimely risk
cat__State_SD,0.1568695692696223,0.1568695692696223,increases untimely risk
cat__Sub-issue_Reporting company used your report improperly,-0.15586388170988483,0.15586388170988483,decreases untimely risk
cat__Sub-issue_Their investigation did not fix an error on your report,-0.15501751080845594,0.15501751080845594,decreases untimely risk
"cat__Company_Paramount Recovery Systems, L.P.",-0.15497379280242904,0.15497379280242904,decreases untimely risk
cat__Issue_Problems at the end of the loan or lease,0.15470619833029872,0.15470619833029872,increases untimely risk
cat__Sub-issue_Problem with product or service terms changing,0.15269980145130502,0.15269980145130502,increases untimely risk
cat__State_PA,-0.1513645943397209,0.1513645943397209,decreases untimely risk
"cat__Company_Allied Collection Services, Inc. (Nevada)",0.15030840720279448,0.15030840720279448,increases untimely risk
cat__Sub-issue_Attempted to collect wrong amount,-0.1488582915299819,0.1488582915299819,decreases untimely risk
num__year,-0.14749205717336553,0.14749205717336553,decreases untimely risk
cat__State_RI,0.14636544687093198,0.14636544687093198,increases untimely risk
cat__Issue_Written notification about debt,-0.14632784709389177,0.14632784709389177,decreases untimely risk
cat__Sub-issue_Credit card company isn't resolving a dispute about a purchase on your statement,-0.14602872922631804,0.14602872922631804,decreases untimely risk
cat__State_DC,0.14544075648392177,0.14544075648392177,increases untimely risk
cat__Product_Credit reporting or other personal consumer reports,-0.145437572399376,0.145437572399376,decreases untimely risk
cat__Submitted via_Web,-0.14495726029050396,0.14495726029050396,decreases untimely risk
"cat__Company_Mountain Run Solutions, LLC",-0.14484378789743377,0.14484378789743377,decreases untimely risk
cat__State_MI,-0.14416396585236466,0.14416396585236466,decreases untimely risk
"cat__Issue_Advertising and marketing, including promotional offers",-0.14140412287151966,0.14140412287151966,decreases untimely risk
cat__Sub-product_Other type of mortgage,-0.14075435636337913,0.14075435636337913,decreases untimely risk
cat__Issue_infrequent_sklearn,-0.13932734924444654,0.13932734924444654,decreases untimely risk
cat__Sub-issue_Problem while selling or giving up the vehicle,-0.13824168281018664,0.13824168281018664,decreases untimely risk
cat__Submitted via_Fax,-0.1381221853655589,0.1381221853655589,decreases untimely risk
cat__Sub-issue_Old information reappears or never goes away,0.13794379701507542,0.13794379701507542,increases untimely risk
cat__Sub-issue_Contacted you after you asked them to stop,-0.13697988529708988,0.13697988529708988,decreases untimely risk
cat__State_AZ,-0.1364821278660233,0.1364821278660233,decreases untimely risk
cat__Sub-issue_Sued you in a state where you do not live or did not sign for the debt,0.13639719259963443,0.13639719259963443,increases untimely risk
cat__Sub-issue_Funds not handled or disbursed as instructed,0.13579263705447006,0.13579263705447006,increases untimely risk
cat__Issue_Problem with additional add-on products or services,0.13492259542529542,0.13492259542529542,increases untimely risk
cat__Company_Medical Business Bureau,0.13318713833405257,0.13318713833405257,increases untimely risk
cat__Sub-product_Payday loan,0.13263835269604982,0.13263835269604982,increases untimely risk
cat__State_WI,-0.13221594305677745,0.13221594305677745,decreases untimely risk
"cat__Company_AR Resources, Inc.",0.13183942940062118,0.13183942940062118,increases untimely risk
cat__Company_EAST WEST BANK,-0.13084099295379248,0.13084099295379248,decreases untimely risk
cat__Sub-product_Loan,0.13029186021158487,0.13029186021158487,increases untimely risk
"cat__Company_Bull City Financial Solutions, Inc",0.1302716949147369,0.1302716949147369,increases untimely risk
cat__Company_WorldRemit Corp.,0.128545693736614,0.128545693736614,increases untimely risk
cat__Sub-issue_Debt is not yours,-0.12731068047385094,0.12731068047385094,decreases untimely risk
cat__Sub-product_Auto debt,0.12638650248802166,0.12638650248802166,increases untimely risk
cat__State_ME,-0.12612970764594725,0.12612970764594725,decreases untimely risk
cat__Sub-product_Lease,-0.1259710684521937,0.1259710684521937,decreases untimely risk
cat__Sub-issue_Denied request to lower payments,0.12579210509814903,0.12579210509814903,increases untimely risk
cat__Sub-issue_Threatened to arrest you or take you to jail if you do not pay,0.12302190719649936,0.12302190719649936,increases untimely risk
cat__Issue_Getting a line of credit,-0.12300131322697105,0.12300131322697105,decreases untimely risk
cat__Sub-issue_Public record information inaccurate,-0.12262000995226678,0.12262000995226678,decreases untimely risk
cat__Company_AVANTE,0.12229015241672465,0.12229015241672465,increases untimely risk
cat__Sub-product_CD (Certificate of Deposit),-0.12190608738049738,0.12190608738049738,decreases untimely risk
cat__Company_TRUIST FINANCIAL CORPORATION,-0.1204247975682364,0.1204247975682364,decreases untimely risk
cat__Sub-issue_Application denied,-0.12039579571679969,0.12039579571679969,decreases untimely risk
cat__State_IN,0.11819406303266834,0.11819406303266834,increases untimely risk
cat__State_WA,0.11678967720958926,0.11678967720958926,increases untimely risk
cat__Sub-issue_Loan sold or transferred to another company,-0.11239996313092512,0.11239996313092512,decreases untimely risk
cat__Sub-issue_Information belongs to someone else,-0.11236816568396128,0.11236816568396128,decreases untimely risk
cat__Sub-issue_Debt was already discharged in bankruptcy and is no longer owed,0.11229042279188997,0.11229042279188997,increases untimely risk
cat__State_NY,0.11090541078541737,0.11090541078541737,increases untimely risk
cat__State_AL,-0.11050265713073777,0.11050265713073777,decreases untimely risk
cat__Sub-issue_Banking errors,0.1083441586828099,0.1083441586828099,increases untimely risk
cat__Sub-issue_Didn't receive terms that were advertised,-0.1077609374970155,0.1077609374970155,decreases untimely risk
cat__Sub-issue_Loan balance remaining after the vehicle is repossessed and sold,0.10496643525684556,0.10496643525684556,increases untimely risk
cat__Sub-issue_Problem with rewards from credit card,-0.10335058123250038,0.10335058123250038,decreases untimely risk
cat__Issue_Problem with a lender or other company charging your account,-0.09929323202036679,0.09929323202036679,decreases untimely risk
"cat__Issue_Other features, terms, or problems",-0.09905671193856384,0.09905671193856384,decreases untimely risk
cat__Issue_Attempts to collect debt not owed,-0.0978554071331767,0.0978554071331767,decreases untimely risk
cat__State_LA,0.09746642763300117,0.09746642763300117,increases untimely risk
cat__Sub-issue_infrequent_sklearn,-0.09645903630355891,0.09645903630355891,decreases untimely risk
cat__State_AE,-0.09598824217886501,0.09598824217886501,decreases untimely risk
"cat__Company_Carvana Group, LLC",-0.09586175248201223,0.09586175248201223,decreases untimely risk
cat__Sub-issue_Unable to open an account,0.09512874090189173,0.09512874090189173,increases untimely risk
cat__Sub-issue_Problem getting your free annual credit report,-0.0936707429522028,0.0936707429522028,decreases untimely risk
cat__Sub-issue_Can't close your account,-0.09224977788653177,0.09224977788653177,decreases untimely risk
cat__Sub-issue_Credit inquiries on your report that you don't recognize,0.0908415681673182,0.0908415681673182,increases untimely risk
cat__Sub-issue_Confusing or misleading advertising about the credit card,0.09033509387230917,0.09033509387230917,increases untimely risk
cat__State_OH,-0.09029756790635061,0.09029756790635061,decreases untimely risk
cat__Sub-issue_Card opened without my consent or knowledge,0.09019996825931675,0.09019996825931675,increases untimely risk
cat__Issue_Struggling to pay your bill,0.08993404954201824,0.08993404954201824,increases untimely risk
cat__Submitted via_Postal mail,-0.0879919062096616,0.0879919062096616,decreases untimely risk
cat__Sub-product_Other debt,0.08789377763426626,0.08789377763426626,increases untimely risk
cat__Sub-issue_Difficulty submitting a dispute or getting information about a dispute over the phone,-0.08677135175452838,0.08677135175452838,decreases untimely risk
cat__Sub-product_Savings account,-0.08655836706325491,0.08655836706325491,decreases untimely risk
cat__Sub-issue_Transaction was not authorized,0.08524719827478751,0.08524719827478751,increases untimely risk
cat__State_DE,-0.08493068105119378,0.08493068105119378,decreases untimely risk
cat__Sub-issue_Debt was paid,-0.08450567824988113,0.08450567824988113,decreases untimely risk
cat__State_WV,0.08395449157091289,0.08395449157091289,increases untimely risk
cat__Sub-issue_Problem with fees charged,-0.08347395254476545,0.08347395254476545,decreases untimely risk
cat__Issue_Money was not available when promised,-0.08308686363544429,0.08308686363544429,decreases untimely risk
cat__Sub-issue_Information that should be on the report is missing,0.08248405173374068,0.08248405173374068,increases untimely risk
"cat__Company_BANK OF NEW YORK MELLON CORPORATION, THE",0.08229690800188634,0.08229690800188634,increases untimely risk
cat__State_UT,-0.08103318455311145,0.08103318455311145,decreases untimely risk
cat__State_UNITED STATES MINOR OUTLYING ISLANDS,-0.07828319718647103,0.07828319718647103,decreases untimely risk
cat__Sub-product_Store credit card,-0.07723415801765846,0.07723415801765846,decreases untimely risk
cat__State_OK,-0.07338262693524235,0.07338262693524235,decreases untimely risk
cat__Issue_Problem caused by your funds being low,-0.0726139245780091,0.0726139245780091,decreases untimely risk
cat__Sub-product_Federal student loan servicing,0.07256060546618451,0.07256060546618451,increases untimely risk
num__month,0.07238872140891375,0.07238872140891375,increases untimely risk
cat__Sub-issue_Problem with additional add-on products or services purchased with the loan,0.07187314657300026,0.07187314657300026,increases untimely risk
cat__Sub-issue_Other problem getting your report or credit score,-0.07061511976143939,0.07061511976143939,decreases untimely risk
cat__Sub-issue_Sent card you never applied for,-0.06800013332725147,0.06800013332725147,decreases untimely risk
cat__Issue_Threatened to contact someone or share information improperly,0.06796614829377816,0.06796614829377816,increases untimely risk
cat__State_CT,-0.06681597461051891,0.06681597461051891,decreases untimely risk
cat__Sub-issue_Information is missing that should be on the report,-0.06675044684084715,0.06675044684084715,decreases untimely risk
cat__Sub-issue_Non-sufficient funds and associated fees,-0.06451303054404271,0.06451303054404271,decreases untimely risk
cat__Sub-issue_Trouble using the card to spend money in a store or online,0.06401831345486912,0.06401831345486912,increases untimely risk
cat__Sub-issue_Problem getting a working replacement card,-0.0631799202121344,0.0631799202121344,decreases untimely risk
cat__Sub-product_Medical debt,0.06262731196082974,0.06262731196082974,increases untimely risk
cat__Issue_Other service problem,0.06251463225819107,0.06251463225819107,increases untimely risk
cat__Sub-product_FHA mortgage,-0.06110821480106555,0.06110821480106555,decreases untimely risk
cat__Issue_Fraud or scam,0.06079675271792848,0.06079675271792848,increases untimely risk
cat__State_NM,-0.06078031664341797,0.06078031664341797,decreases untimely risk
cat__Issue_Communication tactics,0.060351524250146366,0.060351524250146366,increases untimely risk
cat__Sub-product_I do not know,0.06031664959025799,0.06031664959025799,increases untimely risk
cat__Issue_Dealing with your lender or servicer,-0.06012926023728861,0.06012926023728861,decreases untimely risk
cat__Sub-issue_Unexpected increase in interest rate,-0.059434458150788225,0.059434458150788225,decreases untimely risk
cat__Issue_Incorrect information on your report,-0.05811345421604618,0.05811345421604618,decreases untimely risk
cat__Product_Debt collection,-0.05705529607997336,0.05705529607997336,decreases untimely risk
cat__State_TN,0.054526736944282575,0.054526736944282575,increases untimely risk
cat__Sub-product_Refund anticipation check,0.05442575052560468,0.05442575052560468,increases untimely risk
cat__Sub-product_VA mortgage,0.05351219819266639,0.05351219819266639,increases untimely risk
cat__Sub-issue_Card company isn't resolving a dispute about a purchase or transfer,0.0533444345990659,0.0533444345990659,increases untimely risk
cat__Issue_Can't stop withdrawals from your bank account,-0.05283342160067513,0.05283342160067513,decreases untimely risk
cat__Sub-issue_Company closed your account,0.05242340113746229,0.05242340113746229,increases untimely risk
cat__State_NV,-0.051796921040514615,0.051796921040514615,decreases untimely risk
cat__State_FL,0.05163934777589797,0.05163934777589797,increases untimely risk
cat__Sub-issue_Account information incorrect,-0.04964529695058498,0.04964529695058498,decreases untimely risk
cat__Sub-issue_Collected or attempted to collect exempt funds,-0.049485061388076686,0.049485061388076686,decreases untimely risk
cat__Issue_Problem with fraud alerts or security freezes,-0.04840792535403957,0.04840792535403957,decreases untimely risk
cat__Sub-issue_Trying to communicate with the company to fix an issue with the application process,-0.048029491968126135,0.048029491968126135,decreases untimely risk
cat__Sub-issue_Other problem,-0.047176516894938805,0.047176516894938805,decreases untimely risk
cat__Sub-issue_Investigation took more than 30 days,-0.04692245214312652,0.04692245214312652,decreases untimely risk
cat__Issue_Took or threatened to take negative or legal action,0.045935730756669214,0.045935730756669214,increases untimely risk
cat__Product_Vehicle loan or lease,-0.04587789977456081,0.04587789977456081,decreases untimely risk
cat__State_OR,0.04497477710515477,0.04497477710515477,increases untimely risk
cat__Sub-product_Credit reporting,-0.04421756798007707,0.04421756798007707,decreases untimely risk
cat__Sub-product_Installment loan,-0.04412741856345125,0.04412741856345125,decreases untimely risk
cat__State_VA,0.043271523012236905,0.043271523012236905,increases untimely risk
cat__State_HI,-0.04291103040677368,0.04291103040677368,decreases untimely risk
"cat__Sub-issue_Used obscene, profane, or other abusive language",0.042797348320269955,0.042797348320269955,increases untimely risk
"cat__Company_National Credit Systems,Inc.",-0.04141563015774108,0.04141563015774108,decreases untimely risk
cat__Issue_Other transaction problem,0.04067326006044592,0.04067326006044592,increases untimely risk
cat__Sub-product_Mortgage debt,0.039889070759389515,0.039889070759389515,increases untimely risk
cat__State_CA,0.03914417370755706,0.03914417370755706,increases untimely risk
cat__Product_Student loan,0.03756712068422931,0.03756712068422931,increases untimely risk
cat__Sub-product_Private student loan,-0.034993484781957,0.034993484781957,decreases untimely risk
cat__Issue_Problem with a credit reporting company's investigation into an existing problem,0.034128036318722646,0.034128036318722646,increases untimely risk
cat__Sub-product_Rental debt,-0.0339502538148312,0.0339502538148312,decreases untimely risk
cat__State_VI,-0.03338076470424633,0.03338076470424633,decreases untimely risk
cat__Sub-issue_Problem with additional products or services purchased with the loan,-0.031884011798766404,0.031884011798766404,decreases untimely risk
cat__Sub-issue_Trying to communicate with the company to fix an issue while managing or servicing your loan,-0.031288274619677495,0.031288274619677495,decreases untimely risk
cat__Sub-issue_Threatened or suggested your credit would be damaged,-0.03128428846231852,0.03128428846231852,decreases untimely risk
num__quarter,-0.030728526260209527,0.030728526260209527,decreases untimely risk
"cat__Company_LD Holdings Group, LLC",0.02695699330588653,0.02695699330588653,increases untimely risk
cat__Sub-issue_Problem with fees,0.02680312977772849,0.02680312977772849,increases untimely risk
cat__State_MISSING,-0.0260851640293795,0.0260851640293795,decreases untimely risk
cat__Sub-product_Credit card debt,-0.025053974496359696,0.025053974496359696,decreases untimely risk
cat__Sub-issue_Problem with customer service,-0.024539637237559992,0.024539637237559992,decreases untimely risk
cat__Sub-issue_Deposits and withdrawals,0.023430678567108586,0.023430678567108586,increases untimely risk
cat__Sub-product_Checking account,0.021944703542784157,0.021944703542784157,increases untimely risk
cat__Issue_Excessive fees,-0.021079475693279153,0.021079475693279153,decreases untimely risk
cat__Sub-product_Other banking product or service,0.02102742469419834,0.02102742469419834,increases untimely risk
cat__State_IL,-0.019719725641472476,0.019719725641472476,decreases untimely risk
cat__Issue_Problem adding money,-0.0188720589271933,0.0188720589271933,decreases untimely risk
cat__Sub-issue_Funds not received from closed account,-0.017963743776512928,0.017963743776512928,decreases untimely risk
cat__Issue_Unauthorized transactions or other transaction problem,0.017735264994310232,0.017735264994310232,increases untimely risk
cat__State_NJ,0.017706887028409196,0.017706887028409196,increases untimely risk
"cat__Company_Choice Recovery, Inc.",-0.017693719554301563,0.017693719554301563,decreases untimely risk
cat__State_MD,0.01741684055007883,0.01741684055007883,increases untimely risk
cat__Sub-issue_Account status incorrect,-0.015469145811592224,0.015469145811592224,decreases untimely risk
cat__State_SC,-0.015420842946662077,0.015420842946662077,decreases untimely risk
cat__Issue_Problem with a purchase shown on your statement,0.014017821919217348,0.014017821919217348,increases untimely risk
cat__Issue_Struggling to pay mortgage,-0.013749799631205468,0.013749799631205468,decreases untimely risk
cat__Sub-issue_Trouble closing card,0.012688315108404053,0.012688315108404053,increases untimely risk
cat__Issue_Problem when making payments,0.01192845911716845,0.01192845911716845,increases untimely risk
"cat__Company_Applied Data Finance, LLC",-0.011232483399952437,0.011232483399952437,decreases untimely risk
cat__State_NC,-0.010393781546845005,0.010393781546845005,decreases untimely risk
cat__Sub-issue_Problem canceling credit monitoring or identify theft protection service,-0.009430947245130767,0.009430947245130767,decreases untimely risk
cat__Issue_Credit monitoring or identity theft protection services,0.008871484542558305,0.008871484542558305,increases untimely risk
cat__State_TX,0.008849612005957264,0.008849612005957264,increases untimely risk
cat__Issue_Electronic communications,0.00808280956381507,0.00808280956381507,increases untimely risk
"cat__Product_Credit reporting, credit repair services, or other personal consumer reports",-0.006120106909423397,0.006120106909423397,decreases untimely risk
cat__State_GA,-0.005716565663173575,0.005716565663173575,decreases untimely risk
cat__Issue_Getting the loan,-0.005662722190947973,0.005662722190947973,decreases untimely risk
cat__Issue_False statements or representation,0.004791745282667098,0.004791745282667098,increases untimely risk
cat__Sub-issue_Can't stop withdrawals from your account,-0.0027736685546346828,0.0027736685546346828,decreases untimely risk
cat__State_MT,-0.0021814057069324175,0.0021814057069324175,decreases untimely risk
cat__Sub-issue_Debt was result of identity theft,0.0016705287986617963,0.0016705287986617963,increases untimely risk
cat__Sub-issue_Didn't receive services that were advertised,-0.0006681265092818194,0.0006681265092818194,decreases untimely risk
cat__State_KY,-0.000561963239188114,0.000561963239188114,decreases untimely risk
