Company,count,share_pct
"EQUIFAX, INC.",3174023,28.3149960717019
"TRANSUNION INTERMEDIATE HOLDINGS, INC.",3073109,27.414757001733054
Experian Information Solutions Inc.,2758490,24.608086807760678
CAPITAL ONE FINANCIAL CORPORATION,107411,0.9581978590128594
JPMORGAN CHASE & CO.,91410,0.8154552726663514
WELLS FARGO & COMPANY,82793,0.7385842729445928
"BANK OF AMERICA, NATIONAL ASSOCIATION",81738,0.7291727718761868
"CITIBANK, N.A.",71055,0.6338712875977202
"Block, Inc.",59068,0.5269370095816217
Resurgent Capital Services L.P.,49505,0.44162688188762417
SYNCHRONY FINANCIAL,46951,0.4188430205333975
"CBC Companies, Inc.",41297,0.36840451149001546
LEXISNEXIS,38892,0.3469498573956869
"Portfolio Recovery Associates, LLC",38217,0.34092828088272564
ENCORE CAPITAL GROUP INC.,37709,0.33639648700334146
NAVY FEDERAL CREDIT UNION,36327,0.32406786664643417
AMERICAN EXPRESS COMPANY,36038,0.32148973981347745
"Bread Financial Holdings, Inc.",33909,0.302497241448893
"Early Warning Services, LLC",31863,0.28424517397405047
DISCOVER BANK,30876,0.27544029098398715
CL Holdings LLC,28690,0.255939303936086
"Paypal Holdings, Inc",26678,0.23799054550041487
U.S. BANCORP,26113,0.23295026293771398
MOHELA,22145,0.19755231389559513
TD BANK US HOLDING COMPANY,22051,0.1967137536108272
TRUIST FINANCIAL CORPORATION,20633,0.18406398250656195
ALLY FINANCIAL INC.,19752,0.17620471005038588
Chime Financial Inc,19707,0.17580327161618847
"Nelnet, Inc.",19318,0.17233305937390414
"CCS Financial Services, Inc.",18634,0.1662311951741034
BARCLAYS BANK DELAWARE,16973,0.1514136565251721
PNC Bank N.A.,16937,0.15109250577781416
GOLDMAN SACHS BANK USA,16178,0.14432157752101776
"I.C. System, Inc.",15336,0.13681021837447943
"Shellpoint Partners, LLC",13630,0.12159124129135072
"National Credit Systems,Inc.",13376,0.11932534435165865
TRANSWORLD SYSTEMS INC,13161,0.11740736072160432
"SANTANDER HOLDINGS USA, INC.",12883,0.11492736328367362
Mr. Cooper Group Inc.,12578,0.11220650278522445
"Fidelity National Information Services, Inc. (FNIS)",12534,0.11181398520512031
"Navient Solutions, LLC.",11808,0.105337445133402
"Affirm Holdings, Inc",11387,0.10158176556013285
"Kriya Capital, LLC",11098,0.0990036387271761
UNITED SERVICES AUTOMOBILE ASSOCIATION,10913,0.09735328071992007
CREDIT ACCEPTANCE CORPORATION,10705,0.09549774306851867
"CITIZENS FINANCIAL GROUP, INC.",10088,0.08999357609296743
"Maximus Federal Services, Inc.",9732,0.08681775203576121
OneMain Finance Corporation,9684,0.08638955103928396
"Westlake Services, LLC",9499,0.08473919303202791
Self Financial Inc.,9041,0.08065344185730755
"CAINE & WEINER COMPANY, INC.",8842,0.07887819189274564
Ocwen Financial Corporation,7790,0.06949345338661937
FIFTH THIRD FINANCIAL CORPORATION,7705,0.06873518078869092
"National Credit Adjusters, LLC",7480,0.06672798861770385
EdFinancial Services,7383,0.06586266577065608
"CLGF Holdco 1, LLC",7363,0.06568424868879057
"Spring Oaks Capital, LLC",6724,0.059983822923187255
CORELOGIC INC,6686,0.05964483046764277
"Exeter Finance, LLC.",6493,0.05792310562764052
"SELECT PORTFOLIO SERVICING, INC.",6358,0.05671879032504827
AES/PHEAA,6309,0.05628166847447775
"Rowland Avenue Management, Inc. A/KA Columbia Debt Recovery, LLC d/b/a Genesis",6269,0.05592483431074671
Freedom Mortgage Company,6211,0.05540742477333671
"General Motors Financial Company, Inc.",6130,0.05468483559178136
Santander Consumer USA Holdings Inc.,6019,0.05369462078742773
"Coinbase, Inc.",5972,0.053275340645043766
"ID Analytics, Inc.",5876,0.05241893865208928
"HW Holding, Inc",5597,0.049930020360065296
TOYOTA MOTOR CREDIT CORPORATION,5590,0.049867574381412365
Bridgecrest Acceptance Corporation,5524,0.049278798011256154
Radius Global Solutions LLC,5497,0.0490379349507377
HYUNDAI CAPITAL AMERICA,5436,0.048493762851047874
T.S. Holdings,5214,0.046513333242340624
"Southwest Credit Systems, L.P.",5197,0.04636167872275493
ERC,5076,0.04528225537746854
REGIONS FINANCIAL CORPORATION,4984,0.04446153680088716
Comerica,4956,0.044211752886275435
"HUNTINGTON NATIONAL BANK, THE",4872,0.04346240114244026
NCB Management Services Inc.,4851,0.043275063206481466
M&T BANK CORPORATION,4658,0.04155333836647921
"SOFI TECHNOLOGIES, INC.",4624,0.041250029327307834
"LoanCare, LLC",4577,0.04083074918492386
BMO BANK NATIONAL ASSOCIATION,4511,0.04024197281476765
PENTAGON FEDERAL CREDIT UNION,4507,0.04020628939839455
"SUNRISE CREDIT SERVICES, INC",4477,0.039938663775596274
Kikoff Inc.,4457,0.03976024669373075
"Convergent Resources, Inc.",4233,0.03776197537683695
"Amsher Collection Services, Inc.",4055,0.03617406334823384
"FAIR COLLECTIONS & OUTSOURCING, INC.",3998,0.035665574664917106
KEYCORP,3993,0.03562097039445073
Atlanticus Services Corporation,3932,0.035076798294760896
"ProCollect, Inc.",3862,0.03445233850823158
Synovus Bank,3827,0.03414010861496693
Netspend Corporation,3752,0.03347104455797124
Specialized Loan Servicing Holdings LLC,3751,0.03346212370387796
"Rocket Mortgage, LLC",3664,0.032686009397762956
ROBINHOOD MARKETS INC.,3652,0.032578959148643644
Global Lending Services LLC,3578,0.031918815945741225
"Aldous & Associates, PLLC",3565,0.03180284484252864
"W&A Intermediate Co., LLC",3552,0.03168687373931605
"UPGRADE, INC.",3516,0.03136572299195812
"Sequium Asset Solutions, LLC",3493,0.03116054334781277
"CAVALRY INVESTMENTS, LLC",3451,0.030785867475895182
NISSAN MOTOR ACCEPTANCE COMPANY LLC,3449,0.03076802576770863
"Credit Karma, LLC",3416,0.030473637582630525
TrueAccord Corp.,3361,0.02998299060750035
"PENNYMAC LOAN SERVICES, LLC.",3342,0.02981349437972811
Servicer under contract with Federal Student Aid,3315,0.029572631319209657
"ENOVA INTERNATIONAL, INC.",3308,0.029510185340556726
SLM CORPORATION,3266,0.02913550946863914
"CARRINGTON MORTGAGE SERVICES, LLC",3224,0.02876083359672155
"ACIMA CREDIT, LLC",3175,0.02832371174615103
World Acceptance Corporation,2960,0.02640572811609671
FISERV FINXACT CORE,2946,0.026280836158790847
"CarMax, Inc.",2937,0.026200548471951364
AMERICAN HONDA FINANCE CORP,2906,0.02592400199505981
HSBC NORTH AMERICA HOLDINGS INC.,2883,0.025718822350914463
Source Receivables Management LLC,2881,0.02570098064272791
Incomm Holdings Inc.,2877,0.025665297226354807
MoneyLion Inc.,2849,0.025415513311743083
"Harris & Harris, Ltd.",2828,0.025228175375784288
FC HoldCo LLC,2818,0.02513896683485153
"American Credit Acceptance, LLC",2629,0.023452925411222382
"NRA Group, LLC",2536,0.02262328598054772
"Security Credit Services, LLC",2535,0.022614365126454445
"Consumer Portfolio Services, Inc.",2504,0.022337818649562892
V and H Portfolio,2485,0.02216832242179065
"The CBE Group, Inc.",2479,0.022114797297230995
Selene Holdings LLC,2473,0.02206127217267134
"Eastern Account Systems of Connecticut, Inc.",2468,0.02201666790220496
Velocity Portfolio Group,2464,0.021980984485831856
"Credit Control, LLC",2415,0.021543862635261334
FIRST NATIONAL BANK OF OMAHA,2412,0.021517100072981507
"Upstart Holdings, Inc.",2401,0.021418970677955472
"Continental Finance Company, LLC",2395,0.021365445553395816
HCFS Healthcare Financial Services of TeamHealth,2393,0.021347603845209263
Mercedes Benz Financial Services,2382,0.02124947445018323
"Fay Servicing, LLC",2376,0.021195949325623575
Advanced Resolution Services Inc.,2375,0.021187028471530298
"Capio Partners, LLC",2359,0.021044294806037884
"ONLINE Information Services, Inc.",2355,0.02100861138966478
"Avant Holding Company, Inc.",2346,0.020928323702825297
"Ability Recovery Services, LLC",2324,0.020732064912773226
LCI Acquisition Inc.,2310,0.020607172955467365
Credit Corp Solutions Inc.,2276,0.020303863916295982
FORD MOTOR CREDIT CO.,2248,0.02005408000168426
CCF Intermediate Holdings LLC,2183,0.019474224485621323
CURO Intermediate Holdings,2156,0.019233361425102874
AFNI INC.,2149,0.019170915446449943
Rent Recovery Solutions,2097,0.018707031033599594
"BMW Financial Services NA, LLC",2071,0.01847508882717442
Consumer Adjustment Company Incorporated,2044,0.01823422576665597
Central Portfolio Control Inc.,2035,0.018153938079816488
"Aargon Agency, Inc.",2031,0.018118254663443384
"LAKEVIEW LOAN SERVICING, LLC",2030,0.018109333809350106
"MRS BPO, LLC",2001,0.017850629040645105
"The CMI Group, Inc.",1982,0.017681132812872865
"Collection Management Holdings, LLC",1964,0.017520557439193896
Phoenix Financial Services LLC,1945,0.017351061211421655
"Diversified Adjustment Service, Inc.",1892,0.016878255944478032
Conduent Incorporated,1876,0.01673552227898562
"LD Holdings Group, LLC",1870,0.016681997154425962
"John C. Heath, Attorney at Law, PLLC",1849,0.016494659218467166
"Medical Data Systems, Inc.",1825,0.016280558720228544
"FactorTrust, Inc.",1815,0.016191350179295787
"Lockhart, Morris & Montgomery Inc.",1810,0.016146745908829408
"Debt Recovery Solutions, LLC",1810,0.016146745908829408
"WESTERN UNION COMPANY, THE",1809,0.01613782505473613
Absolute Resolutions Corp.,1807,0.016119983346549578
LJ Ross Associates,1769,0.015780990891005094
"MARINER FINANCE, LLC",1754,0.015647178079605955
"Colony Brands, Inc.",1751,0.015620415517326127
BBVA FINANCIAL CORPORATION,1743,0.01554904868457992
NEW YORK COMMUNITY BANCORP INC,1729,0.015424156727274057
"Bull City Financial Solutions, Inc",1716,0.015308185624061471
"WAKEFIELD & ASSOCIATES, INC.",1710,0.015254660499501815
VW Credit,1691,0.015085164271729573
"United Shore Financial Services, LLC",1683,0.015013797438983366
AmeriCollect,1649,0.014710488399811985
MicroBilt / PRBC (formerly CL Verify),1628,0.01452315046385319
TransferWise Ltd,1627,0.014514229609759914
RUSHMORE LOAN MANAGEMENT SERVICES LLC,1613,0.014389337652454051
Possible Financial Inc,1598,0.014255524841054912
"The Bureaus, Inc.",1586,0.0141484745919356
"RentDebt Automated Collections, LLC",1582,0.014112791175562498
"Commonwealth Financial Systems, Inc.",1581,0.014103870321469222
OPORTUN FINANCIAL CORPORATION,1568,0.013987899218256635
"Conn's, Inc.",1544,0.013773798720018013
"Flagstar Bank, N.A.",1544,0.013773798720018013
Army and Air Force Exchange Service,1519,0.013550777367686116
"Cascade CISS Holdings, LLC",1498,0.01336343943172732
Penn Credit Corporation,1491,0.01330099345307439
FinCo Services Inc DBA Current,1488,0.013274230890794561
"Dovenmuehle Mortgage, Inc.",1485,0.013247468328514735
Lendmark Financial Services,1445,0.012890634164783697
"Opportunity Financial, LLC",1441,0.012854950748410594
"BSI Financial Holdings, Inc.",1430,0.01275682135338456
RoundPoint Mortgage Servicing LLC,1398,0.01247135402239973
MIDFIRST BANK,1390,0.012399987189653522
"AmeriHome Mortgage Company, LLC",1389,0.012391066335560245
Monterey Financial Services LLC,1374,0.012257253524161108
"Credit Systems International, Inc.",1371,0.01223049096188128
STATE EMPLOYEES CREDIT UNION,1365,0.012176965837321625
Klarna AB,1356,0.01209667815048214
"Professional Debt Mediation, Inc.",1354,0.01207883644229559
TekCollect Inc.,1341,0.011962865339083003
AMERISAVE MORTGAGE CORPORATION,1333,0.011891498506336796
"Open Dealer Exchange, LLC",1288,0.01149006007213938
Winklevoss Exchange LLC,1285,0.011463297509859551
BTH Management,1272,0.011347326406646964
FIRST PORTFOLIO SERVICING INC,1259,0.011231355303434377
"Halsted Financial Services, LLC.",1228,0.010954808826542824
"Caliber Home Loans, Inc.",1220,0.010883441993796617
"United Collection Bureau, Inc.",1204,0.010740708328304201
The Receivable Management Services LLC,1200,0.010705024911931099
"Paramount GR Holdings, LLC",1200,0.010705024911931099
MONEYGRAM PAYMENT SYSTEMS WORLDWIDE INC,1191,0.010624737225091614
"PLANET HOME LENDING, LLC",1184,0.010562291246438683
"Waypoint Resource Group, LLC",1175,0.0104820035595992
Zions Debt Holdings,1166,0.010401715872759718
CrossCountry Mortgage LLC,1147,0.010232219644987474
"American First Finance, Inc.",1131,0.01008948597949506
"Checkr, Inc",1130,0.010080565125401784
CNG FINANCIAL CORPORATION,1129,0.010071644271308508
World Omni Financial Corp.,1123,0.010018119146748853
ALLIANT CREDIT UNION,1101,0.009821860356696783
United PanAm Financial Corp.,1097,0.009786176940323679
SECURITY FINANCE CORP,1097,0.009786176940323679
Regional Management Corporation,1092,0.009741572669857299
BANK OF THE WEST,1072,0.00956315558799178
FIRST ADVANTAGE CORPORATION,1067,0.009518551317525402
Thaxton Investment Corporation,1050,0.00936689679793971
CONTRACT CALLERS INC,1041,0.009286609111100227
"Prosper Marketplace, Inc.",1038,0.0092598465488204
United Revenue Corporation,1035,0.009233083986540573
"EOS Holdings, Inc.",1033,0.00921524227835402
"AXOS FINANCIAL, INC.",1033,0.00921524227835402
First Credit Services Inc.,1027,0.009161717153794364
FirstPoint Collection Resources,1020,0.009099271175141433
"National Consumer Telecom & Utilities Exchange, Inc.",1013,0.009036825196488503
"Carvana Group, LLC",994,0.008867328968716259
SUNCOAST CREDIT UNION,993,0.008858408114622983
"Receivables Management Partners, LLC",992,0.008849487260529709
VYSTAR CREDIT UNION,982,0.008760278719596948
"SANTANDER BANK, NATIONAL ASSOCIATION",967,0.00862646590819781
R & B Corporation of Virginia,966,0.008617545054104534
"Foris DAX, Inc.",965,0.008608624200011258
"CMRE Financial Services, Inc.",961,0.008572940783638154
"Continental Services Group, Inc. d/b/a ConServe",955,0.008519415659078499
"FIRST CITIZENS BANCSHARES, INC.",921,0.008216106619907118
Alorica Inc.,919,0.008198264911720566
"Receivables Performance Management, LLC",906,0.008082293808507978
BANCO POPULAR DE PUERTO RICO,904,0.008064452100321428
"Franklin Collection Service, Inc.",903,0.008055531246228152
"WEBSTER BANK, NATIONAL ASSOCIATION",903,0.008055531246228152
Google Compare Credit Cards Inc.,901,0.0080376895380416
"Byrider Franchising, LLC",893,0.007966322705295393
Lending Club Corp,889,0.007930639288922289
"CHARLES SCHWAB CORPORATION, THE",886,0.00790387672664246
"Marlette Funding, LLC",884,0.007886035018455908
"Bounce AI, Inc.",880,0.007850351602082806
"Tower Loan of Mississippi, Inc.",877,0.007823589039802977
Sezzle Inc.,866,0.007725459644776942
FREEDOM FINANCIAL NETWORK,853,0.007609488541564356
"Paramount Recovery Systems, L.P.",852,0.00760056768747108
Unifin Inc.,835,0.007448913167885389
FIRST HORIZON BANK,830,0.00740430889741901
"Williams & Fudge, Inc",820,0.007315100356486251
"ARVEST BANK GROUP, INC.",819,0.007306179502392975
Westcreek Financial,814,0.007261575231926595
Blackhawk Network Holdings Inc.,811,0.007234812669646767
BAM Management US Holdings Inc.,811,0.007234812669646767
"Helvey & Associates, Inc., Warsaw, IN Branch",802,0.007154524982807284
"The Outsource Group, Inc",799,0.007127762420527456
ADP Inc.,780,0.006958266192755214
Stellantis Financial Services US Corp.,773,0.006895820214102282
"Kimball, Tirey & St. John LLP",758,0.006762007402703144
"Capital Accounts, LLC",756,0.006744165694516592
"Firstsource Business Process Services, LLC",752,0.006708482278143488
First Technology Federal Credit Union,749,0.00668171971586366
"Southwest Recovery Services, Inc.",743,0.006628194591304005
"Community Loan Servicing, LLC (formerly known as Bayview Loan Servicing, LLC)",736,0.006565748612651074
"AR Resources, Inc.",735,0.006556827758557798
HEARTLAND PAYMENT SYSTEMS INC,733,0.0065389860503712455
"Remitly, Inc.",731,0.006521144342184694
"OPTUM BANK, INC.",730,0.006512223488091418
AMERICA FIRST FEDERAL CREDIT UNION,729,0.006503302633998142
"Adler Wallach & Associates, Inc.",721,0.006431935801251935
"RFNA, LP",721,0.006431935801251935
American Coradius International LLC,708,0.006315964698039348
"Populus Financial Group, Inc. (F/K/A Ace Cash Express)",704,0.0062802812816662446
"Social Finance, Inc.",692,0.006173231032546933
"Grain Technology, Inc.",690,0.006155389324360381
Solar Mosaic LLC,685,0.006110785053894002
"BANK OF NEW YORK MELLON CORPORATION, THE",680,0.006066180783427622
"Cedars Business Services, LLC",674,0.006012655658867967
"MONEY SOURCE, INC., THE",673,0.006003734804774691
"GOLDEN 1 CREDIT UNION, THE",670,0.005976972242494863
BOEING EMPLOYEES' CREDIT UNION,667,0.005950209680215035
TMX Finance LLC,657,0.005861001139282276
Diverse Funding Associates LLC,654,0.005834238577002449
"Aqua Finance, Inc.",652,0.0058163968688158965
"First Federal Credit Control, Inc.",651,0.0058074760147226205
DriveTime,649,0.005789634306536069
"EGL US, LLC",649,0.005789634306536069
Synergetic Communication Inc,646,0.005762871744256241
Millco Management,642,0.0057271883278831376
"Sunbit, Inc.",641,0.0057182674737898615
The Law Offices of Mitchell D. Bluhm & Associates,640,0.005709346619696585
SN SERVICING CORPORATION,635,0.005664742349230206
Professional Recovery Management,627,0.005593375516483999
"Revco Management, LLC",625,0.005575533808297447
"Carter-Young, Inc.",625,0.005575533808297447
"BROKER SOLUTIONS, INC.",624,0.005566612954204171
Kovo,618,0.005513087829644515
"Duvera Billing Services, LLC",617,0.00550416697555124
ZWICKER & ASSOCIATES,612,0.00545956270508486
LendingPoint Holdings LLC,607,0.00541495843461848
"Ava Finance, Inc",595,0.00530790818549917
Village Capital & Investment LLC,590,0.0052633039150327895
Central Research Inc,584,0.005209778790473135
FIRST TECHNOLOGY FEDERAL CREDIT UNION,583,0.005200857936379859
Albert Corporation,574,0.005120570249540375
"CARDINAL FINANCIAL COMPANY, LIMITED PARTNERSHIP",570,0.0050848868331672716
"GLA Collection Company, Inc.",569,0.0050759659790739955
Larry H. Miller Group of Companies,567,0.005058124270887444
MOUNTAIN AMERICA FEDERAL CREDIT UNION,563,0.00502244085451434
"Trident Asset Management, L.L.C.",561,0.005004599146327789
"Tesla, Inc.",555,0.004951074021768133
"CMG Financial Services, Inc.",551,0.00491539060539503
LOBEL FINANCIAL CORPORATION,551,0.00491539060539503
"R.M. Galicia, Inc.",549,0.0048975488972084775
FIRST NATIONAL BANK OF PENNSYLVANIA,549,0.0048975488972084775
GUARANTEED RATE INC.,546,0.004870786334928649
AVANTE,546,0.004870786334928649
"January Technologies, Inc",546,0.004870786334928649
"Synerprise Consulting Services, Inc.",538,0.004799419502182442
"WHEELS FINANCIAL GROUP, LLC.",537,0.004790498648089166
"Allied Collection Services, Inc. (Nevada)",537,0.004790498648089166
TCF NATIONAL BANK,535,0.004772656939902614
"LDF Holdings, LLC",535,0.004772656939902614
MECHANICS BANK,535,0.004772656939902614
MORGAN STANLEY & CO. LLC,534,0.004763736085809339
COMMERCE BANK,531,0.004736973523529511
21ST MORTGAGE CORP.,527,0.004701290107156407
"STERLING JEWELERS, INC.",527,0.004701290107156407
"USCB, Inc.",524,0.004674527544876579
1st Franklin Financial Corporation,522,0.004656685836690028
"Jon Barry and Associates, Inc.",522,0.004656685836690028
SinglePoint GI,517,0.004612081566223648
Southern Management Systems Inc.,511,0.004558556441663993
"Reliant Capital Solutions, LLC",509,0.004540714733477441
Credit Fresh Holdings Inc,508,0.0045317938793841646
RANDOLPH-BROOKS FEDERAL CREDIT UNION,504,0.004496110463011061
Creditors Bureau Associates,503,0.004487189608917785
AMERIS BANCORP,500,0.004460427046637958
Home Point Financial Corporation,492,0.00438906021389175
"McCarthy, Burgess & Wolff, Inc.",490,0.004371218505705199
Harley Davidson Financial Services Inc,487,0.0043444559434253705
"AmerAssist A/R Solutions, Inc.",485,0.004326614235238819
Rausch Sturm LLP,482,0.004299851672958991
"Dave Operating, LLC",481,0.004290930818865715
"Veros Credit, LLC",481,0.004290930818865715
"Nationwide Recovery Systems, Ltd",481,0.004290930818865715
"Crown Asset Management, LLC, Duluth, GA Branch",480,0.00428200996477244
WSFS FINANCIAL CORPORATION,477,0.0042552474024926115
"Certegy Holdings, LLC",475,0.004237405694306059
Merchants' Credit Guide Company,470,0.00419280142383968
ZIONS BANCORPORATION,468,0.0041749597156531286
"Io, Inc.",466,0.004157118007466576
Linebarger Goggan Blair & Sampson LLP,459,0.004094672028813645
SCHOOLSFIRST FEDERAL CREDIT UNION,458,0.0040857511747203696
FourLeaf Federal Credit Union,457,0.0040768303206270935
"Mortgage Research Center, LLC",457,0.0040768303206270935
"Frontline Asset Strategies, LLC",454,0.004050067758347265
Collection Bureau of America Ltd.,453,0.004041146904253989
Prince Parker & Associates,452,0.004032226050160714
"Professional Finance Company, Inc.",450,0.004014384341974162
"Advance America, Cash Advance Centers, Inc.",450,0.004014384341974162
"Dynamic Recovery Solutions, LLC",448,0.00399654263378761
WLCC,442,0.003943017509227954
"Client Services, Inc.",440,0.003925175801041403
Payward Ventures Inc. dba Kraken,440,0.003925175801041403
Climb Credit Inc.,436,0.003889492384668299
"Optio Solutions, LLC",435,0.003880571530575023
CIG FINANCIAL LLC,435,0.003880571530575023
MUFG AMERICAS HOLDINGS CORPORATION,434,0.0038716506764817473
"Goal Structured Solutions, LLC",434,0.0038716506764817473
"Collection Bureau of the Hudson Valley, Inc.",434,0.0038716506764817473
ASSOCIATED BANC-CORP,434,0.0038716506764817473
FIRSTBANK PUERTO RICO,430,0.0038359672601086434
"ResidentCollect, Inc.",430,0.0038359672601086434
"Weltman, Weinberg & Reis Co., L.P.A.",429,0.0038270464060153678
"Harpeth Financial Services, LLC",429,0.0038270464060153678
"Sentry Credit, Inc.",429,0.0038270464060153678
First Advantage LNS Inc.,425,0.003791362989642264
"EVERBANK, NATIONAL ASSOCIATION",421,0.0037556795732691605
Park Hill Holdings,420,0.0037467587191758844
"Law Office of Michael J. Scott, PC",415,0.003702154448709505
"P&B Capital Group, LLC",413,0.0036843127405229528
UMB FINANCIAL CORPORATION,411,0.003666471032336401
SUN LOAN COMPANY INC.,410,0.0036575501782431254
"Americas Car-Mart, Inc.",410,0.0036575501782431254
Credit Plus Inc,410,0.0036575501782431254
"Real Time Group, Inc.",409,0.0036486293241498493
"Skrill USA, Inc.",407,0.0036307876159632976
"Choice Recovery, Inc.",404,0.00360402505368347
"Associated Credit Services, Inc.",404,0.00360402505368347
Midwest Recovery Systems,403,0.0035951041995901938
"Applied Data Finance, LLC",398,0.0035504999291238143
"RS Clark and Associates, Inc.",394,0.0035148165127507104
"Mobiloans, LLC",392,0.0034969748045641587
"Harvard Collections, LLC",390,0.003479133096377607
Innovis,387,0.003452370534097779
"Pressler & Pressler, LLP",383,0.0034166871177246753
"Blitt and Gaines, P.C.",383,0.0034166871177246753
Concord Servicing Corporation,382,0.0034077662636313997
"Kinum, Inc., Indianapolis, IN Branch",381,0.0033988454095381236
"Oliphant United, Inc.",381,0.0033988454095381236
"CULLEN/FROST BANKERS, INC.",375,0.003345320284978468
Verisk Analytics Inc,373,0.0033274785767919163
"Monarch Recovery Holdings, Inc.",372,0.0033185577226986403
PRESTIGE FINANCIAL SERVICES INC,372,0.0033185577226986403
Guild Holdings Company,371,0.0033096368686053646
"State Collection Service, Inc.",370,0.0033007160145120886
Yamaha Motor Finance Corporation USA,368,0.003282874306325537
OLD NATIONAL BANCORP,368,0.003282874306325537
Aspen Yo LLC,366,0.003265032598138985
"Gurstel Law Firm, P.C.",364,0.003247190889952433
"National Enterprise Systems, Inc.",364,0.003247190889952433
"Merchants Adjustment Service, Inc.",362,0.0032293491817658813
The Phoenix Recovery Group,362,0.0032293491817658813
"SCA Collections, Inc.",358,0.0031936657653927774
"Shepherd Outsourcing, LLC",358,0.0031936657653927774
BlueChip Financial,356,0.0031758240572062257
"GREENSKY OPERATIONS, LLC",356,0.0031758240572062257
Revolut Technologies Inc.,353,0.003149061494926398
"GreenSky, LLC",350,0.00312229893264657
"OLIPHANT FINANCIAL, LLC",350,0.00312229893264657
"Williams, Rush & Associates, LLC",348,0.0031044572244600184
"VANDERBILT MORTGAGE & FINANCE, INC",348,0.0031044572244600184
VALLEY NATIONAL BANCORP,347,0.0030955363703667423
"Rozlin Financial Group, Inc.",347,0.0030955363703667423
"Alliance One, Inc.",347,0.0030955363703667423
"MERCANTILE ADJUSTMENT BUREAU, LLC",346,0.0030866155162734667
CNG HOLDINGS INC,345,0.0030776946621801906
"Berlin-Wheeler, Inc. (Kansas)",343,0.003059852953993639
"Mandarich Law Group, LLP",342,0.003050932099900363
"Uplift, Inc",342,0.003050932099900363
"American Profit Recovery, Inc., Marlborough, MA Branch",341,0.003042011245807087
"Summit A*R, Inc.",340,0.003033090391713811
FULTON FINANCIAL CORPORATION,340,0.003033090391713811
"ECMC GROUP, INC.",340,0.003033090391713811
SG and Associates,339,0.003024169537620535
KBR INC DBA RASH CURTIS & ASSOCIATES,339,0.003024169537620535
"Skopos Financial, LLC",338,0.0030152486835272594
Frost-Arnett Company,338,0.0030152486835272594
"Better Mortgage, Inc.",337,0.0030063278294339833
SOUTHSTATE BANK CORPORATION,337,0.0030063278294339833
"Elevate Recoveries, LLC",335,0.0029884861212474316
"Merchants and Medical Credit Corporation, Inc.",335,0.0029884861212474316
USCB Corporation,333,0.00297064441306088
Movement Mortgage LLC,333,0.00297064441306088
"Northstar Location Services, LLC",333,0.00297064441306088
"GVA Holdings, LLC",332,0.002961723558967604
"SERVICEMAC, LLC",328,0.0029260401425945
"Strategic Alliances, Inc.",328,0.0029260401425945
"Total Card, Inc.",328,0.0029260401425945
"Complete Credit Solutions, Inc.",328,0.0029260401425945
Contemporary Information Corp,326,0.0029081984344079483
BOK FINANCIAL CORP,325,0.0028992775803146726
"Capital Management Services, LP",325,0.0028992775803146726
"Mountain Run Solutions, LLC",325,0.0028992775803146726
Rosebud Economic Development Corporation,324,0.0028903567262213966
"PlusFour, Inc",324,0.0028903567262213966
"National Collection Systems, Inc.",323,0.0028814358721281205
"Advantage Credit, Inc.",322,0.002872515018034845
Data Mortgage Inc.,321,0.0028635941639415688
Sterling Infosystems Inc.,321,0.0028635941639415688
EAST WEST BANK,320,0.0028546733098482927
"Volvo Car Financial Services U.S., LLC",317,0.002827910747568465
TomoCredit Inc.,314,0.0028011481852886376
"Mid-Atlantic Finance Co., Inc.",314,0.0028011481852886376
Kingston Data & Credit International Inc.,312,0.0027833064771020854
"Meridian Financial Services, Inc.",310,0.0027654647689155337
Southern Auto Finance Co,309,0.0027565439148222576
Fig Tech Inc.,308,0.002747623060728982
Healthcare Finance Direct LLC.,307,0.002738702206635706
"Persolve, LLC - Legal - Series 2",307,0.002738702206635706
"Nationwide Capital Services, LLC",307,0.002738702206635706
Grant & Weber,306,0.00272978135254243
"Bliksum, LLC",305,0.002720860498449154
Newport Intermediate Inc.,302,0.0026940979361693264
"Peer Advisors, LLC",302,0.0026940979361693264
"ARS National Services, Inc.",302,0.0026940979361693264
CHERRY TECHNOLOGIES INC.,301,0.0026851770820760503
CARD Corporation,301,0.0026851770820760503
Patient Accounting Service Center,300,0.0026762562279827747
"ATG Credit, LLC",297,0.002649493665702947
"Asset Recovery Solutions, LLC",297,0.002649493665702947
Atlantic Recovery Solutions LLC,296,0.002640572811609671
"Leafy Financial, LLC",295,0.0026316519575163948
Torriere Holdings INC,295,0.0026316519575163948
"Herbert P. Sears Co., Inc.",293,0.002613810249329843
"Ria Envia, LLC",292,0.0026048893952365674
"The Best Service Co.,Inc",292,0.0026048893952365674
Bonneville Billing and Collections,291,0.0025959685411432913
Sequoia Financial Services,290,0.0025870476870500153
"Lloyd & McDaniel, PLC",290,0.0025870476870500153
Credit Card Receivables Fund Incorporated,289,0.0025781268329567396
"Blockchain.com, Inc.",289,0.0025781268329567396
"Designed Receivable Solutions, Inc.",288,0.0025692059788634636
"Jim Bottin Enterprises, Inc",286,0.002551364270676912
Statebridge Company,286,0.002551364270676912
"MIB Group, Inc.",284,0.0025335225624903597
AUTOMOTIVE CREDIT CORPORATION,284,0.0025335225624903597
"Ray Klein, Inc.",283,0.002524601708397084
"ORG GC GP BUYER, LLC",283,0.002524601708397084
IQOR US INC,282,0.002515680854303808
SIMMONS FIRST NATIONAL CORPORATION,282,0.002515680854303808
ADIR INTERNATIONAL LLC,282,0.002515680854303808
Payfare International Inc.,282,0.002515680854303808
"First National Collection Bureau, Inc.",282,0.002515680854303808
Financial Credit Network Inc,281,0.0025067600002105324
"Valor Intelligent Processing, LLC",278,0.0024799974379307046
"F.H. Cann & Associates, Inc.",277,0.0024710765838374285
"Credit Central Holdings, LLC",277,0.0024710765838374285
"Happy Money, Inc.",277,0.0024710765838374285
"Professional Credit Management, Inc",276,0.0024621557297441524
"Pavilion Payments US BuyerCo, LLC",274,0.0024443140215576007
CADENCE BANK,273,0.0024353931674643246
"California Business Bureau, Inc.",270,0.0024086306051844973
"SIMM Associates, Inc.",269,0.002399709751091221
Kashable LLC,268,0.002390788896997945
DigniFi,267,0.0023818680429046695
Clark County Collection Service,267,0.0023818680429046695
"Home Loan Center, Inc.",267,0.0023818680429046695
"Omega RMS, LLC",267,0.0023818680429046695
2288984 Ontario Inc.,266,0.0023729471888113934
"Ideal Collection Services, Inc.",265,0.0023640263347181173
Entrata Inc.,264,0.0023551054806248417
Holloway Credit Solutions,263,0.0023461846265315656
"Avadyne Health Holdings, Inc",263,0.0023461846265315656
Mercury Financial Intermediate LLC,263,0.0023461846265315656
"Financial Recovery Services, Inc.",263,0.0023461846265315656
Transform Credit Inc.,262,0.0023372637724382896
Commercial Acceptance Company,262,0.0023372637724382896
Driveway Finance Corporation,261,0.002328342918345014
"Bridge IT, Inc.",260,0.002319422064251738
Financial Business and Consumer Solutions.,259,0.002310501210158462
"Stenger & Stenger, P.C",259,0.002310501210158462
"BANKMOBILE TECHNOLOGIES, INC",257,0.00229265950197191
"KLS Financial Services, Inc",256,0.0022837386478786344
"FIDELITY CAPITAL HOLDINGS, INC",256,0.0022837386478786344
"Asset Management Outsourcing, Inc.",255,0.0022748177937853583
InDebted Corporation,255,0.0022748177937853583
"Property Receivables, Corp",254,0.0022658969396920823
Nelson Cruz & Associates LLC,253,0.0022569760855988066
"Simon's Agency, Inc.",252,0.0022480552315055306
"Valon Technologies, Inc.",251,0.0022391343774122545
Ditech Financial LLC,250,0.002230213523318979
Medical-Commercial Audit Inc,250,0.002230213523318979
"Sentry Recovery and Collections, Inc.",249,0.0022212926692257028
CCM Finance LLC,248,0.002212371815132427
Consumer Collection Management. Inc,248,0.002212371815132427
"William D. Meeker Enterprises, Inc.",247,0.002203450961039151
"PEOPLE'S UNITED BANK, NATIONAL ASSOCIATION",247,0.002203450961039151
"COLUMBIA BANKING SYSTEM, INC.",245,0.0021856092528525994
"Cascade Capital, LLC",244,0.0021766883987593233
Fairway Independent Mortgage Corporation,243,0.002167767544666047
"GFS II, LLC",241,0.0021499258364794955
HANCOCK WHITNEY BANK,240,0.00214100498238622
NATIONAL DEBT RELIEF LLC,240,0.00214100498238622
Wolf River Development Company,240,0.00214100498238622
"Transfinancial Companies, Inc",239,0.0021320841282929438
Credit Service International Corp,239,0.0021320841282929438
"Duncan Solutions, lnc.",239,0.0021320841282929438
Sigue Corp.,238,0.0021231632741996677
Hunt & Henriques,237,0.002114242420106392
Chime Inc.,237,0.002114242420106392
"Uprova Credit, LLC",236,0.002105321566013116
"Risecredit, LLC",236,0.002105321566013116
CapitalJ Inc. dba Juno,234,0.0020874798578265643
"Webcollex, LLC",234,0.0020874798578265643
Idaho Housing And Finance Association,234,0.0020874798578265643
PREFERRED CREDIT INC,231,0.0020607172955467365
"HireRight Solutions, Inc.",230,0.0020517964414534604
Financial Data Systems,230,0.0020517964414534604
Pendrick Capital Partners,230,0.0020517964414534604
Viking Client Services,229,0.0020428755873601848
Financial Assistance Inc,229,0.0020428755873601848
ONEMAIN FINANCE CORPORATION,229,0.0020428755873601848
"International Computer Systems, Inc.",227,0.0020250338791736326
"Lennar Financial Services, LLC",227,0.0020250338791736326
Hillcrest Davidson & Associates,227,0.0020250338791736326
Account Resolution Corporation,227,0.0020250338791736326
Patenaude & Felix A Professional Corporation,227,0.0020250338791736326
"I.Q. DATA INTERNATIONAL, INC.",226,0.002016113025080357
Telerecovery Corporation,226,0.002016113025080357
Sunlight Financial LLC,226,0.002016113025080357
C/C Financial,225,0.002007192170987081
"Express Recovery Services, Inc.",225,0.002007192170987081
Credit Card Acquisitions Group,224,0.001998271316893805
"Advanced Collection Bureau, Inc.",224,0.001998271316893805
Zip Co US Inc.,224,0.001998271316893805
WorldRemit Corp.,224,0.001998271316893805
"American Collections Enterprise, Inc.",222,0.001980429608707253
"Remex, Inc.",222,0.001980429608707253
Finance of America Holdings LLC,221,0.001971508754613977
FCI Lender Services Inc.,221,0.001971508754613977
"AMA Advisors, LLC.",221,0.001971508754613977
"Consumer Financial Services Solutions, Inc.",220,0.0019625879005207014
NORTHWEST BANCSHARES INC,220,0.0019625879005207014
Ad Astra Recovery Services Inc,220,0.0019625879005207014
"Rubin & Rothman, LLC",220,0.0019625879005207014
SECURITY SERVICE FEDERAL CREDIT UNION,220,0.0019625879005207014
Georgia Student Finance Authority,220,0.0019625879005207014
TRUSTMARK CORPORATION,219,0.0019536670464274253
"Direct Recovery Services, LLC",218,0.0019447461923341495
"Key 2 Recovery, Inc.",217,0.0019358253382408736
"Credit Bureau Systems, Inc., Paducah, KY Branch",217,0.0019358253382408736
Johnson Mark LLC,215,0.0019179836300543217
"Nationwide Credit & Collection, Inc.",215,0.0019179836300543217
"U.S. Collections West, Inc.",214,0.0019090627759610459
One Source Technology,213,0.00190014192186777
"A.R.M. Solutions, Inc.",213,0.00190014192186777
"Accscient, LLC",212,0.001891221067774494
"Braviant Holdings, LLC",212,0.001891221067774494
"Bepensa Capital, Inc.",211,0.001882300213681218
"HOVG, LLC",210,0.0018733793595879422
"Sensible Auto Lending, LLC",210,0.0018733793595879422
Grow Credit Inc,210,0.0018733793595879422
"CashRepublic Holdings, Inc.",209,0.0018644585054946664
"Capstone Credit & Collection, LLC.",206,0.0018376959432148386
"Torres Credit Services, Inc.",206,0.0018376959432148386
"Receivable Management Group, Inc. (GA)",205,0.0018287750891215627
"CrossCheck, Inc.",205,0.0018287750891215627
"Phillips & Cohen Associates, Ltd.",205,0.0018287750891215627
"SUN WEST MORTGAGE COMPANY, INC.",204,0.0018198542350282866
Messerli & Kramer P.A.,204,0.0018198542350282866
"Glasser and Glasser, PLC",203,0.0018109333809350108
Western-Shamrock Corporation,203,0.0018109333809350108
Ascendium Education Group,202,0.001802012526841735
Receivables Management Corporation,201,0.0017930916727484588
"FMA Alliance, Ltd.",201,0.0017930916727484588
Earnest Inc.,201,0.0017930916727484588
"R.A.Rogers, Inc.",201,0.0017930916727484588
"NOVAD Management Consulting, LLC",200,0.001784170818655183
"American Accounts & Advisers, Inc.",200,0.001784170818655183
BANK OZK,200,0.001784170818655183
"Automated Collection Services, Inc.",198,0.0017663291104686313
Great American Finance Co,197,0.0017574082563753552
SAN DIEGO COUNTY CREDIT UNION,196,0.0017484874022820794
"Collection Bureau of Fort Walton Beach, Inc",196,0.0017484874022820794
"CUSTOMERS BANCORP, INC",196,0.0017484874022820794
"LTD Financial Services, L.P.",196,0.0017484874022820794
"Kansas Counselors, Inc.",195,0.0017395665481888035
PARAMOUNT RESIDENTIAL MORTGAGE GROUP,194,0.0017306456940955276
CAC Financial Corp,194,0.0017306456940955276
"Merchants & Medical Adjustment Bureau, Inc. dba Credit Bureau Associates",193,0.0017217248400022516
Alliant Capital Management LLC,193,0.0017217248400022516
"P.S.C., Inc",193,0.0017217248400022516
"Deinde Online Services, LLC",192,0.0017128039859089757
"Financial Management Solutions, LLC",192,0.0017128039859089757
"CreditNinja Lending, LLC",192,0.0017128039859089757
"Branch Messenger, Inc.",191,0.0017038831318156999
"Mercury Technologies, Inc.",190,0.0016949622777224238
"STATE FARM BANK, FSB",188,0.001677120569535872
"AMCOL Systems, Inc.",188,0.001677120569535872
Premium Credit Bureau,188,0.001677120569535872
Denefits LLC,188,0.001677120569535872
Quality Asset Recovery LLC,187,0.0016681997154425962
"Seattle Service Bureau, Inc",186,0.0016592788613493201
Scott Fetzer Financial Group Inc.,186,0.0016592788613493201
"Aspen National Financial, Inc.",185,0.0016503580072560443
Activehours,185,0.0016503580072560443
"GULF COAST COLLECTION BUREAU, INC.",185,0.0016503580072560443
GLOBAL CREDIT UNION,184,0.0016414371531627684
"J J Marshall & Associates, Inc",184,0.0016414371531627684
"FIRST INTERSTATE BANCSYSTEM, INC.",184,0.0016414371531627684
UNIVERSAL ACCEPTANCE CORPORATION (NE),184,0.0016414371531627684
"Roadrunner Account Services, LLC",184,0.0016414371531627684
"Tenaglia & Hunt, PA",184,0.0016414371531627684
"Law Office of Brett M. Borland, P.C.",183,0.0016325162990694926
Knight Adjustment Bureau,182,0.0016235954449762165
AMERICAN ADVISORS GROUP,182,0.0016235954449762165
"Sunset Management, Inc",182,0.0016235954449762165
"Javitch, Block & Rathbone LLC",182,0.0016235954449762165
BlockFi Inc,182,0.0016235954449762165
"Eastern Revenue, Inc.",182,0.0016235954449762165
Foursight Holding LLC,181,0.0016146745908829406
"COAST PROFESSIONAL, INC.",180,0.0016057537367896648
"PROSPERITY BANCSHARES, INC.",180,0.0016057537367896648
BANKERS HEALTHCARE GROUP LLC,180,0.0016057537367896648
"Absolute Recovery Services, LLC",180,0.0016057537367896648
"PDQ Services, Inc.",180,0.0016057537367896648
"Securus J Holdings, LLC",179,0.0015968328826963887
Grant Mercantile Agency,179,0.0015968328826963887
"Lewis, McDonnell & Associates",178,0.0015879120286031129
XOOM CORPORATION,176,0.0015700703204165611
"AppFolio, Inc.",176,0.0015700703204165611
"D&A Services, LLC",175,0.001561149466323285
"Federal Adjustment Bureau, Inc.",175,0.001561149466323285
American Financial Network Inc.,175,0.001561149466323285
"Relay Financial (US), Corp.",174,0.0015522286122300092
Starmark Financial LLC,173,0.0015433077581367334
Lendbuzz Inc.,173,0.0015433077581367334
CONGRESS COLLECTION CORP,172,0.0015343869040434575
Tate and Kirlin Assoc,172,0.0015343869040434575
"Servicing Solutions, LLC",172,0.0015343869040434575
RENASANT CORPORATION,172,0.0015343869040434575
LANIER COLLECTIONS AGENCY AND SERVICES INC,172,0.0015343869040434575
"UNITED BANKSHARES, INC.",171,0.0015254660499501814
BANK OF HAWAII CORPORATION,171,0.0015254660499501814
Union Home Mortgage Corp,171,0.0015254660499501814
"Atlantic Union Bankshares, Inc.",170,0.0015165451958569056
"First Financial Resources, Inc.",170,0.0015165451958569056
"FIRST HAWAIIAN, INC.",169,0.0015076243417636297
Accurate Background,168,0.0014987034876703539
"Arivo Acceptance, LLC",168,0.0014987034876703539
"Porsche Financial Services, Inc.",168,0.0014987034876703539
Medical Business Bureau,167,0.0014897826335770778
LendingUSA,167,0.0014897826335770778
U.S. Auto Sales Inc.,165,0.001471940925390526
GATEWAY FIRST BANK,165,0.001471940925390526
Bright Capital Inc,165,0.001471940925390526
Cottonwood Financial Ltd.,165,0.001471940925390526
Marauder Corporation,165,0.001471940925390526
Meta Payments Inc.,165,0.001471940925390526
Siggi LLC,165,0.001471940925390526
National Business Factors,164,0.00146302007129725
Texas Guaranteed,164,0.00146302007129725
"Maury Cobb, Attorney at Law, LLC",163,0.0014540992172039741
Minto Financial dba Minto Money,163,0.0014540992172039741
"FEDChex Recovery, LLC",163,0.0014540992172039741
"College Ave Student Loan Servicing, LLC",162,0.0014451783631106983
"N.A.R., Inc.",162,0.0014451783631106983
"Tribal Lending Enterprise, Inc.",162,0.0014451783631106983
"Paradigm Assets, LLC",162,0.0014451783631106983
U.S. Auto Credit Corporation,162,0.0014451783631106983
Crow Creek Sioux Tribe,161,0.0014362575090174224
"FlexShopper, Inc",161,0.0014362575090174224
"Flexible Finance, Inc.",161,0.0014362575090174224
"Porania, LLC",161,0.0014362575090174224
NBT BANCORP INC.,160,0.0014273366549241464
PRIMARY RESIDENTIAL MORTGAGE,160,0.0014273366549241464
Informative Research,160,0.0014273366549241464
"RAS LaVrar, LLC",160,0.0014273366549241464
"Innovate Managed Holdings, LLC",160,0.0014273366549241464
"Suttell, Hammer & White, P.S",159,0.0014184158008308705
"Figure Technologies, Inc",159,0.0014184158008308705
"Americor Funding, LLC",157,0.0014005740926443188
"Brock & Scott, PLLC",157,0.0014005740926443188
"SMITH, ROUCHON & ASSOCIATES, INC.",157,0.0014005740926443188
"Klima, Peters & Daly, P.A.",156,0.0013916532385510427
ACS Education Services,156,0.0013916532385510427
"Collins Asset Group, LLC",156,0.0013916532385510427
"COMMUNITY CHOICE FINANCIAL, INC.",155,0.0013827323844577669
"M.A.R.S., Inc.",154,0.001373811530364491
"Wilber and Associates, P.C.",154,0.001373811530364491
"Tilt Finance, Inc.",154,0.001373811530364491
"DailyPay, Inc",154,0.001373811530364491
"Consolidated Information Services Solutions, LLC",154,0.001373811530364491
MORTGAGE SOLUTIONS OF COLORADO,153,0.001364890676271215
TFS FINANCIAL CORPORATION,153,0.001364890676271215
"Credit Technologies, Inc.",153,0.001364890676271215
"HILLTOP HOLDINGS, INC",153,0.001364890676271215
"WESBANCO BANK, INC.",153,0.001364890676271215
"COMMUNITY FINANCIAL SYSTEM, INC.",152,0.001355969822177939
"Merchants and Professional Bureau, Inc.",152,0.001355969822177939
"Fidelity National Financial, Inc",151,0.0013470489680846632
"TIDEWATER FINANCE COMPANY, INC.",151,0.0013470489680846632
"Auto Trakk, LLC",150,0.0013381281139913874
"Palm Beach Credit Adjustors, Inc",150,0.0013381281139913874
Essential Lending Inc,150,0.0013381281139913874
"MUTUAL OF OMAHA MORTGAGE, LLC",150,0.0013381281139913874
"Aldridge PIte Haan, LLP",149,0.0013292072598981113
SECURITY CREDIT SYSTEMS INC,149,0.0013292072598981113
"Professional Placement Services, LLC",149,0.0013292072598981113
UMPQUA HOLDINGS CORPORATION,149,0.0013292072598981113
"Media Collections, Inc",149,0.0013292072598981113
Oklahoma Student Loan Authority,148,0.0013202864058048354
"PLAZA HOME MORTGAGE, INC.",148,0.0013202864058048354
"CIT BANK, NATIONAL ASSOCIATION",148,0.0013202864058048354
"Collection Receivables, Inc.",147,0.0013113655517115596
"Midwest Fidelity Services, LLC",146,0.0013024446976182837
MidAmerica Mortgage Inc,146,0.0013024446976182837
LAND HOME FINANCIAL SERVICES,146,0.0013024446976182837
"First Help Financial, LLC",145,0.0012935238435250076
Louisiana Recovery Services Inc.,144,0.0012846029894317318
"UHG, LLC",144,0.0012846029894317318
"Sa-Vit Enterprises, Inc.",144,0.0012846029894317318
"Selip & Stylianou, LLP",144,0.0012846029894317318
"HEAD MERCANTILE CO., INC.",144,0.0012846029894317318
The Moore Law Group,143,0.001275682135338456
"Sparrow Financial, Inc.",142,0.0012667612812451799
"All State Credit Bureau, Inc.",142,0.0012667612812451799
"The Stark Collection Agency, Inc.",142,0.0012667612812451799
"Bay Area Receivables, Inc",140,0.0012489195730586281
"Mountain Land Collections, Inc.",139,0.0012399987189653523
ALCHRO INC.,139,0.0012399987189653523
"RSI Enterprises, Inc.",139,0.0012399987189653523
"Avid Acceptance, LLC",139,0.0012399987189653523
FIRSTBANK,139,0.0012399987189653523
"ARC Management Group, LLC",139,0.0012399987189653523
"Collections Acquisition Company, Inc.",138,0.0012310778648720762
Nicholas Financial Inc.,138,0.0012310778648720762
"Galaxy Capital Acquisitions, LLC",138,0.0012310778648720762
SoLo Funds Inc.,138,0.0012310778648720762
"SUNTRUST BANKS, INC.",137,0.0012221570107788004
"COLLECTIONS USA, INC.",137,0.0012221570107788004
Avant Credit Corporation,136,0.0012132361566855245
BANNER CORPORATION,135,0.0012043153025922486
"Steel River Systems, LLC",135,0.0012043153025922486
LAKE MICHIGAN CREDIT UNION,135,0.0012043153025922486
CITY NATIONAL BANK,134,0.0011953944484989726
The Aligned Company DBA Extra,134,0.0011953944484989726
"Data and Contact Management Solutions, LLC",133,0.0011864735944056967
DOLLAR MUTUAL BANCORP,133,0.0011864735944056967
DHI Mortgage Company,133,0.0011864735944056967
MiraMed Revenue Group LLC,132,0.0011775527403124209
"M. G. Credit, Inc.",132,0.0011775527403124209
DataMax Corporation,132,0.0011775527403124209
"Apelles, LLC",131,0.0011686318862191448
"Credit Management Control, Inc.",131,0.0011686318862191448
"TEXAS CAPITAL BANCSHARES, INC.",131,0.0011686318862191448
WAFD BANK,131,0.0011686318862191448
"Levy & Associates, LLC",131,0.0011686318862191448
Kohn Law Firm S.C.,131,0.0011686318862191448
Oliver Adjustment Co.,131,0.0011686318862191448
"States Recovery Systems, Inc.",131,0.0011686318862191448
"Mcburberod Financial, Inc. d/b/a SeedFi",131,0.0011686318862191448
"AC AutoPay LLC, Denver, CO Branch",130,0.001159711032125869
"Hayt Hayt & Landau, P.L. (FL)",129,0.001150790178032593
Hollis Cobb Associates,129,0.001150790178032593
"PLS GROUP, INC",129,0.001150790178032593
YSA ARM LLC DBA Oxygen XL,128,0.0011418693239393172
"Orions Management Group, LLC",128,0.0011418693239393172
"CARCO Group, Inc.",128,0.0011418693239393172
Chrysalis Holdings LLC,128,0.0011418693239393172
"Cawley & Bergmann, LLP",128,0.0011418693239393172
Pacific Credit Exchange Corporation,128,0.0011418693239393172
"Stillman, P.C. d.b.a. Stillman Law Office",127,0.0011329484698460411
"A & O Recovery Solutions, LLC",127,0.0011329484698460411
"RGS Financial, Inc.",127,0.0011329484698460411
"Select Management Resources, LLC",127,0.0011329484698460411
"Fairway Capital Recovery, LLC",126,0.0011240276157527653
"Arcadia Holdings, LLC",126,0.0011240276157527653
FIRST MERCHANTS CORPORATION,126,0.0011240276157527653
Mutual Management Services LLC,125,0.0011151067616594894
"S&S Physician Services, Inc.",124,0.0011061859075662136
"Perpay, Inc.",124,0.0011061859075662136
IPAC'S Inc.,124,0.0011061859075662136
Waterfall Revenue Group,123,0.0010972650534729375
Arcon Credit Solutions LLC,123,0.0010972650534729375
Nationwide Credit Corporation,123,0.0010972650534729375
"Express Collections, Inc.",122,0.0010883441993796616
Riverwalk Financial Corporation,122,0.0010883441993796616
Retail Merchants Associates,122,0.0010883441993796616
"Round Up Ventures, L.P.",122,0.0010883441993796616
Credit Bureau Services Association,122,0.0010883441993796616
GREENSTATE CREDIT UNION,122,0.0010883441993796616
Kentucky Higher Education Assistance Authority,121,0.0010794233452863858
"Second Round Limited Partnership, Austin, TX Branch",121,0.0010794233452863858
"EMCC Holdings, LLC",121,0.0010794233452863858
"Collection Professionals, Inc.",121,0.0010794233452863858
"Momnt Technologies, Inc.",121,0.0010794233452863858
UNITED COMMUNITY BANK,121,0.0010794233452863858
"Investment Retrievers, Inc.",120,0.00107050249119311
"Big Picture Loans, LLC",120,0.00107050249119311
"SF VAGO, LLC",120,0.00107050249119311
Profit Services Group,120,0.00107050249119311
Terrill Outsourcing Group,119,0.0010615816370998339
"Lentegrity Management, LLC",119,0.0010615816370998339
"Diversified Consultants, Inc.",119,0.0010615816370998339
"DRB-40, LLC",119,0.0010615816370998339
NEW CITY FUNDING CORP.,119,0.0010615816370998339
United Credit and Collections Inc.,119,0.0010615816370998339
"Brightfunders, LLC",118,0.001052660783006558
"Professional Bureau of Collections of Maryland, Inc., GREENWOOD VILLAGE, CO Branch",118,0.001052660783006558
BEACON FINANCIAL CORPORATION,118,0.001052660783006558
QUALITY ACCEPTANCE LLC,118,0.001052660783006558
ZuntaFi Corp,118,0.001052660783006558
IOWA STUDENT LOAN LIQUIDITY CORPORATION,118,0.001052660783006558
"Arbor Professional Solutions, Inc.",117,0.0010437399289132821
Novo Platform Inc.,117,0.0010437399289132821
"The Savings Group, Inc.",117,0.0010437399289132821
"Brown and Joseph, Ltd",117,0.0010437399289132821
GLOBAL SOLUTION BIZ LLC.,117,0.0010437399289132821
"Stern Recovery Services, Inc.",116,0.001034819074820006
"Capital Link Management, LLC",116,0.001034819074820006
Debt Co LLC,116,0.001034819074820006
Supreme Lending,116,0.001034819074820006
Southwest Business Corporation,116,0.001034819074820006
"AUSSRQ Holdings, LLC",116,0.001034819074820006
"BC SERVICES, INC.",116,0.001034819074820006
"Law Offices of Robert J. Colclough, III",115,0.0010258982207267302
"TRIAD FINANCIAL SERVICES, INC.",115,0.0010258982207267302
FRESNO CREDIT BUREAU,115,0.0010258982207267302
"Click n' Close, Inc.",115,0.0010258982207267302
Sunnova Energy Corporation,115,0.0010258982207267302
"Nations Direct Mortgage, LLC",115,0.0010258982207267302
"Pollack & Rosen, P.A.",115,0.0010258982207267302
"Central States Recovery, Inc.",114,0.0010169773666334544
"Hatfield, Inc.",114,0.0010169773666334544
"TriVerity, Inc.",114,0.0010169773666334544
Loqbox US Inc,114,0.0010169773666334544
"Atlas Credit Company, Inc.",114,0.0010169773666334544
"Service Finance Holdings, LLC",114,0.0010169773666334544
"URS Holding, LLC",114,0.0010169773666334544
"Kelsting Group, Inc.",113,0.0010080565125401785
"Eagle Financial Services, Inc.",113,0.0010080565125401785
"COLLECTECH DIVERSIFIED, INC.",113,0.0010080565125401785
STERLING BANCORP,112,0.0009991356584469024
"Ingo Money, Inc.",112,0.0009991356584469024
"Keynote Consulting, Inc.",112,0.0009991356584469024
"Allied International Credit Corp., (US)",112,0.0009991356584469024
"Mid-South Adjustment Co., Inc.",112,0.0009991356584469024
Sarma,111,0.0009902148043536266
Fidelity Properties Inc.,111,0.0009902148043536266
DFC Global Corp.,111,0.0009902148043536266
Lincoln Educational Services Corporation,111,0.0009902148043536266
"RMS-Recovery Management Services, Inc.",111,0.0009902148043536266
"Auto Now Financial Services, Inc., Phoenix, AZ Branch",111,0.0009902148043536266
"Love, Beal & Nixon, P.C.",110,0.0009812939502603507
Forest Recovery Services LLC,110,0.0009812939502603507
"Lyons, Doughty & Veldhuis, PC",110,0.0009812939502603507
Kashia Services,110,0.0009812939502603507
"EVERGREEN PROFESSIONAL RECOVERIES, INC.",109,0.0009723730961670747
Garrison Investment Group,109,0.0009723730961670747
"Coast to Coast Financial Solutions, Inc.",109,0.0009723730961670747
"AMERICAN ADJUSTMENT BUREAU,INC.",109,0.0009723730961670747
"APEX Asset Management, LLC",108,0.0009634522420737989
"PatientFi, Inc.",108,0.0009634522420737989
"CENTRAL BANCOMPANY, INC",108,0.0009634522420737989
RockLoans Holdings LLC,107,0.0009545313879805229
"Paramount Capital Group, Inc.",107,0.0009545313879805229
"BetterNOI, LLC",107,0.0009545313879805229
"Nelson and Kennard, LLP",107,0.0009545313879805229
CHECK INTO CASH INC.,106,0.000945610533887247
"Uetsa Tsakits, Inc. d/b/a MaxLend",106,0.000945610533887247
"First Investors Servicing Corporation, Atlanta, GA Branch",106,0.000945610533887247
Premier Auto Credit,106,0.000945610533887247
"National Commercial Services, Inc",106,0.000945610533887247
NVR INC.,105,0.0009366896797939711
"NCP Holdings, L.P.",105,0.0009366896797939711
"JDJ Investments, INC.",105,0.0009366896797939711
BB&T CORPORATION,105,0.0009366896797939711
"Reliable Credit Association, Inc.",105,0.0009366896797939711
The J. G. Wentworth Company,105,0.0009366896797939711
AmeriCash Holding LLC,105,0.0009366896797939711
"Receivable Recovery Services, LLC",105,0.0009366896797939711
"Cornerstone Holdings, Inc.",105,0.0009366896797939711
"Alliance Collection Agencies, Inc.",104,0.0009277688257006951
"McNeil & Meyers Asset Management Group, LLC",103,0.0009188479716074193
"Acra Intermediate Holdings, LLC",103,0.0009188479716074193
Servatus Corporation,103,0.0009188479716074193
"APPLE FINANCIAL HOLDINGS, INC.",103,0.0009188479716074193
"Green & Sons Agency, Inc.",103,0.0009188479716074193
Forster & Garbus LLP,103,0.0009188479716074193
Alabama Housing Finance Authority,103,0.0009188479716074193
KeyBridge Medical Revenue Management,101,0.0009010062634208675
"GLOBAL CLIENT SOLUTIONS, LLC",101,0.0009010062634208675
D2 Management LLC,101,0.0009010062634208675
"Weber & Olcese, PLC",101,0.0009010062634208675
FIRST FINANCIAL BANCORP,100,0.0008920854093275915
BYL Collection Services,100,0.0008920854093275915
"Specialized Collection Systems, Inc.",100,0.0008920854093275915
"Go Capital Holdings, LLC",100,0.0008920854093275915
Ascent Holding Co,100,0.0008920854093275915
"HOME BANCSHARES, INC.",100,0.0008920854093275915
"Diaz & Associates, Inc.",99,0.0008831645552343156
"PINNACLE FINANCIAL PARTNERS, INC.",99,0.0008831645552343156
"Credit Service Company, INC",99,0.0008831645552343156
AMERICAN PACIFIC MORTGAGE,99,0.0008831645552343156
CATHAY BANK,98,0.0008742437011410397
COLORADO HOUSING AND FINANCE AUTHORITY,98,0.0008742437011410397
"The Thomas Agency, Inc.",98,0.0008742437011410397
MS SERVICES LLC,98,0.0008742437011410397
"Glass Mountain Capital, LLC",97,0.0008653228470477638
"AAA Auto Title Loans, LLC",97,0.0008653228470477638
Cooling & Winter LLC,97,0.0008653228470477638
"Andreu, Palma & Andreu, PL",97,0.0008653228470477638
"CARS Acquisition, LLC",96,0.0008564019929544879
Unlimited Progress Corp,96,0.0008564019929544879
CARVANT FINANCIAL LLC,96,0.0008564019929544879
"Medical Society Business Services, Inc.",95,0.0008474811388612119
Fundo LLC,95,0.0008474811388612119
TFC Credit Corporation of California,95,0.0008474811388612119
Consumer Financial Services,95,0.0008474811388612119
"Admin Recovery, LLC",94,0.000838560284767936
"Aldridge Pite, LLP",94,0.000838560284767936
QC HOLDINGS INC,94,0.000838560284767936
"Receivable Solutions, Inc.",94,0.000838560284767936
Indie Technology DBA Found,94,0.000838560284767936
EASTERN BANKSHARES INC,94,0.000838560284767936
Metro Collection Service Inc.,94,0.000838560284767936
Granite Edvance Corporation,93,0.0008296394306746601
Global Trust Management LLC,93,0.0008296394306746601
"S & S Recovery, Inc.",93,0.0008296394306746601
eToro USA LLC,92,0.0008207185765813842
PROVIDENT FUNDING ASSOCIATES,92,0.0008207185765813842
"Applied Business Services, Inc.",92,0.0008207185765813842
"Optimum Outcomes, Inc.",92,0.0008207185765813842
"North State Acceptance, LLC",92,0.0008207185765813842
"Law Offices of Hayt, Hayt & Landau, LLC",92,0.0008207185765813842
"PINNACLE RECOVERY, INC.",92,0.0008207185765813842
Orion Capital Solutions LLC,91,0.0008117977224881082
"Castle Credit Co Holdings, LLC, Chicago, IL Branch",91,0.0008117977224881082
"Universal Account Servicing, LLC",91,0.0008117977224881082
Universal Recovery Corporation,91,0.0008117977224881082
"BCA Financial Services, Inc.",91,0.0008117977224881082
POPULAR BANK,91,0.0008117977224881082
"LendKey Technologies, Inc.",91,0.0008117977224881082
FIRST UNITED BANK AND TRUST COMPANY,90,0.0008028768683948324
"Thunderbird Collection Specialists, Inc.",90,0.0008028768683948324
"Mercari, Inc.",90,0.0008028768683948324
"Meade & Associates, Inc.",90,0.0008028768683948324
Mar Joe Enterprises,90,0.0008028768683948324
Renton Collections Inc.,89,0.0007939560143015564
OFG BANCORP,89,0.0007939560143015564
Academy Mortgage Corporation,88,0.0007850351602082806
WESTERN ALLIANCE BANCORPORATION,88,0.0007850351602082806
Giggle Finance Inc.,88,0.0007850351602082806
MEI AUTO FINANCE INC,88,0.0007850351602082806
INDEPENDENT BANK CORP.,88,0.0007850351602082806
AMERICAN INTERNET MORTGAGE,88,0.0007850351602082806
"Finance System of Richmond, Inc.",88,0.0007850351602082806
Financial Accounts Service Team Inc.,88,0.0007850351602082806
Mullooly Jeffrey Rooney & Flynn,87,0.0007761143061150046
N26 Inc.,87,0.0007761143061150046
Cornerstone Home Lending Inc.,87,0.0007761143061150046
MAJR Financial Corp,87,0.0007761143061150046
"Tromberg, Miller, Morris & Partners, PLLC",87,0.0007761143061150046
Post Lake Lending Inc.,87,0.0007761143061150046
FIRST HOME MORTGAGE CORPORATION,87,0.0007761143061150046
EQUITY LOANS LLC,87,0.0007761143061150046
"Payactiv, Inc.",87,0.0007761143061150046
"Dyck-O'Neal, Inc.",87,0.0007761143061150046
"PulteGroup, Inc.",86,0.0007671934520217287
"The Law Offices of Jennifer McCoy, PC",86,0.0007671934520217287
"Michel Law, LLC d/b/a Level One Law",86,0.0007671934520217287
"Consolidated Recovery Group, LLC",86,0.0007671934520217287
"Healthcare Collections-I, LLC",86,0.0007671934520217287
AUTOMOBILE ACCEPTANCE CORPORATION,86,0.0007671934520217287
"Receivable Collection Services, LLC",85,0.0007582725979284528
"DApps Platform, Inc.",85,0.0007582725979284528
"FIRST MIDWEST BANCORP, INC.",85,0.0007582725979284528
Abra,85,0.0007582725979284528
"United Accounts, Inc.",84,0.0007493517438351769
"Account Control Technology, Inc.",83,0.000740430889741901
"ClearOne Advantage, LLC",83,0.000740430889741901
Gatestone & Co. International Inc.,83,0.000740430889741901
Huntington Debt Holding LLC,83,0.000740430889741901
Exto Inc.,83,0.000740430889741901
Fuel Capital Group,83,0.000740430889741901
"COLLECTION SERVICES OF ATHENS, INC.",83,0.000740430889741901
"Alpine Credit, Inc",83,0.000740430889741901
"Farrell Holdings, LLC",82,0.000731510035648625
FIRST COMMONWEALTH FINANCIAL CORPORATION,82,0.000731510035648625
"BILL.COM, LLC",82,0.000731510035648625
Massachusetts Educational Financing Authority,81,0.0007225891815553491
Financial Asset Management Systems Inc,81,0.0007225891815553491
Merchants Acceptance Corp,81,0.0007225891815553491
Tally Technologies,81,0.0007225891815553491
Lien Enforcement Inc,81,0.0007225891815553491
TapTap Send Inc.,81,0.0007225891815553491
"Adelante, Inc",81,0.0007225891815553491
VELO LAW OFFICE,80,0.0007136683274620732
Betterment LLC,80,0.0007136683274620732
NATIONWIDE ACCEPTANCE LLC,80,0.0007136683274620732
Access Receivables of NC Inc.,80,0.0007136683274620732
"United Resource Systems, Inc",80,0.0007136683274620732
HIGHER EDUCATION STUDENT ASSISTANCE AUTHORITY (HESAA),80,0.0007136683274620732
Glacier Bancorp Inc.,80,0.0007136683274620732
"National Recovery Solutions, LLC",80,0.0007136683274620732
"Roosen, Varchetti & Olivier, PLLC",80,0.0007136683274620732
"Nathan & Nathan, P.C.",80,0.0007136683274620732
North American Credit Services,80,0.0007136683274620732
SIERRA PACIFIC MORTGAGE,79,0.0007047474733687973
FIRST AMERICAN FINANCIAL CORPORATION,79,0.0007047474733687973
INTERCONTINENTAL CAPITAL GROUP,79,0.0007047474733687973
"Midwest Loan Services, Inc.",79,0.0007047474733687973
COOLEY ENTERPRISES INC,79,0.0007047474733687973
Continental Credit Control,79,0.0007047474733687973
Amscot Corporation,78,0.0006958266192755214
CIBC BANCORP USA INC.,78,0.0006958266192755214
Everest Receivable Services Inc.,78,0.0006958266192755214
Armada Corp.,78,0.0006958266192755214
Professional Collectors Corp.,77,0.0006869057651822455
"College Foundation, Inc.",77,0.0006869057651822455
"PACIFIC PREMIER BANCORP, INC.",77,0.0006869057651822455
"COLLECTION ASSOCIATES, LTD.",77,0.0006869057651822455
"PayTomorrow, LLC",76,0.0006779849110889695
SOP Pioneer Partners LP,76,0.0006779849110889695
"Constar Financial Services, LLC",76,0.0006779849110889695
RC Willey,76,0.0006779849110889695
UNITED AUTO ACCEPTANCE,76,0.0006779849110889695
Credit International Corporation,76,0.0006779849110889695
Business & Professional Collection Service Inc,76,0.0006779849110889695
"McCalla Raymer Leibert Pierce, LLC",76,0.0006779849110889695
"National Account Systems of Omaha, LLC",75,0.0006690640569956937
American Recovery Service Incorporated,75,0.0006690640569956937
"Professional Medical Management, Inc.",75,0.0006690640569956937
"NEXA Mortgage, LLC",75,0.0006690640569956937
"NPAS, Inc.",75,0.0006690640569956937
E*TRADE BANK,75,0.0006690640569956937
"Progrexion Holdings, Inc.",75,0.0006690640569956937
"JTM Capital Management, LLC",75,0.0006690640569956937
"DIRECMANAGEMENT, INC.",75,0.0006690640569956937
"Synter Resource Group, LLC.",74,0.0006601432029024177
REVERSE MORTGAGE INVESTMENT TR,74,0.0006601432029024177
Deutsche Bank,74,0.0006601432029024177
"BLINCLOANS, INC.",74,0.0006601432029024177
MIDWEST RECEIVABLE SOLUTIONS LLC,74,0.0006601432029024177
Viva Finance Inc.,74,0.0006601432029024177
"Birchwood Credit Services, Inc.",74,0.0006601432029024177
"Bilt Technologies, Inc.",74,0.0006601432029024177
"Second Alliance, Inc.",73,0.0006512223488091419
Mediation Recovery Center,73,0.0006512223488091419
CRESCO CAPITAL INC.,73,0.0006512223488091419
"Ridge & Valley Realty, Inc.",73,0.0006512223488091419
Franklin Credit Management Corporation,73,0.0006512223488091419
"Peter Roberts & Associates, Inc.",73,0.0006512223488091419
Smith Debnam Narron Drake Saintsing & Myers LLP,73,0.0006512223488091419
Reel Time Capital LLC,73,0.0006512223488091419
"Credit Bureau of the South, Inc.",73,0.0006512223488091419
Collection Service of Nevada,72,0.0006423014947158659
"Recovery One, LLC",72,0.0006423014947158659
FB FINANCIAL CORPORATION,71,0.0006333806406225899
AMERICAN NEIGHBORHOOD MORTGAGE,71,0.0006333806406225899
"Manhattan Beach Venture, LLC",71,0.0006333806406225899
"Certified Credit Reporting, Inc.",71,0.0006333806406225899
"Vengroff Williams, Inc",71,0.0006333806406225899
Revenue Assistance Corporation dba Revenue Group,71,0.0006333806406225899
"CASHCALL, INC.",71,0.0006333806406225899
"Recovery Solutions Group, LLC",71,0.0006333806406225899
Abrahamsen Gindin LLC,71,0.0006333806406225899
BUSEY BANK,70,0.0006244597865293141
"Milliman, Inc.",70,0.0006244597865293141
"Midstate Collection Solutions, Inc.",70,0.0006244597865293141
HF Holdings,70,0.0006244597865293141
"ULRS, Inc.",70,0.0006244597865293141
"Malen & Associates, p.c.",69,0.0006155389324360381
SunTx Capital Partners,69,0.0006155389324360381
PENNSYLVANIA HOUSING FINANCE AGENCY,69,0.0006155389324360381
FIRST REPUBLIC BANK,69,0.0006155389324360381
"American Collection Services, Inc. (OK, TX)",69,0.0006155389324360381
"Business Processing Solutions, LLC",69,0.0006155389324360381
"R.T.R. Financial Services, Inc.",69,0.0006155389324360381
"RICHLAND HOLDINGS, INC.",69,0.0006155389324360381
"Rausch, Sturm, Israel, Enerson & Hornik, LLP",69,0.0006155389324360381
"HOPE BANCORP, INC.",68,0.0006066180783427622
"Augusta Collection Agency, Inc.",68,0.0006066180783427622
TSC Accounts Receivable Solutions,68,0.0006066180783427622
Asset Recovery Bureau LLC,68,0.0006066180783427622
"CREDIT WORLD SERVICES, INC.",68,0.0006066180783427622
Garcadia Financial LLC,68,0.0006066180783427622
Global Tel*Link Corporation,68,0.0006066180783427622
Advance Bureau of Collections,68,0.0006066180783427622
"Dakota Financial, LLC",68,0.0006066180783427622
"Longbridge Financial, LLC",67,0.0005976972242494863
"Credit Collections U.S.A., L.L.C.",67,0.0005976972242494863
DreamSpring,67,0.0005976972242494863
"AA Recovery Solutions, Inc.",67,0.0005976972242494863
KINGS CREDIT SERVICES,67,0.0005976972242494863
"SANDY SPRING BANCORP, INC.",67,0.0005976972242494863
"NCD Financial, LLC",67,0.0005976972242494863
"Community Health Investment Company, LLC.",67,0.0005976972242494863
"Special Financing Company, LLC",67,0.0005976972242494863
Turning Point Solutions LLC,67,0.0005976972242494863
Couch Lambert LLC,67,0.0005976972242494863
"Wallace Management Company, LLC",66,0.0005887763701562104
"Credit Counsel, Inc.",66,0.0005887763701562104
Merchants Credit Corporation,66,0.0005887763701562104
"BALANCED HEALTHCARE RECEIVABLES, LLC",66,0.0005887763701562104
FIRST HERITAGE CREDIT LLC,66,0.0005887763701562104
"C.Tech Collections, Inc.",66,0.0005887763701562104
Southwest Stage Funding,66,0.0005887763701562104
Credit Service Company,65,0.0005798555160629345
Mortgage Lenders Investment Trading Corp,65,0.0005798555160629345
MID FLORIDA FINANCING LLC,65,0.0005798555160629345
Celsius US Holding LLC,65,0.0005798555160629345
"Eagle Accounts Group, Inc.",65,0.0005798555160629345
"Stuart-Lippman and Associates, Inc",65,0.0005798555160629345
"BRite Financial Services, Inc.",65,0.0005798555160629345
"Moss Law Firm, P.C.",65,0.0005798555160629345
NATIONS LENDING CORPORATION,65,0.0005798555160629345
Kirschenbaum & Phillips P.C,65,0.0005798555160629345
Recovery Management Solutions LLC,65,0.0005798555160629345
Performant Financial Corporation,65,0.0005798555160629345
"Independence Capital Recovery, LLC",65,0.0005798555160629345
M1 Holdings Inc.,65,0.0005798555160629345
ATLANTIC BAY MORTGAGE GROUP LLC,64,0.0005709346619696586
"DLF Law Group, LLC",64,0.0005709346619696586
"Preferred Collection and Management, Inc.",64,0.0005709346619696586
"Valentine and Kebartas, Inc.",64,0.0005709346619696586
NCSPLUS INCORPORATED,64,0.0005709346619696586
"DSR HOLDINGS GROUP, LLC",64,0.0005709346619696586
Security National Financial Corp,64,0.0005709346619696586
"Todd, Bremer & Lawson, Inc.",64,0.0005709346619696586
"Debt Collectors International, Inc.",63,0.0005620138078763826
CHALLENGE FINANCIAL SERVICES,63,0.0005620138078763826
"OUT TECH, INC.",63,0.0005620138078763826
"ALEXANDER-ROSE ASSOC, INC.",63,0.0005620138078763826
PCR Group,63,0.0005620138078763826
"Credit Center, LLC",63,0.0005620138078763826
Eaton Group Attorneys LLC,63,0.0005620138078763826
"Autovest, L.L.C.",62,0.0005530929537831068
"Nav Technologies, Inc.",62,0.0005530929537831068
"Heritage Financial Group, Inc.",62,0.0005530929537831068
"TradeStation Group, Inc.",62,0.0005530929537831068
700 Credit Experts,62,0.0005530929537831068
Utah System of Higher Education,62,0.0005530929537831068
"Cash Express, LLC",62,0.0005530929537831068
Crossroads Systems Inc.,62,0.0005530929537831068
"Stallings Financial Group, Inc.",62,0.0005530929537831068
"Scheer, Green & Burke L.P.A.",62,0.0005530929537831068
"DLC, LLC",62,0.0005530929537831068
"Credit Protection Association, L.P.",61,0.0005441720996898308
Royal Pacific Funding Corporation,61,0.0005441720996898308
Schreiber Law LLC,61,0.0005441720996898308
"GB Collects, LLC",61,0.0005441720996898308
"Neighborhood Assistance Corporation of America (""NACA"")",61,0.0005441720996898308
AAA Collections,61,0.0005441720996898308
"Revenue Enterprises, LLC",61,0.0005441720996898308
"Merchants Credit Bureau, Inc.",61,0.0005441720996898308
"Reverse Mortgage Solutions, Inc.",61,0.0005441720996898308
Future Judgement Solutions,60,0.000535251245596555
RELIANCE FIRST CAPITAL LLC,60,0.000535251245596555
Alpha Recovery Corp,60,0.000535251245596555
"Receivables Outsourcing, Inc.",60,0.000535251245596555
"Healthcare Receivables Group, Inc.",60,0.000535251245596555
Omnipoint Capital,60,0.000535251245596555
"CHECKredi of Kentucky, LLC",59,0.000526330391503279
PRONTO FINANCE INC.,59,0.000526330391503279
"Blakely-Witt and Associates, Inc.",59,0.000526330391503279
"Ascension Point Recovery Services, LLC",59,0.000526330391503279
"Majority USA, LLC",59,0.000526330391503279
Professional Collection Service Inc (GA),59,0.000526330391503279
"Southern Oregon Credit Service, Inc.",58,0.000517409537410003
BANCORPSOUTH BANK,58,0.000517409537410003
Flandreau Santee Sioux Tribe,58,0.000517409537410003
Modern Adjustment Bureau,58,0.000517409537410003
Kubota North America Corporation,58,0.000517409537410003
"BCI FINANCIAL GROUP, INC.",58,0.000517409537410003
Clarity Services,58,0.000517409537410003
Michael J Adams PC,58,0.000517409537410003
Financial Corporation of America,58,0.000517409537410003
Benht: Economic Development Corporation,58,0.000517409537410003
"Delta Management Associates, Inc.",58,0.000517409537410003
Gravamen Asset Management Group LLC,58,0.000517409537410003
South Mississippi Collection Services Inc.,57,0.0005084886833167272
"Voss & Klein, LLC",57,0.0005084886833167272
LCS FINANCIAL SERVICES CORPORATION,57,0.0005084886833167272
Universal Payment Corporation,57,0.0005084886833167272
"Shermeta Law Group, PLLC",57,0.0005084886833167272
"National Medical Administrators, Inc",57,0.0005084886833167272
"Eastpoint Recovery Group, Inc",57,0.0005084886833167272
"Zarzaur and Schwartz, PC",57,0.0005084886833167272
STANDARD MORTGAGE CORPORATION,57,0.0005084886833167272
"Esusu, Inc.",57,0.0005084886833167272
"MAS FINANCIAL SERVICES, INC.",57,0.0005084886833167272
"Gordon, Aylworth & Tami, P.C.",57,0.0005084886833167272
"Acrisure Mortgage Partners, LLC",56,0.0004995678292234512
"Finance System of Toledo, Inc.",56,0.0004995678292234512
"Orion Portfolio Services, LLC",56,0.0004995678292234512
"Denali Capital Holdings, LLC",56,0.0004995678292234512
"Berman & Rabin, P.A.",55,0.0004906469751301754
Statewide Credit Services Corp.,55,0.0004906469751301754
Global Credit & Collection Corporation,55,0.0004906469751301754
Four Directions Lending LLC,55,0.0004906469751301754
"Ballybunion Enterprises, Inc",55,0.0004906469751301754
Hanwha QCells USA Corp,55,0.0004906469751301754
"CAROLINA FINANCE, LLC",55,0.0004906469751301754
"AMERINATIONAL COMMUNITY SERVICES, INC.",55,0.0004906469751301754
"Delivery Financial Services, LLC",55,0.0004906469751301754
"Arena Investors, LP",55,0.0004906469751301754
"B9, Inc.",55,0.0004906469751301754
"Southern Credit Recovery, Inc.",55,0.0004906469751301754
"CB1, Inc.",55,0.0004906469751301754
"TAG Intermediate Holding Company, LLC",54,0.00048172612103689945
TEXAS HIGHER EDUCATION COORDINATING BOARD,54,0.00048172612103689945
CREDICO. INC,54,0.00048172612103689945
"Unisa, Inc",54,0.00048172612103689945
"Fein, Such, Kahn & Shepard, P.C.",54,0.00048172612103689945
Centron Services,54,0.00048172612103689945
"WINN LAW GROUP, APC",54,0.00048172612103689945
"1803 Capital, LLC",54,0.00048172612103689945
UBS BANK USA,54,0.00048172612103689945
Premier Student Loan Center,54,0.00048172612103689945
"Paxful Holdings, Inc.",53,0.0004728052669436235
Federated Student Loan Services,53,0.0004728052669436235
National Management Recovery Corp. (NMRC),53,0.0004728052669436235
SEACOAST BANKING CORPORATION OF FLORIDA,53,0.0004728052669436235
"Nevada Credico, Inc.",53,0.0004728052669436235
"Compass Recovery Group, LLC",53,0.0004728052669436235
Credova Holdings Inc,53,0.0004728052669436235
"Silverman Theologou, LLP",53,0.0004728052669436235
"Scratch Financial, Inc.",53,0.0004728052669436235
AmWest Funding Corp.,53,0.0004728052669436235
"Propel, Inc.",52,0.00046388441285034757
"Loan South Finance & Tax Service of Troy, LLC",52,0.00046388441285034757
"IMPAC MORTGAGE HOLDINGS, INC.",52,0.00046388441285034757
MISSION FINANCIAL SERVICES CORPORATION,52,0.00046388441285034757
"Andrews & Cox, P.C.",52,0.00046388441285034757
"Kramer & Frank, P.C.",52,0.00046388441285034757
Collection Consultants of California,52,0.00046388441285034757
Action Collection Service,52,0.00046388441285034757
TOLEDO FINANCE CORPORATION,51,0.00045496355875707166
AG AH LLC,51,0.00045496355875707166
"JNR Adjustment Company, Inc",51,0.00045496355875707166
NETWORK CAPITAL FUNDING CORP,51,0.00045496355875707166
"PMAB,LLC",51,0.00045496355875707166
Vericred Solutions LLC,51,0.00045496355875707166
State Home Mortgage,51,0.00045496355875707166
"Data Search NY, Inc.",51,0.00045496355875707166
"Valley Collection Service, LLC",51,0.00045496355875707166
Credit Sage LLC,51,0.00045496355875707166
All Debt Solutions Inc. dba: 1st Class Agency,51,0.00045496355875707166
"Windham Professionals, Inc.",51,0.00045496355875707166
"Long & Foster Financial Services, Inc.",51,0.00045496355875707166
"Hauge Associates, Inc.",50,0.00044604270466379575
"Freeway Funding, Inc.",50,0.00044604270466379575
Lac Courte Oreilles Financial Services II,50,0.00044604270466379575
BELMONT FINANCE LLC,50,0.00044604270466379575
CountryPlace Acceptance Corporation,50,0.00044604270466379575
"Net Pay Advance, Inc.",50,0.00044604270466379575
"4M Collections, LLC",50,0.00044604270466379575
"NFM, INC",50,0.00044604270466379575
TOWNEBANK,50,0.00044604270466379575
Ready Capital Corporation,50,0.00044604270466379575
"Jacob Law Group, PLLC",50,0.00044604270466379575
Meritize Financial Inc.,50,0.00044604270466379575
"Bitstamp USA, Inc.",50,0.00044604270466379575
"Professional Adjustment Corp. of S.W. FL., Inc.",50,0.00044604270466379575
INVESTORS BANK,49,0.00043712185057051984
Accelerated Servicing Group LLC,49,0.00043712185057051984
Credit Glory LLC,49,0.00043712185057051984
"Trojan Professional Services, Inc.",49,0.00043712185057051984
"Action Collection Agencies, Inc.",49,0.00043712185057051984
IDAHO CENTRAL CREDIT UNION,49,0.00043712185057051984
"Collection Management Services, Inc.",49,0.00043712185057051984
Debt Management Incorporated,49,0.00043712185057051984
"Greenberg, Grant & Richards Inc.",49,0.00043712185057051984
Diversified Acceptance Corporation,49,0.00043712185057051984
Commonwealth Health Corporation,49,0.00043712185057051984
United Group Inc.,49,0.00043712185057051984
"Business Revenue Systems, Inc.",48,0.0004282009964772439
"American Capital Enterprises, Inc.",48,0.0004282009964772439
Abbott Osborn Jacobs PLC,48,0.0004282009964772439
Receivable Solutions LLC,48,0.0004282009964772439
VIRGINIA HOUSING DEVELOPMENT AUTHORITY,48,0.0004282009964772439
"National Auto Lenders, Inc.",48,0.0004282009964772439
"Benuck & Rainey, Inc.",48,0.0004282009964772439
"Account Managers, Inc.",48,0.0004282009964772439
"National Healthcare Collections, LLC",47,0.000419280142383968
Time Investment Corporation,47,0.000419280142383968
A-L FINANCIAL CORP,47,0.000419280142383968
Zillow Group Inc.,47,0.000419280142383968
"Credit Consulting Services, Inc.",47,0.000419280142383968
"MST Financial Services, L.L.C.",47,0.000419280142383968
"Axela Technologies, Inc",47,0.000419280142383968
Circle Internet Financial,47,0.000419280142383968
"Ragan & Ragan, PC",47,0.000419280142383968
"SUMMIT FUNDING, INC.",47,0.000419280142383968
MCMC Auto LTD,47,0.000419280142383968
Carmichael & Frost LLC,47,0.000419280142383968
"Kornerstone Credit,  LLC.",47,0.000419280142383968
Mnet Financial Inc,47,0.000419280142383968
"Ratchford Law Group, P.C.",47,0.000419280142383968
CONRAD CREDIT CORPORATION,47,0.000419280142383968
"Certified Solutions, Inc",47,0.000419280142383968
"Illinois Collection Service, Inc.",47,0.000419280142383968
FACTUAL DATA CORP.,47,0.000419280142383968
Tulsa Adjustment Bureau,46,0.0004103592882906921
"Global Processing Services, LLC",46,0.0004103592882906921
NEW YORK STATE HIGHER EDUCATION SERVICES CORPORATION (HESC)—,46,0.0004103592882906921
Sulphur Bank Rancheria Enterprises,46,0.0004103592882906921
"Palmar, Inc.",46,0.0004103592882906921
OpenRoad Lending,46,0.0004103592882906921
"The Leviton Law Firm, Ltd.",46,0.0004103592882906921
Screening Reports Inc.,46,0.0004103592882906921
Team Recovery Inc.,46,0.0004103592882906921
"Ark-La-Tex Financial Services, LLC",46,0.0004103592882906921
Accounts Receivable Inc.,46,0.0004103592882906921
FMS Inc.,45,0.0004014384341974162
"American Financial Resources, Inc.",45,0.0004014384341974162
"Commercial Trade, Inc.",45,0.0004014384341974162
"VIRTUOSO SOURCING GROUP, LLC.",45,0.0004014384341974162
CRED Technologies dba cred.ai,45,0.0004014384341974162
"Law Offices of Robert A. Schuerger Co., LPA",45,0.0004014384341974162
American Student Assistance,45,0.0004014384341974162
"Jonathan Neil & Associates, Inc",45,0.0004014384341974162
Turner Acceptance Corp.,45,0.0004014384341974162
"Commerce Home Mortgage, Inc",45,0.0004014384341974162
"Tri-State Adjustments, Inc.",45,0.0004014384341974162
Kora Financial,45,0.0004014384341974162
"Debois, Inc.",45,0.0004014384341974162
PERDUE BRANDON FIELDER COLLINS & MOTT LLP,45,0.0004014384341974162
"E Mortgage Capital, Inc.",45,0.0004014384341974162
"Southern Financial Systems, Inc.",45,0.0004014384341974162
"United Consumer Finance, Inc.",45,0.0004014384341974162
Pacific Retrieval LLC,45,0.0004014384341974162
"New Century Auto Sales, Inc.",45,0.0004014384341974162
LendUp Loans LLC,45,0.0004014384341974162
KP ASSET CONSULTING LLC,44,0.0003925175801041403
"NPG Associates, Inc.",44,0.0003925175801041403
TOWNE MORTGAGE COMPANY,44,0.0003925175801041403
Vertical Screen,44,0.0003925175801041403
"Collection Professionals, Inc. (Macomb, IL)",44,0.0003925175801041403
Guglielmo and Associates,44,0.0003925175801041403
"RSH & Associates, LLC",44,0.0003925175801041403
"StellarFinance, Inc.",44,0.0003925175801041403
Marcadis Singer PA,44,0.0003925175801041403
ASTA FUNDING INC.,44,0.0003925175801041403
"CREDIT CONCEPTS, INC.",44,0.0003925175801041403
"BANKUNITED, NATIONAL ASSOCIATION",44,0.0003925175801041403
"DCI Credit Services, Inc.",44,0.0003925175801041403
"Account Management Services, Inc.",44,0.0003925175801041403
ROYAL UNITED MORTGAGE LLC,44,0.0003925175801041403
"JFQ Lending, LLC",44,0.0003925175801041403
"Caneel Capital, LLC",44,0.0003925175801041403
Prime Recovery LLC,44,0.0003925175801041403
Thrift Investment Corp.,44,0.0003925175801041403
"Slovin & Council Co., L.P.A.",43,0.0003835967260108644
A&D Mortgage LLC,43,0.0003835967260108644
On Q Financial,43,0.0003835967260108644
ACXIOM CORP.,43,0.0003835967260108644
"Scratch Services, Inc.",43,0.0003835967260108644
Agency of Credit Control,43,0.0003835967260108644
"Credit Technology, Inc.",43,0.0003835967260108644
"Capital Mitigation Services, LLC",43,0.0003835967260108644
PRANCER CAPITAL CORP,43,0.0003835967260108644
"PROVIDENT FINANCIAL SERVICES, INC.",43,0.0003835967260108644
Collection Attorneys USA LLC,42,0.00037467587191758846
"Professional Claims Bureau, Inc.",42,0.00037467587191758846
USI Solutions Inc.,42,0.00037467587191758846
"Cordoba Legal Group, PLLC.",42,0.00037467587191758846
"Resurgence Legal Group, PC",42,0.00037467587191758846
"NIC, Inc.",42,0.00037467587191758846
"Action Revenue Recovery, LLC",42,0.00037467587191758846
EDvantage LLC,42,0.00037467587191758846
"GMA Investments, LLC",42,0.00037467587191758846
Richland Bureau of Credits Medical Service Bureau Inc.,42,0.00037467587191758846
"Collection Information Bureau, Inc.",42,0.00037467587191758846
"eMoneyUSA Holdings, LLC",42,0.00037467587191758846
"Credit Bureau of York, Inc.",42,0.00037467587191758846
Professional Receivables Network,42,0.00037467587191758846
"Credit Clearing House of America, Inc.",41,0.0003657550178243125
InvestiNet LLC,41,0.0003657550178243125
Global Credit Union,41,0.0003657550178243125
OCEANFIRST FINANCIAL CORP.,41,0.0003657550178243125
"United Check Recovery Bureau, Inc.",41,0.0003657550178243125
SOUTHWEST COLLECTION SERVICES INC.,41,0.0003657550178243125
WESTSTAR MORTGAGE CORPORATION,41,0.0003657550178243125
"Northern Trust Company, The",41,0.0003657550178243125
"Panorama Mortgage Group, LLC",41,0.0003657550178243125
Spring Equity LLC,41,0.0003657550178243125
"Armstrong and Associates, Inc",41,0.0003657550178243125
Titanium Funds,41,0.0003657550178243125
MoneySpot USA LLC DBA Sunshine Loans,41,0.0003657550178243125
"Motolease, LLC",41,0.0003657550178243125
"King of Credit Financial, Inc",41,0.0003657550178243125
"Rauch-Milliken International, Inc.",41,0.0003657550178243125
Veripro Solutions Inc.,41,0.0003657550178243125
Earm LLC,41,0.0003657550178243125
AMERICAN FINANCING CORPORATION,40,0.0003568341637310366
"Makes Cents, Inc. dba Advance.Cash",40,0.0003568341637310366
Suburban Credit Corporation,40,0.0003568341637310366
Opportunity Fund,40,0.0003568341637310366
"Advantage Collection Professionals, Inc.",40,0.0003568341637310366
"Emergent Business Group, Inc.",40,0.0003568341637310366
Island Finance Puerto Rico,40,0.0003568341637310366
"Big City Finance, LLLP",40,0.0003568341637310366
Robinson Economic Development Corporation,40,0.0003568341637310366
"West Coast Servicing, Inc.",40,0.0003568341637310366
"CARMEL FINANCIAL CORPORATION, INC.",40,0.0003568341637310366
Credit Bureau Services of Iowa Inc.,40,0.0003568341637310366
Triton Recovery Group,40,0.0003568341637310366
Nexum Group Inc,40,0.0003568341637310366
"Bilateral Credit Corp, LLC",40,0.0003568341637310366
"DIME COMMUNITY BANCSHARES, INC.",40,0.0003568341637310366
"Alliance CAS, LLC",40,0.0003568341637310366
Siwell Inc,40,0.0003568341637310366
INTERFIRST MORTGAGE COMPANY,40,0.0003568341637310366
Volunteer Mortgage Loan Servicing,40,0.0003568341637310366
L.B.Gray LLC A Debt Collection Agency,40,0.0003568341637310366
"Prog Holdings, Inc.",40,0.0003568341637310366
Charleston Area Medical Center,40,0.0003568341637310366
"Solomon and Solomon, P.C.",40,0.0003568341637310366
Home American Mortgage Corp,40,0.0003568341637310366
"Biehl & Biehl, Inc",39,0.0003479133096377607
"FirstCredit, Inc.",39,0.0003479133096377607
"American Credit Bureau, Inc.",39,0.0003479133096377607
"Access Credit Management, Inc.",39,0.0003479133096377607
Ygrene Energy Fund Inc.,39,0.0003479133096377607
Dividend Finance Inc.,39,0.0003479133096377607
HoldCo LLC,39,0.0003479133096377607
"Affiliated Collection Services, LLC",39,0.0003479133096377607
CALCON MUTUAL MORTGAGE LLC DBA ONETRUST HOME LOANS,39,0.0003479133096377607
"Rickart Collection Systems, Inc.",39,0.0003479133096377607
"Healthcare Management, LLC",39,0.0003479133096377607
"Butler and Associates, PA",39,0.0003479133096377607
"MortgagePros, LLC",39,0.0003479133096377607
Goldcar Lending Inc.,39,0.0003479133096377607
"Global Asset Agency, Inc.",38,0.00033899245554448477
Immediate Credit Recovery,38,0.00033899245554448477
"MSCB, Inc.",38,0.00033899245554448477
Mendelson Law Firm,38,0.00033899245554448477
"INTERCONTINENTAL EXCHANGE, INC.",38,0.00033899245554448477
Kentucky Housing Corporation,38,0.00033899245554448477
Recuvery LLC,38,0.00033899245554448477
Law Offices of Timothy M. Sullivan,38,0.00033899245554448477
"AR Resources, Inc. (FL)",38,0.00033899245554448477
Jana Ferrell & Associates LLC,38,0.00033899245554448477
Plastiq Inc.,38,0.00033899245554448477
"Muskegon Car Credit, Inc.",37,0.00033007160145120886
Reliant Financial Corporation,37,0.00033007160145120886
"Lil' Wave Financial, Inc.",37,0.00033007160145120886
"Concorde Auto Management, LLC  DBA  Concorde Auto Acceptance",37,0.00033007160145120886
"Oasis Legal Finance Holding Company, LLC",37,0.00033007160145120886
"Pinnacle Credit Services, LLC",37,0.00033007160145120886
"FCC Finance, LLC",37,0.00033007160145120886
"Heartland Resolution Group, LLC",37,0.00033007160145120886
"The LGM Co., Inc.",37,0.00033007160145120886
Reach Financial LLC,37,0.00033007160145120886
"Oquirrh Mountain Law Group, P.C.",37,0.00033007160145120886
"Insikt, Inc.",37,0.00033007160145120886
Benworth Capital Partners LLC,37,0.00033007160145120886
Midwest Acceptance Corp.,37,0.00033007160145120886
"STATE BANKSHARES, INC.",37,0.00033007160145120886
"WATERMARK CAPITAL, INC.",37,0.00033007160145120886
Account Management Resources,36,0.00032115074735793295
RUOFF MORTGAGE,36,0.00032115074735793295
"Consumer Legal Group, P.C.",36,0.00032115074735793295
"Collection Service Center, Inc.",36,0.00032115074735793295
"AMALGAMATED TOKEN SERVICES, INC.",36,0.00032115074735793295
"Stevens Business Service, Inc.",36,0.00032115074735793295
"Midwest Credit & Collection, Inc.",36,0.00032115074735793295
JUSTICE FINANCE COMPANY,36,0.00032115074735793295
Partners Financial Services Inc,36,0.00032115074735793295
Markoff Law LLC,36,0.00032115074735793295
Allegiant Capital Recovery LLC,36,0.00032115074735793295
Perfection Collection,36,0.00032115074735793295
Capital Collection Management LLC,36,0.00032115074735793295
"Point Digital Finance, Inc.",36,0.00032115074735793295
ClearPath Lending,36,0.00032115074735793295
GRANDVIEW FINANCIAL SERVICES INC.,36,0.00032115074735793295
Robinson & Hoover,36,0.00032115074735793295
"KILOWATT FINANCIAL, LLC, A SPRUCE FINANCE COMPANY",36,0.00032115074735793295
Credit Wise Recovery Solution LLC,35,0.00031222989326465703
BANCFIRST CORPORATION,35,0.00031222989326465703
"Clasp Group, Inc.",35,0.00031222989326465703
OKX INC.,35,0.00031222989326465703
"BWW Law Group, LLC",35,0.00031222989326465703
"CBM Services, Inc.",35,0.00031222989326465703
"Atlantic Collection Agency, Inc.",35,0.00031222989326465703
"Crescent City Credit Recovery, Inc.",35,0.00031222989326465703
WEALTHFRONT CORPORATION,35,0.00031222989326465703
"Machol & Johannes, LLC",35,0.00031222989326465703
"TAYLOR MORRISON HOME FUNDING, INC.",35,0.00031222989326465703
"Snap Recovery, Inc.",35,0.00031222989326465703
"Creditor's Collection Service, Inc.",35,0.00031222989326465703
Helbing Law Group,35,0.00031222989326465703
"Easy Finance, LLC",35,0.00031222989326465703
STOCKTON MORTGAGE,35,0.00031222989326465703
Everi Payments Inc.,35,0.00031222989326465703
eMortgage Funding LLC,35,0.00031222989326465703
Bureau of Accounts Control,35,0.00031222989326465703
"A-1 Premium Acceptance, Inc.",35,0.00031222989326465703
Worth Finance Corporation,35,0.00031222989326465703
Rodenburg LLP,35,0.00031222989326465703
HOMESTAR FINANCIAL CORPORATION,35,0.00031222989326465703
Advantage Financial Service LLC (Idaho),34,0.0003033090391713811
"Madison Auto, LLC",34,0.0003033090391713811
STATE BANK OF INDIA - NEW YORK BRANCH,34,0.0003033090391713811
Cheadle Law Firm,34,0.0003033090391713811
EA Holdings Corp.,34,0.0003033090391713811
Community Cash Management Corp.,34,0.0003033090391713811
"Credit Bureau of Jamestown, Inc.",34,0.0003033090391713811
"Accounts Management, Inc",34,0.0003033090391713811
"Clear Recovery, Inc.",34,0.0003033090391713811
Arete Financial Group,34,0.0003033090391713811
"Cash Time Title Loans, Inc.",34,0.0003033090391713811
"The Law Offices of Kenosian & Miele, LLP",34,0.0003033090391713811
National Financial LLC,34,0.0003033090391713811
Red Target LLC,34,0.0003033090391713811
"SandP Solutions, Inc.",34,0.0003033090391713811
"Fleet Financial, Inc.",34,0.0003033090391713811
"JP RECOVERY SERVICES, INC.",34,0.0003033090391713811
"Genesys National Recovery, Inc.",33,0.0002943881850781052
"O&L LAW GROUP, P.L.",33,0.0002943881850781052
"Med-1 Solutions, LLC",33,0.0002943881850781052
Titan Revenue Solutions,33,0.0002943881850781052
"Auto Advantage Finance, LLC",33,0.0002943881850781052
Trust Financial LLC,33,0.0002943881850781052
"E-Backgroundchecks.com, Inc.",33,0.0002943881850781052
Camino Financial Inc.,33,0.0002943881850781052
"AAS Debt Recovery, Inc.",33,0.0002943881850781052
"Danco Financial Services, LLC",33,0.0002943881850781052
Credible Labs Inc.,33,0.0002943881850781052
"INDEPENDENT BANK GROUP, INC.",33,0.0002943881850781052
"Rock Creek Capital, LLC",33,0.0002943881850781052
"Altisource Portfolio Solutions, S.à r.l.",33,0.0002943881850781052
Lake City Credit,33,0.0002943881850781052
"Keith D. Weiner & Associates Co., L.P.A.",33,0.0002943881850781052
"TRUHOME SOLUTIONS, LLC",33,0.0002943881850781052
"Lugano Capital, Inc. d/b/a Start Auto Finance",33,0.0002943881850781052
"Advanced Recovery Systems, Inc.",33,0.0002943881850781052
"United We Collect, Inc.",33,0.0002943881850781052
"NOVA Financial Holding Company, LLC",33,0.0002943881850781052
"Capital Credit and Collection Service, Inc.",33,0.0002943881850781052
Apple Financing LLC,32,0.0002854673309848293
DAIMLER TRUCK FINANCIAL SERVICES USA LLC,32,0.0002854673309848293
"Credit Bureau Collection Services, Inc.",32,0.0002854673309848293
"Gold Star Finance, Inc.",32,0.0002854673309848293
"RAB, INC.",32,0.0002854673309848293
"Account Recovery Specialists, Inc.",32,0.0002854673309848293
"Overton, Russell, Doerr and Donovan, LLP",32,0.0002854673309848293
American Finance LLC,32,0.0002854673309848293
"Walwick, Inc",32,0.0002854673309848293
Model Finance Company,32,0.0002854673309848293
Ceannate,32,0.0002854673309848293
"Sessoms & Rogers, P.A.",32,0.0002854673309848293
"Inflection.com, Inc.",32,0.0002854673309848293
Texan Credit Corporation,32,0.0002854673309848293
Cactus Jacks Auto Sales,32,0.0002854673309848293
CSO Financial,32,0.0002854673309848293
"Sherloq Group, Inc",31,0.0002765464768915534
McKenzie Management LLC,31,0.0002765464768915534
SHABANA MOTORS,31,0.0002765464768915534
Brown’s New Credit Bureau Inc.,31,0.0002765464768915534
eCon Credit LP,31,0.0002765464768915534
"Recovco Mortgage Management, LLC",31,0.0002765464768915534
"Neighborhood Capital Funding, Inc.",31,0.0002765464768915534
OCEANSIDE MORTGAGE COMPANY,31,0.0002765464768915534
"Midwest Service Bureau, Inc.",31,0.0002765464768915534
"Revenue Cycle Associates, Inc.",31,0.0002765464768915534
Collectibles Management Resources,31,0.0002765464768915534
Union Credit Corporation,31,0.0002765464768915534
"Schrier, Tolin and Wagman, LLC",31,0.0002765464768915534
Integrated Asset Recovery LLC,31,0.0002765464768915534
Northwood Asset Management Group,31,0.0002765464768915534
TClub Inc,31,0.0002765464768915534
Five Lakes Law Group PLLC,31,0.0002765464768915534
Quality Loan Service Corporation,31,0.0002765464768915534
WEICHERT FINANCIAL SERVICES,31,0.0002765464768915534
Lazega & Johanson LLC,31,0.0002765464768915534
Quest Legal Group,31,0.0002765464768915534
"Lamont, Hanley & Associates, Inc.",31,0.0002765464768915534
Rhode Island Housing and Mortgage Finance Corporation,31,0.0002765464768915534
"Credit Management Services, Inc.",31,0.0002765464768915534
ALLIED MORTGAGE GROUP,31,0.0002765464768915534
"HABITAT FOR HUMANITY INTERNATIONAL, INC.",31,0.0002765464768915534
Credit Bureau of Carbon County,31,0.0002765464768915534
"Barrett Financial Group, L.L.C.",31,0.0002765464768915534
"Dynamic Collectors, Incorporated",31,0.0002765464768915534
"ACI Worldwide, Corp.",31,0.0002765464768915534
Paycheck Solutions llc,31,0.0002765464768915534
"Automatic Data Processing, Inc.",31,0.0002765464768915534
Overland Bond & Investment Corporation,30,0.0002676256227982775
"Clarity Debt Resolution, Inc",30,0.0002676256227982775
"UNIVERSAL COLLECTION SYSTEMS, INC",30,0.0002676256227982775
"MacDowell & Associates, Ltd.",30,0.0002676256227982775
"Tebo Financial Services, Inc.",30,0.0002676256227982775
"Greeting Team, LLC DBA Customer Care Global",30,0.0002676256227982775
"Local Management, LLC",30,0.0002676256227982775
"FIRST COMMUNITY MORTGAGE, INC.",30,0.0002676256227982775
BHFC Financial Services INC,30,0.0002676256227982775
ALAMEDA MORTGAGE CORPORATION,30,0.0002676256227982775
"Apothaker & Associates, PC",30,0.0002676256227982775
"Collection Resources, Inc.",30,0.0002676256227982775
"BREMER BANK, NATIONAL ASSOCIATION",30,0.0002676256227982775
"Integrity Funding Ohio, LLC",30,0.0002676256227982775
Fair Capital,30,0.0002676256227982775
Dunlap Gardiner LLP,30,0.0002676256227982775
HGREG.com,30,0.0002676256227982775
"Imprint Payments, Inc.",30,0.0002676256227982775
"Ingenuity RM, LLC",30,0.0002676256227982775
"MPOWER Financing, Public Benefit Corporation",30,0.0002676256227982775
"Syncapay, Inc",30,0.0002676256227982775
"FIRST FINANCIAL BANKSHARES, INC.",30,0.0002676256227982775
"Smith, Cohen & Rosenberg LLC",30,0.0002676256227982775
"Recovery Partners, LLC",30,0.0002676256227982775
"Lotane & Associates, P.A.",30,0.0002676256227982775
"Lima One Capital, LLC",30,0.0002676256227982775
Rocky Mountain Capital Management,30,0.0002676256227982775
"Cash Link USA, LLC",30,0.0002676256227982775
Audit & Adjustment Co. Inc.,30,0.0002676256227982775
Airtm Inc.,30,0.0002676256227982775
"Moore Legal Group, LLC",29,0.0002587047687050015
PACIFIC WESTERN BANK,29,0.0002587047687050015
"NATIONAL ASSET MORTGAGE, LLC",29,0.0002587047687050015
"United Funding Logistics, LLC",29,0.0002587047687050015
"Troy Capital, LLC",29,0.0002587047687050015
"Arnold Scott Harris, P.C.",29,0.0002587047687050015
"LCO Financial Services, LLC",29,0.0002587047687050015
"NerdWallet, Inc.",29,0.0002587047687050015
Michael Wayne Investment,29,0.0002587047687050015
"Amcap Investments, LLC",29,0.0002587047687050015
"Axiom Acquisition Ventures, LLC",29,0.0002587047687050015
"The Law Firm of Derek Williams, LLC d/b/a Infinite Law Group",29,0.0002587047687050015
"Coinme Holdings, Inc.",29,0.0002587047687050015
"Imperial Recovery Consultants, LLC",29,0.0002587047687050015
"KAHRS LAW OFFICES, PA",29,0.0002587047687050015
"Thomas George Associates, Ltd.",29,0.0002587047687050015
"De Lage Landen Finance, LLC",29,0.0002587047687050015
"Stearns Ventures, LLC",29,0.0002587047687050015
"Professional Choice Recovery, Inc.",29,0.0002587047687050015
"Loan Science, LLC",29,0.0002587047687050015
Leaders Financial Company,29,0.0002587047687050015
Lela Mae Portfolio Management Group,29,0.0002587047687050015
"Savvy Money, Inc.",29,0.0002587047687050015
Collection Bureau of Walla Walla,29,0.0002587047687050015
Revolution Financial Inc.,28,0.0002497839146117256
Green Square Company LLC.,28,0.0002497839146117256
INDEPENDENCE HOME LOANS LLC,28,0.0002497839146117256
Unity Asset Management,28,0.0002497839146117256
"Michael Harrison, Attorney at Law",28,0.0002497839146117256
BUCKEYE FINANCIAL SERVICES OF ALLIANCE INC.,28,0.0002497839146117256
"Certified Services, Inc.",28,0.0002497839146117256
Total Auto Finance,28,0.0002497839146117256
90 Day Credit Experts,28,0.0002497839146117256
"Vanguard Financial Services, Inc.",28,0.0002497839146117256
CHRISTUS HEALTH,28,0.0002497839146117256
GSF MORTGAGE CORP,28,0.0002497839146117256
Automated Accounts Management Services,28,0.0002497839146117256
"Nationwide Mortgage Bankers, Inc.",28,0.0002497839146117256
Receivables Management Corporation of America,28,0.0002497839146117256
"Finance System of Green Bay, Inc.",28,0.0002497839146117256
SET Financial Corporation,28,0.0002497839146117256
"Municipal Collections Services, Inc.",28,0.0002497839146117256
"LIVE OAK BANCSHARES, INC.",28,0.0002497839146117256
HIGHLANDS RESIDENTIAL MORTGAGE,28,0.0002497839146117256
"International Recovery Associates, Inc.",28,0.0002497839146117256
TOTAL MORTGAGE SERVICES LLC,28,0.0002497839146117256
ACCESS GROUP INC.,28,0.0002497839146117256
CONST LLC,28,0.0002497839146117256
"RevMD Partners, LLC.",28,0.0002497839146117256
"Vital Solutions, Inc.",27,0.00024086306051844972
"Kehoe Financial Group, LLC",27,0.00024086306051844972
Midwestern Health Management INC,27,0.00024086306051844972
"Giact Systems, LLC",27,0.00024086306051844972
Business Financing Corporation,27,0.00024086306051844972
COLLECTIONS UNLIMITED OF TEXAS INC,27,0.00024086306051844972
"Brennan & Clark, Ltd., LLC",27,0.00024086306051844972
STATE STREET BANK AND TRUST COMPANY,27,0.00024086306051844972
Lien Receivables LLC,27,0.00024086306051844972
Red River Credit Corporation,27,0.00024086306051844972
PLAID INC.,27,0.00024086306051844972
River Heights Capital LLC,27,0.00024086306051844972
Rosenberg & Associates Recovery Services,27,0.00024086306051844972
"National Debt Holdings, LLC",27,0.00024086306051844972
"Medical Recovery Services, LLC",27,0.00024086306051844972
Lincoln Financial Services,27,0.00024086306051844972
"Titan Receivables, Inc.",27,0.00024086306051844972
"INDUSTRIAL AND COMMERCIAL BANK OF CHINA (USA), NATIONAL ASSOCIATION",27,0.00024086306051844972
"HarrisLoftus, PLLC",27,0.00024086306051844972
"National Credit Services, Inc.",27,0.00024086306051844972
Education Principle Foundation,27,0.00024086306051844972
"Flatonia Investments, LLC",27,0.00024086306051844972
"GFS, Inc.",27,0.00024086306051844972
WATERSTONE MORTGAGE CORPORATION,27,0.00024086306051844972
WINNPOINTE CORPORATION,27,0.00024086306051844972
"Approve Holdings, Inc",27,0.00024086306051844972
"MJ Altman Companies, Inc.",27,0.00024086306051844972
"Mid-America Accounts Control Bureau, Inc.",27,0.00024086306051844972
"Tennessee Credit Management, Inc",27,0.00024086306051844972
"FinFit Holding Co, LLC",27,0.00024086306051844972
"Child Support Recovery Services, Inc.",27,0.00024086306051844972
"Presto Loan Center, LLC",27,0.00024086306051844972
"CDI Affiliated Services, Inc.",27,0.00024086306051844972
"Results Unlimited, Inc.",27,0.00024086306051844972
Credit Adjustments Inc,27,0.00024086306051844972
"Gitsit Solutions, LLC.",27,0.00024086306051844972
Bay Equity LLC,26,0.00023194220642517378
"Coast 2 Coast Financial Group, LLC",26,0.00023194220642517378
"Parkway Financial Group, LLC",26,0.00023194220642517378
Fidem Baltimore Holdings LLC,26,0.00023194220642517378
Olympus1 LLC,26,0.00023194220642517378
"AutoMoney, Inc.",26,0.00023194220642517378
"National Finance Company, Inc.",26,0.00023194220642517378
"MILLENNIUM FINANCIAL GROUP, L.L.C.",26,0.00023194220642517378
Chainlink Services LLC,26,0.00023194220642517378
"Financial Freedom Group, LLC",26,0.00023194220642517378
"Professional Credit Analysts of MN, Inc.",26,0.00023194220642517378
Ralis Services Corporation,26,0.00023194220642517378
"Hiday & Ricke, P.A.",26,0.00023194220642517378
SFMC L.P.,26,0.00023194220642517378
"Superior Holdings, LLC",26,0.00023194220642517378
CADENCE BANCORPORATION,26,0.00023194220642517378
"Higher Education Servicing Corporation, Inc.",26,0.00023194220642517378
Law Office of Harris & Zide,26,0.00023194220642517378
United Consumers Inc,26,0.00023194220642517378
"Michigan Mutual, Inc.",26,0.00023194220642517378
"Servion, Inc.",26,0.00023194220642517378
"Credit Resolutions, LLC",26,0.00023194220642517378
RateGenius Loan Services Inc,26,0.00023194220642517378
"Burke Moore Law Group, LLP",26,0.00023194220642517378
"Pro Com Services of Illinois, Inc.",26,0.00023194220642517378
"The Sayer Law Group, P.C.",26,0.00023194220642517378
Finmax Smart Capital LLC,26,0.00023194220642517378
"Protas, Spivok & Collins. LLC",26,0.00023194220642517378
Franklin Financial  Corporation,25,0.00022302135233189787
"GREAT WESTERN BANCORP, INC.",25,0.00022302135233189787
RMA Credit Association,25,0.00022302135233189787
"Celebrity Financial, Inc.",25,0.00022302135233189787
"Central Mortgage Funding, LLC",25,0.00022302135233189787
"Mitsubishi Motors North America, Inc.",25,0.00022302135233189787
"HomeTown Lenders, LLC",25,0.00022302135233189787
West Realm Shires Services Inc.,25,0.00022302135233189787
COLLECTION BUREAU INCORPORATED,25,0.00022302135233189787
COINFLIP LLC,25,0.00022302135233189787
"SettlementOne Valuation, LLC",25,0.00022302135233189787
RevNow LLC,25,0.00022302135233189787
"Greenlight Financial Technology, Inc",25,0.00022302135233189787
TOLL BROTHERS INC,25,0.00022302135233189787
Evergreen Moneysource Mortgage Company,25,0.00022302135233189787
Windham Equity Company,25,0.00022302135233189787
CVB FINANCIAL CORP.,25,0.00022302135233189787
ALCAR INC.,25,0.00022302135233189787
"RSVP Lending, LLC dba RSVP Loans",25,0.00022302135233189787
"Williams, Alexander & Associates, Inc",25,0.00022302135233189787
California Accounts Service,25,0.00022302135233189787
Athena Bitcoin Inc,25,0.00022302135233189787
CEX.IO CORP.,25,0.00022302135233189787
"American Cycle Finance, Inc.",25,0.00022302135233189787
Marine One Acceptance Corporation,25,0.00022302135233189787
First Data Corporation,25,0.00022302135233189787
"South River Mortgage, LLC",25,0.00022302135233189787
"Top Asset Solutions, LLC",25,0.00022302135233189787
"BCG Equities, LLC",25,0.00022302135233189787
Armcon Corp,25,0.00022302135233189787
"Madison Management Services, LLC",25,0.00022302135233189787
"Reimer, Arnovitz, Chernek &Jeffrey Co., LPA",25,0.00022302135233189787
"OCMBC, Inc",25,0.00022302135233189787
Stewart Information Services,25,0.00022302135233189787
"Main Line Recovery Solutions, Inc.",25,0.00022302135233189787
FLORIDA HOME TRUST MORTGAGE,25,0.00022302135233189787
Universal Fidelity LP,25,0.00022302135233189787
"PACE Funding Group, LLC",25,0.00022302135233189787
Citizens Debt relief LLC,25,0.00022302135233189787
"The Lueder Law Firm, LLC",25,0.00022302135233189787
Centralized Business Solutions Company,24,0.00021410049823862196
"ASSURANCE FINANCIAL GROUP, LLC",24,0.00021410049823862196
"Phoenix Health Care Management Services, Inc.",24,0.00021410049823862196
"Concentric Receivables Management, Ltd.",24,0.00021410049823862196
Moneytree Inc,24,0.00021410049823862196
"Quality Recovery Services, Inc.",24,0.00021410049823862196
Signature Bank (NY),24,0.00021410049823862196
Elite Recovery Group LLC,24,0.00021410049823862196
"Flat Branch Mortgage, Inc.",24,0.00021410049823862196
"CommonBond, Inc.",24,0.00021410049823862196
Lenmo Inc,24,0.00021410049823862196
"CHACON AUTOS, LTD.",24,0.00021410049823862196
Controlled Credit Corporation,24,0.00021410049823862196
EMBRACE HOME LOANS,24,0.00021410049823862196
"EQUITY RESOURCES, INCORPORATED",24,0.00021410049823862196
"New Hampshire Northeast Credit Services, Inc.",24,0.00021410049823862196
"New Era Asset Management, LLC",24,0.00021410049823862196
ZARVAD III S.A.,24,0.00021410049823862196
"JOHN GIBSON AUTO SALES, INC.",24,0.00021410049823862196
Independent Savings Plan Co.,24,0.00021410049823862196
Central Collection Corporation,24,0.00021410049823862196
"AMERIFIRST FINANCIAL, INC.",24,0.00021410049823862196
"3rd Generation, Inc.",24,0.00021410049823862196
"iQuantified Management Services, LLC",24,0.00021410049823862196
"Eagle Recovery Associates, Inc.",24,0.00021410049823862196
"City Enterprises, LLC",24,0.00021410049823862196
"Easier Funding, LLC",24,0.00021410049823862196
"SAMC Honebee TRS, LLC",24,0.00021410049823862196
"E MORTGAGE MANAGEMENT, LLC",24,0.00021410049823862196
ALPHA MIDCO INC,24,0.00021410049823862196
United Revenue Collection Service,24,0.00021410049823862196
"Midwest Resale Specialist, Inc.",24,0.00021410049823862196
Florida Financial Management dba Lend A Dollar,24,0.00021410049823862196
"Accelerated Financial Solutions, LLC",24,0.00021410049823862196
"Brightwater Capital, LLC",24,0.00021410049823862196
"MEMBER FIRST MORTGAGE, LLC",24,0.00021410049823862196
"Hello Digit, LLC",24,0.00021410049823862196
PDQ Check Exchange LC,24,0.00021410049823862196
Stratus Financial LLC,23,0.00020517964414534605
"Afterpay US Services, LLC",23,0.00020517964414534605
Acorns Grow Incorporated,23,0.00020517964414534605
"Saturn Systems, Inc",23,0.00020517964414534605
The Capital Good Fund,23,0.00020517964414534605
"GUARDIAN CAPITAL MANAGEMENT HAWAII, LLC",23,0.00020517964414534605
Saint Services LLC,23,0.00020517964414534605
"FirstCash, Inc.",23,0.00020517964414534605
Armed Forces Loans of Nevada Inc.,23,0.00020517964414534605
"Wildhorse Financial Services, LLC",23,0.00020517964414534605
"Independent Dealers' Advantage, LLC",23,0.00020517964414534605
"Citizens Savings & Loan Corporation, Chattanooga, TN Branch",23,0.00020517964414534605
TENET HEALTHCARE CORPORATION,23,0.00020517964414534605
ACRANET INC,23,0.00020517964414534605
AmeriFirst Financial Corporation,23,0.00020517964414534605
Nexus Nova LLC,23,0.00020517964414534605
"PMT Solutions, LLC.",23,0.00020517964414534605
"Cohen & Cohen Law, LLC",23,0.00020517964414534605
"THRIVE MORTGAGE, LLC",23,0.00020517964414534605
SILVERGATE CAPITAL CORPORATION,23,0.00020517964414534605
"Cohn, Goldberg & Deutsch,LLC",23,0.00020517964414534605
Accelerated Receivables Solutions,23,0.00020517964414534605
"AUDIT SYSTEMS,INC",23,0.00020517964414534605
Top Line Collectors LLC,23,0.00020517964414534605
Lakeside Recovery Solutions,23,0.00020517964414534605
"Meade Recovery Services, LLC",23,0.00020517964414534605
"Komyatte & Casbon, P.C.",23,0.00020517964414534605
"DAS ACQUISITION COMPANY, LLC",23,0.00020517964414534605
"Live Oak Financial, Inc",23,0.00020517964414534605
BCO Consulting Services,23,0.00020517964414534605
TRINITY HOPE ASSOCIATES,23,0.00020517964414534605
We Collect Inc,23,0.00020517964414534605
"Modlin Slinsky, P.A.",23,0.00020517964414534605
"TRUEBILL, INC",23,0.00020517964414534605
Sterling Credit Corp.,23,0.00020517964414534605
"Southern Credit Adjusters, Inc.",23,0.00020517964414534605
KEYSTONE EQUIPMENT FINANCE CORP.,23,0.00020517964414534605
Hirshberg Acceptance Corporation,23,0.00020517964414534605
"Hometap Equity Partners, LLC",23,0.00020517964414534605
"Automotive Management Services, Inc.",23,0.00020517964414534605
FDR Asset USA LTD,23,0.00020517964414534605
Expert Credit Sweeps,22,0.00019625879005207014
Assured Financial LLC,22,0.00019625879005207014
West Central Texas Collection Bureau,22,0.00019625879005207014
FIRST GUARANTY MORTGAGE CORP,22,0.00019625879005207014
Helm Associates,22,0.00019625879005207014
ENRAMEX INC,22,0.00019625879005207014
"CAPITAL RESOURCE MANAGEMENT, INC.",22,0.00019625879005207014
"August Real Estate Investments, LLC",22,0.00019625879005207014
Paysend US LLC,22,0.00019625879005207014
"Above Lending, Inc.",22,0.00019625879005207014
"Wxw Investments, LLC",22,0.00019625879005207014
"Valley Credit Service, Inc. (OR)",22,0.00019625879005207014
SCS Credit Corporation,22,0.00019625879005207014
Lengenuity LLC,22,0.00019625879005207014
"New Century Financial Services, Inc.",22,0.00019625879005207014
Tenant Data Services Inc,22,0.00019625879005207014
ADS Resolve LLC,22,0.00019625879005207014
Equitable Acceptance Corp,22,0.00019625879005207014
STATEWIDE AUTO SALES,22,0.00019625879005207014
Recreational Holdings Corp.,22,0.00019625879005207014
"FBC MORTGAGE, LLC",22,0.00019625879005207014
"Sovereign Lending Group, Incorporated",22,0.00019625879005207014
Middle Georgia Management Services,22,0.00019625879005207014
"Caribou Financial, Inc.",22,0.00019625879005207014
"Collection at Law, Inc. A.P.C.",22,0.00019625879005207014
"Tsarouhis Law Group, LLC",22,0.00019625879005207014
"Mary Jane M. Elliott, P.C. Attorneys At Law",22,0.00019625879005207014
"Kiavi, Inc.",22,0.00019625879005207014
Friendly Finance Corporation,22,0.00019625879005207014
"A+ Loans, Inc.",22,0.00019625879005207014
"GAMACHE & MYERS, PC",22,0.00019625879005207014
Vehicle Solutions Corp,22,0.00019625879005207014
"First Service Residential, Nevada, LLC",22,0.00019625879005207014
Mathew Aaron Holdings Inc.,22,0.00019625879005207014
"Thrivepoint Financial Holdings, Inc.",22,0.00019625879005207014
Evergreen Financial Services Inc.,21,0.00018733793595879423
Optima Recovery Services LLC.,21,0.00018733793595879423
"General Information Services, Inc",21,0.00018733793595879423
"SameDay Auto Finance, LLC",21,0.00018733793595879423
"Buckles & Buckles, P.L.C.",21,0.00018733793595879423
"Finkelstein, Kern, Steinberg & Cunningham, PC",21,0.00018733793595879423
First Direct Mediation,21,0.00018733793595879423
"Exodus Movement, Inc.",21,0.00018733793595879423
"Goodman Frost, PLLC",21,0.00018733793595879423
Peoples Financial Corp.,21,0.00018733793595879423
"American Collection Systems, Inc.",21,0.00018733793595879423
Broward Adjustment Services,21,0.00018733793595879423
Bison Bucks Lending,21,0.00018733793595879423
UNITED CREDIT CORP. OF SOUTHAVEN,21,0.00018733793595879423
"Taproot Financial, LLC",21,0.00018733793595879423
"Stein Law, P.C.",21,0.00018733793595879423
"TexCap Financial, LLC",21,0.00018733793595879423
Fair Financial Corp.,21,0.00018733793595879423
MCT GROUP INC.,21,0.00018733793595879423
Municipal Collections of America Inc.,21,0.00018733793595879423
"Resolve Partners, LLC",21,0.00018733793595879423
MEGASTAR FINANCIAL CORP,21,0.00018733793595879423
Bankers Auto Acceptance,21,0.00018733793595879423
Carma Enterprises Inc,21,0.00018733793595879423
Stilt Inc,21,0.00018733793595879423
"Robinson, Reagan and Young PLLC",21,0.00018733793595879423
"BYS, LLC. d/b/a Boost Your Score",21,0.00018733793595879423
"Computer Credit, Inc.",21,0.00018733793595879423
NATIONS RELIABLE LENDING LLC,21,0.00018733793595879423
Palisades Funding Corporation,21,0.00018733793595879423
ENTERPRISE FINANCIAL SERVICES CORP,21,0.00018733793595879423
Yes Online Inc,21,0.00018733793595879423
"UNIFOUR FINANCIAL SERVICES, LLC",21,0.00018733793595879423
Stern & Stern. P.C.,21,0.00018733793595879423
"Bass & Associates, P.C., Attorneys at Law",21,0.00018733793595879423
"Line Financial, PBC",21,0.00018733793595879423
"Stephen L. Bruce, P.C.",21,0.00018733793595879423
GREEN ROAD FINANCE INC.,21,0.00018733793595879423
MNS & Associates LLC,21,0.00018733793595879423
"Splash Financial, Inc.",21,0.00018733793595879423
"Intermex Wire Transfer, LLC",21,0.00018733793595879423
Faloni Law Group,21,0.00018733793595879423
"Avantus, LLC",21,0.00018733793595879423
DCN Holdings Inc.,21,0.00018733793595879423
"Hollins & McVay, P.A.",21,0.00018733793595879423
WOOD FINANCE INC DBA PREMIER ACCEPTANCE,21,0.00018733793595879423
"INTERNAL CREDIT SYSTEMS, INC",21,0.00018733793595879423
Global Consulting Agency LLC,21,0.00018733793595879423
CashMax LLC,21,0.00018733793595879423
"The Law Offices of Frederic I. Weinberg & Associates, P.C.",21,0.00018733793595879423
"Roach & Murtha, P.C.",21,0.00018733793595879423
"Credit Bureau Data, Inc.",21,0.00018733793595879423
South Carolina Student Loan Corp,21,0.00018733793595879423
VANDYK MORTGAGE CORPORATION,21,0.00018733793595879423
Sklar Law LLC,21,0.00018733793595879423
"Law Offices of Robert S. Gitmeid & Associates, PLLC",21,0.00018733793595879423
"RANLife, Inc.",21,0.00018733793595879423
Massachusetts Housing Finance Agency (MassHousing),21,0.00018733793595879423
Granite Bay Acceptance Inc.,21,0.00018733793595879423
LEADER ONE FINANCIAL CORPORATION,21,0.00018733793595879423
"Klover Holdings, Inc.",21,0.00018733793595879423
"Davis & Jones, LLC",21,0.00018733793595879423
Lewis & Clark Capital LLC,20,0.0001784170818655183
U DRIVE ACCEPTANCE CORPORATION,20,0.0001784170818655183
Bayside Credit,20,0.0001784170818655183
REMAX,20,0.0001784170818655183
Keystone Law LLC,20,0.0001784170818655183
"WVH, LLC",20,0.0001784170818655183
"Pintor Partners, LP",20,0.0001784170818655183
"Advantage Auto Sales, Inc.",20,0.0001784170818655183
"Financial Freedom Mortgage, LLC",20,0.0001784170818655183
"CCB Credit Serivces, Inc",20,0.0001784170818655183
Keystone Credit Services LLC,20,0.0001784170818655183
U.S. BANK NATIONAL ASSOCIATION - SAN FRANCISCO MAIN BRANCH,20,0.0001784170818655183
"G&P Enterprises, LLC",20,0.0001784170818655183
"Southwest Collection Services, LLC",20,0.0001784170818655183
COLLECTION PROFESSIONALS INC (Illinois),20,0.0001784170818655183
"D.S. Erickson & Associates, PLLC",20,0.0001784170818655183
Transcontinental Credit & Collection Corp,20,0.0001784170818655183
London & London,20,0.0001784170818655183
Allied Consulting Services LLC,20,0.0001784170818655183
"Location Services Holdings, LLC",20,0.0001784170818655183
"Relin, Goldstein & Crane, LLP",20,0.0001784170818655183
"Talbot, Adams, & Moore, Inc.",20,0.0001784170818655183
Capital Asset Recovery INC DBA Jacobson and Wright,20,0.0001784170818655183
"Creditors' Protection Service, Inc.",20,0.0001784170818655183
COMMUNITY REINVESTMENT FUND,20,0.0001784170818655183
"PAID IN FULL, INC.",20,0.0001784170818655183
"Center Street Finance, LP dba CSF Servicing",20,0.0001784170818655183
Affiliated Management Services,20,0.0001784170818655183
Xtreme Products LLC,20,0.0001784170818655183
"Lanier Law Firm, LLC",20,0.0001784170818655183
"The Nguyen Law Firm, PLC",20,0.0001784170818655183
"CFAM Financial Services, LLC",20,0.0001784170818655183
Roc Capital Holdings LLC,20,0.0001784170818655183
"Kabompo Holdings, Ltd.",20,0.0001784170818655183
BHA Services,20,0.0001784170818655183
SL Finance LLC,20,0.0001784170818655183
"Liberty Career Finance, LLC",20,0.0001784170818655183
"Portfolio America Asset Management, LLC",20,0.0001784170818655183
Schukei Chevrolet Volkswagen,20,0.0001784170818655183
"GCFS, INC.",20,0.0001784170818655183
First Credit Corporation,20,0.0001784170818655183
Columbia Collectors Inc,20,0.0001784170818655183
Senex Services Corp.,20,0.0001784170818655183
JAMES B. NUTTER & COMPANY,20,0.0001784170818655183
Sound Collection Services,20,0.0001784170818655183
"Certified Bureau of the South, Inc",20,0.0001784170818655183
NJ LENDERS CORP,20,0.0001784170818655183
"French Financial, Inc.",20,0.0001784170818655183
Credimatico LLC,20,0.0001784170818655183
"Fairway Collections, LLC",20,0.0001784170818655183
"Sprechman & Associates, P.A.",20,0.0001784170818655183
"Fold, Inc.",20,0.0001784170818655183
Next Financial Inc. dba Copper,19,0.00016949622777224238
"Rushmore Service Center, LLC",19,0.00016949622777224238
"Portnoff Law Associates, Ltd.",19,0.00016949622777224238
"Student Loan Solutions, LLC",19,0.00016949622777224238
"ROAD Auto Finance, LLC",19,0.00016949622777224238
"MarkOne Holdings, LLC",19,0.00016949622777224238
"Sunset Solutions Group, LLC",19,0.00016949622777224238
"Allgate Financial, LLC",19,0.00016949622777224238
"Money Management International, Inc.",19,0.00016949622777224238
Amos Financial LLC,19,0.00016949622777224238
"Weber & Associates, Inc.",19,0.00016949622777224238
DRS Financial LLC,19,0.00016949622777224238
McKenzie Paul & Associates,19,0.00016949622777224238
Veem  Inc.,19,0.00016949622777224238
"BAY COUNTRYCONSUMER FINANCE,INC.",19,0.00016949622777224238
"Executive Credit Management, Inc",19,0.00016949622777224238
"Cogent Road, Inc.",19,0.00016949622777224238
ARM Professional Services LLC,19,0.00016949622777224238
"Portnoy Schneck, L.L.C.",19,0.00016949622777224238
"Palisade Legal Group, PLLC",19,0.00016949622777224238
"WYNDHAM CAPITAL MORTGAGE, INC.",19,0.00016949622777224238
"Norwich Commercial Group, Inc.",19,0.00016949622777224238
"Aubrey Thrasher, LLC",19,0.00016949622777224238
CHOICE CAPITAL FUND,19,0.00016949622777224238
APG Financial Inc,19,0.00016949622777224238
"Global Asset Management Group, Inc.",19,0.00016949622777224238
"MCU Holdings, LLC",19,0.00016949622777224238
"BUDGET CONTROL SERVICES, INC.",19,0.00016949622777224238
Groundfloor Finance Inc.,19,0.00016949622777224238
"First Texas Auto Credit, Inc.",19,0.00016949622777224238
APPLE RECOVERY SERVICES CORP,19,0.00016949622777224238
"Prizm Financial Company, LLC",19,0.00016949622777224238
"Tona Mortgage, LLC",19,0.00016949622777224238
Snow and Sauerteig LLP,19,0.00016949622777224238
Lawson Hamilton & Associates,19,0.00016949622777224238
"EMG ACQUISITION GROUP, LLC",19,0.00016949622777224238
"CREDIT BUREAU OF NAPA COUNTY, INC.",19,0.00016949622777224238
CONTOUR MORTGAGE CORPORATION,19,0.00016949622777224238
"Credit Bureau of Council Bluffs, Inc DBA Credit Information Systems",19,0.00016949622777224238
MITSUBISHI HC CAPITAL (U.S.A.) INC.,19,0.00016949622777224238
"Coastal Credit, LLC",19,0.00016949622777224238
"Equity Auto Finance, Inc.",18,0.00016057537367896647
Luckmore Finance,18,0.00016057537367896647
"Zendable, Inc.",18,0.00016057537367896647
SmartCredit LLC,18,0.00016057537367896647
"DEBT 0, INC",18,0.00016057537367896647
"DMB Financial, LLC",18,0.00016057537367896647
Capital Recovery Corporation,18,0.00016057537367896647
"Lending Force, LLC",18,0.00016057537367896647
"Zap Solutions, Inc.",18,0.00016057537367896647
"Modern Asset Management, Inc.",18,0.00016057537367896647
"Consuegra & Duffy, P.L.L.C.",18,0.00016057537367896647
"Auto Acceptance, LLC",18,0.00016057537367896647
Northwestern Mediation Services,18,0.00016057537367896647
GOLD STAR MORTGAGE FINANCIAL,18,0.00016057537367896647
"JSZ Financial Co., Inc.",18,0.00016057537367896647
"U.S. Equity Advantage Holdings, Inc.",18,0.00016057537367896647
"Geneva Financial, LLC, Chandler, AZ Branch",18,0.00016057537367896647
"Accredited Collection Service, Inc.",18,0.00016057537367896647
"Neighborhood Autos, LLC",18,0.00016057537367896647
Self Lender Inc,18,0.00016057537367896647
Redfin Corporation,18,0.00016057537367896647
"Emmett L. Goodman, Jr., LLC",18,0.00016057537367896647
Patrick K Willis Company Inc,18,0.00016057537367896647
"MMG Law Group, PLLC",18,0.00016057537367896647
Credit Bureau Services Inc.,18,0.00016057537367896647
"Nationwide Title Clearing, Inc.",18,0.00016057537367896647
B&F Finance Corp.,18,0.00016057537367896647
"West Capital Lending, Inc.",18,0.00016057537367896647
"TRANSCARD, LLC",18,0.00016057537367896647
"BANC OF CALIFORNIA, INC.",18,0.00016057537367896647
"Jenkins, Wagnon & Young, P.C.",18,0.00016057537367896647
Sierra Holdings LLC,18,0.00016057537367896647
"Innovative Funding Services, L.L.C.",18,0.00016057537367896647
"ShoulderTap Technologies, Inc. d/b/a Fizz",18,0.00016057537367896647
"McCarthy & Holthus, LLP",18,0.00016057537367896647
Funding Metrics LLC,18,0.00016057537367896647
"NETWORK FUNDING, L.P.",18,0.00016057537367896647
STEWARD FINANCIAL SERVICES LLC,18,0.00016057537367896647
"Camelot Financial Services, Inc.",18,0.00016057537367896647
CFW Holdings LLC,18,0.00016057537367896647
Angel Oak Home Loans LLC,18,0.00016057537367896647
"Line 5, LLC",18,0.00016057537367896647
"The Commercial Collection Corporation of New York, Inc.",18,0.00016057537367896647
"Yield Solutions Group, LLC",18,0.00016057537367896647
Clearview Resolution Services,18,0.00016057537367896647
Improved Data Services LLC,18,0.00016057537367896647
"TNT Financial, Inc.",18,0.00016057537367896647
"Edge Home Finance, LLC",18,0.00016057537367896647
Southwest Mediation Service,18,0.00016057537367896647
"Independent Recovery Resources, Inc.",18,0.00016057537367896647
"Financial Filing & Reporting, Inc.",17,0.00015165451958569056
Ghidotti | Berger LLP,17,0.00015165451958569056
"Grand Canyon Title, Agency, Inc.",17,0.00015165451958569056
Fradkin & Weber PA,17,0.00015165451958569056
Gotham Collection Services Corp.,17,0.00015165451958569056
Pathfinder Credit Services,17,0.00015165451958569056
"Chek Cash, Inc.",17,0.00015165451958569056
"Allied Account Services, Inc.",17,0.00015165451958569056
Creditly Corp.,17,0.00015165451958569056
"Butler, Butler & Rowse-Oberle, P.L.L.C.",17,0.00015165451958569056
Summit Horizon Financial Services,17,0.00015165451958569056
"CBK, Inc.",17,0.00015165451958569056
Home Credit Corp. Inc.,17,0.00015165451958569056
"CERTIFIED COLLECTORS, INC.",17,0.00015165451958569056
"ZINC Financial, Inc.,",17,0.00015165451958569056
Metacorp LLC,17,0.00015165451958569056
"Metro Area Collection Service, Inc.",17,0.00015165451958569056
"NCS, Inc",17,0.00015165451958569056
"Lefkoff, Rubin, Gleason, Russo & Williams, P.C.",17,0.00015165451958569056
"Leap Credit, LLC",17,0.00015165451958569056
"Kingston Financial, LLC",17,0.00015165451958569056
"PARKSIDE LENDING, LLC",17,0.00015165451958569056
"ACCELERATED COLLECTION SERVICE, INC",17,0.00015165451958569056
"Law Office of James R. Vaughan, P.C.",17,0.00015165451958569056
Wave Financial USA Inc.,17,0.00015165451958569056
"Mountain West Financial, LLC",17,0.00015165451958569056
"Churchill Holdings, Inc.",17,0.00015165451958569056
Advanced Recovery Group LLC,17,0.00015165451958569056
"Chelseamac, LLC dba Briteside Solutions",17,0.00015165451958569056
"Carter Business Service, Inc.",17,0.00015165451958569056
D.B.F. COLLECTION CORP.,17,0.00015165451958569056
"Charlottesville Bureau of Credits, Inc",17,0.00015165451958569056
"Crown Holdings, LLC",17,0.00015165451958569056
Payment Resolution Services,17,0.00015165451958569056
Allied Financial Services Inc,17,0.00015165451958569056
"Zebit, Inc.",17,0.00015165451958569056
"Peterson Enterprises, Inc.",17,0.00015165451958569056
"Credit Collection Partners, Inc.",17,0.00015165451958569056
"WestGen Lending, a DBA of Beckam Funding",17,0.00015165451958569056
Ardmore Finance Corporation,17,0.00015165451958569056
Northwest Collectors Inc.,17,0.00015165451958569056
"Creative Finance, Inc.",17,0.00015165451958569056
"OM Financial, LLC",17,0.00015165451958569056
Embassy Loans,17,0.00015165451958569056
"Commercial Industries Services Company, Inc.",17,0.00015165451958569056
MORTGAGE 1 INCORPORATION,17,0.00015165451958569056
Student Loan Financial Assistance,17,0.00015165451958569056
Titan Solutions Group LLC,17,0.00015165451958569056
"Personal Cash Loans of SC, Inc.",17,0.00015165451958569056
National Check Resolution Inc.,17,0.00015165451958569056
"EAGLE BANCORP, INC.",17,0.00015165451958569056
"Peritus Portfolio Services II, LLC",17,0.00015165451958569056
"Barnhall Financial Services, Inc.",17,0.00015165451958569056
"Double Diamond-Delaware, Inc.",17,0.00015165451958569056
MEGA CAPITAL FUNDING INC.,17,0.00015165451958569056
Nickel City Group LLC,17,0.00015165451958569056
"Collection Bureau Services, Inc.",17,0.00015165451958569056
SecureNet Loan Services LLC,17,0.00015165451958569056
"Bernhardt and Strawser, P.A.",17,0.00015165451958569056
"Kenneth, Eisen & Associates, LTD.",16,0.00014273366549241465
Pioneer Capital Solutions Inc,16,0.00014273366549241465
"Family Choice Financial, Inc.",16,0.00014273366549241465
"Choice Money Transfer, Inc.",16,0.00014273366549241465
Kason Credit Corporation,16,0.00014273366549241465
Peoples Commerce Inc,16,0.00014273366549241465
"Pinnacle Asset Management, LLC",16,0.00014273366549241465
"Retrieval-Masters Creditors Bureau, Inc., Elmsford, NY Branch",16,0.00014273366549241465
T2 Financial LLC,16,0.00014273366549241465
"Summit Collection Services, Inc.",16,0.00014273366549241465
"Reliable Auto Finance, Inc.",16,0.00014273366549241465
"Francy Law Firm, P.C.",16,0.00014273366549241465
LOAN TO LEARN,16,0.00014273366549241465
Arco Collection Services LLC,16,0.00014273366549241465
Asset Collections Inc,16,0.00014273366549241465
United Credit Education Services,16,0.00014273366549241465
"MORTGAGE FIRM, INC., THE",16,0.00014273366549241465
"MORTGAGE CENTER, LC",16,0.00014273366549241465
Awar Holding Inc.,16,0.00014273366549241465
USA Service Finance LLC,16,0.00014273366549241465
General Credit Services,16,0.00014273366549241465
"VERITAS FUNDING, LLC",16,0.00014273366549241465
UNITED MORTGAGE CORP,16,0.00014273366549241465
Oklahoma Motor Credit Company,16,0.00014273366549241465
Ben Franklin Finance LLC,16,0.00014273366549241465
"Ovation Financial Services, LLC",16,0.00014273366549241465
Next Level Finance Partners  LLC,16,0.00014273366549241465
"Financial Recoveries, Inc.",16,0.00014273366549241465
"CDS Debt Relief, LLC",16,0.00014273366549241465
"Sterling & Associates, LLC",16,0.00014273366549241465
"PROFICIO FINANCIAL SERVICES, LLC",16,0.00014273366549241465
New Mexico Educational Assistance Foundation,16,0.00014273366549241465
GOLDEN EMPIRE MORTGAGE INCORPORATED,16,0.00014273366549241465
"Filo Mortgage, L.L.C.",16,0.00014273366549241465
"Capital Alliance Financial, LLC",16,0.00014273366549241465
"Capital Recovery Systems, Inc.",16,0.00014273366549241465
"Continental Collection Agency, Ltd.",16,0.00014273366549241465
Universal Envoy Corporation,16,0.00014273366549241465
"IDT Telecom, Inc",16,0.00014273366549241465
"Skagit Bonded Collectors, LLC",16,0.00014273366549241465
"Full Circle Financial Services, LLC",16,0.00014273366549241465
"Creditech, Inc.",16,0.00014273366549241465
"Western Mercantile Agency, Inc",16,0.00014273366549241465
Debt Solutions LLC,16,0.00014273366549241465
Elite Legal Practice PC,16,0.00014273366549241465
White Jacobs & Associates,16,0.00014273366549241465
HOME ACCEPTANCE CORPORATION,16,0.00014273366549241465
Smart Finance Inc dba Fishtail Financial,16,0.00014273366549241465
ABSOLUTE CREDIT  LLC,16,0.00014273366549241465
"Star Loans of Texas, Inc.",16,0.00014273366549241465
"ACQ Holdings, LLC.",16,0.00014273366549241465
Enium Capital Group LLC,16,0.00014273366549241465
"National Recoveries, Inc.",16,0.00014273366549241465
"JAN (LendUSA) Holdings, Inc.",16,0.00014273366549241465
"HEARTLAND FINANCIAL USA, INC.",16,0.00014273366549241465
National Default Servicing Corporation,16,0.00014273366549241465
Sierra Credit Corp,15,0.00013381281139913874
"NEW IMAGITAS, INC",15,0.00013381281139913874
"Hodosh, Lyon & Hammer, PC",15,0.00013381281139913874
Quall Cardot LLP,15,0.00013381281139913874
"CBA of GA, Inc.",15,0.00013381281139913874
"NEW WORLD COLLECTIONS, INC.",15,0.00013381281139913874
"PRIMAVERA FINANCIAL, INC.",15,0.00013381281139913874
"Global Equity Finance, Inc.",15,0.00013381281139913874
Hughes Finance,15,0.00013381281139913874
The Cherrington Firm PLLC,15,0.00013381281139913874
"PRIMELENDING, A PLAINSCAPITAL COMPANY",15,0.00013381281139913874
"Alum Financial, LLC",15,0.00013381281139913874
CREDIGY USA CORP.,15,0.00013381281139913874
"SoFi Mortgage, LLC",15,0.00013381281139913874
Pacific Rim Alliance Corporation,15,0.00013381281139913874
ADESA CORPORATION,15,0.00013381281139913874
WEBULL PAY HOLDINGS (US) INC,15,0.00013381281139913874
AdvantageFirst Lending Inc.,15,0.00013381281139913874
Sombrero Capital LLC,15,0.00013381281139913874
"Bursey & Associates, P.C.",15,0.00013381281139913874
RANGE CREDIT BUREAU INC,15,0.00013381281139913874
GREATER SUBURBAN ACCEPTANCE CORPORATION,15,0.00013381281139913874
"Elite Financial Services, Inc.",15,0.00013381281139913874
"Equity Sales Finance, Inc.",15,0.00013381281139913874
Ascension Recovery Management,15,0.00013381281139913874
Northstar Legal Group LLC,15,0.00013381281139913874
"GUIDANCE RESIDENTIAL, LLC",15,0.00013381281139913874
Northtown Capital Services Group LLC,15,0.00013381281139913874
"Evergreen Recovery Solutions, LLC",15,0.00013381281139913874
United Built Homes LLC,15,0.00013381281139913874
"Riverview Law Office, PLLC",15,0.00013381281139913874
"North Shore Agency, LLC",15,0.00013381281139913874
"SRA Associates, Inc.",15,0.00013381281139913874
2233 Paradise Road LLC,15,0.00013381281139913874
"SUCCESS MORTGAGE PARTNERS, INC",15,0.00013381281139913874
Medical-Dental-Hospital Bureau of San Antonio,15,0.00013381281139913874
"RGL Associates, Inc.",15,0.00013381281139913874
"BCION, A DIVISION OF ION BANK",15,0.00013381281139913874
"BDF Partners, PC",15,0.00013381281139913874
Zenith Financial Network Inc,15,0.00013381281139913874
RAYMOND JAMES BANK,15,0.00013381281139913874
950 Credit Inc,15,0.00013381281139913874
"Durham & Durham, LLP",15,0.00013381281139913874
MCLEAN MORTGAGE CORPORATION,15,0.00013381281139913874
"Triton Management Group, Inc",15,0.00013381281139913874
South Carolina State Housing Finance and Development Authority,15,0.00013381281139913874
Toyota Credit De Puerto Rico Corp.,15,0.00013381281139913874
Lacy Katzen LLP,15,0.00013381281139913874
" Lippman Recupero, LLC",15,0.00013381281139913874
"Pendrick Capital Partners Holding, LLC",15,0.00013381281139913874
D. SCOTT CARRUTHERS,15,0.00013381281139913874
"Cherry Creek Corporate, LLC",15,0.00013381281139913874
J. Ritter Law P.C.,15,0.00013381281139913874
"AUTO MARKET OF FLORIDA, CORP",15,0.00013381281139913874
"Credit Solutions, LLC (KY)",15,0.00013381281139913874
Primus Law PC,15,0.00013381281139913874
"Columbia Collection Service, Inc.",15,0.00013381281139913874
"Works & Lentz of Tulsa, Inc.",15,0.00013381281139913874
"Check City Partnership, LLC",15,0.00013381281139913874
Prime Choice Funding Inc.,15,0.00013381281139913874
"Works & Lentz, Inc",15,0.00013381281139913874
Instarem PTE Limited,15,0.00013381281139913874
Concerto Card Company,15,0.00013381281139913874
"Insight Management Partners, LLC",15,0.00013381281139913874
"Century Finance, Inc.",15,0.00013381281139913874
Modoc Tribe Financial Services Authority,15,0.00013381281139913874
"Cornerstone First Mortgage, Inc.",15,0.00013381281139913874
"Action Financial Services, LLC",15,0.00013381281139913874
"JMS Associates, Inc.",15,0.00013381281139913874
"Kass Shuler, P.A.",15,0.00013381281139913874
Consolidation Capital,15,0.00013381281139913874
"Kind Holdings, LLC",15,0.00013381281139913874
Castle Mortgage Corporation dba Excelerate Capital,15,0.00013381281139913874
Paul Michael Marketing Service,15,0.00013381281139913874
Sports & Imports Auto,14,0.0001248919573058628
FIRST FOUNDATION INC.,14,0.0001248919573058628
Greenwood and Allen Financial,14,0.0001248919573058628
"Medical & Professional Collection Services, Inc. NC.",14,0.0001248919573058628
"Fresh Start Funding, LLC",14,0.0001248919573058628
BROCKELBANK INC,14,0.0001248919573058628
"GENERAL BUSINESS RECOVERIES, INC.",14,0.0001248919573058628
FIRST CREDIT FINANCE,14,0.0001248919573058628
"Accelerated Portfolio, Inc.",14,0.0001248919573058628
College Assist,14,0.0001248919573058628
"FlexPath Capital, Inc",14,0.0001248919573058628
Meadowbrook Financial Mortgage Bankers Corp.,14,0.0001248919573058628
State Finance Company,14,0.0001248919573058628
LOAN SIMPLE INC.,14,0.0001248919573058628
"B&B Funding, LLC",14,0.0001248919573058628
"SHM Holdings, LLC",14,0.0001248919573058628
"FirstKey Holdings, LLC",14,0.0001248919573058628
Courtesy Finance LLC,14,0.0001248919573058628
Stone Higgs & Drexler,14,0.0001248919573058628
"Pinebrook Holdings, LLC",14,0.0001248919573058628
"United Military Mortgage, LLC",14,0.0001248919573058628
Monevo Inc,14,0.0001248919573058628
"NQM Funding, LLC",14,0.0001248919573058628
"Asset Recovery Group, Inc.",14,0.0001248919573058628
Makower Abbate Guerra Wegner Vollmer PLLC,14,0.0001248919573058628
"North Shore Equities, Inc.",14,0.0001248919573058628
"Consolidated Credit Solutions, Inc.",14,0.0001248919573058628
Auto Buyers Credit LLC,14,0.0001248919573058628
Auto Credit of Virginia Inc.,14,0.0001248919573058628
Reese Law Group,14,0.0001248919573058628
"Unique Management Services, Inc",14,0.0001248919573058628
Unified Global Solutions LLC,14,0.0001248919573058628
Ricart Financial Services,14,0.0001248919573058628
Common Wealth Mortgage Services,14,0.0001248919573058628
CrediautoUSA Financial Company LLC,14,0.0001248919573058628
Credee Corporation,14,0.0001248919573058628
"One Technologies, LP",14,0.0001248919573058628
"Pennsylvania Auto Credit, Inc.",14,0.0001248919573058628
Accurate Financial Services,14,0.0001248919573058628
Leif Technologies Inc.,14,0.0001248919573058628
"Allied Collection Service, Inc. (Indiana)",14,0.0001248919573058628
"Bessine Walterbach, LLP",14,0.0001248919573058628
"Newman, Hesse & Associates, P. A.",14,0.0001248919573058628
"Gragil Associates, Inc.",14,0.0001248919573058628
TH Professional & Medical Collections LTD,14,0.0001248919573058628
"Champions Funding, LLC",14,0.0001248919573058628
"Kovitz Shifrin Nesbit, A Professional Corporation",14,0.0001248919573058628
"Kwikcash, Inc.",14,0.0001248919573058628
Lenox Financial Mortgage Corporation,14,0.0001248919573058628
Allen & Withrow,14,0.0001248919573058628
TOP FLITE FINANCIAL INC,14,0.0001248919573058628
"Alco Collections, Inc.",14,0.0001248919573058628
"Celentano, Stadtmauer & Walentowicz, LLP",14,0.0001248919573058628
"Rossi Law Offices, Ltd",14,0.0001248919573058628
"WMC MORTGAGE, LLC",14,0.0001248919573058628
"Waddell Serafino Geary Rechner Jenevein, PC",14,0.0001248919573058628
"LPI, INC.",14,0.0001248919573058628
"The Levinbook Law Firm, P.C.",14,0.0001248919573058628
Houston Finance Co.,14,0.0001248919573058628
"Doyle & Hoefs, LLC",14,0.0001248919573058628
"Burns Auto Credit, LLC",14,0.0001248919573058628
LL Services Parent LLC,14,0.0001248919573058628
"TriPoint Lending, LLC",14,0.0001248919573058628
Swe Homes LP,14,0.0001248919573058628
"LoanUnited.com, LLC",14,0.0001248919573058628
"R&R Professional Recovery, Inc.",14,0.0001248919573058628
Nations Info Corp,14,0.0001248919573058628
"Account Services Collections, Inc",14,0.0001248919573058628
Dodge Enterprises Inc.,14,0.0001248919573058628
Mezcal Corporation,13,0.00011597110321258689
"American International Finance, Inc.",13,0.00011597110321258689
"Northeast Recovery Solutions, LLC",13,0.00011597110321258689
"Millennial Home Lending, Inc",13,0.00011597110321258689
"Adonis Auto Group, LLC",13,0.00011597110321258689
"Richard Sokoloff, Attorney At Law",13,0.00011597110321258689
"Apoyo Financiero, Inc.",13,0.00011597110321258689
AIH Receivables Management Inc.,13,0.00011597110321258689
"Unlock Technologies, Inc.",13,0.00011597110321258689
National Capital Solutions,13,0.00011597110321258689
"American Management Services, Inc.",13,0.00011597110321258689
Angel Oak Mortgage Solutions LLC,13,0.00011597110321258689
"Medical Financial Services, Inc.",13,0.00011597110321258689
"Wheel City Motors East, Inc.",13,0.00011597110321258689
Regional Recovery Services,13,0.00011597110321258689
Apex Mortgage LLC,13,0.00011597110321258689
ACOPIA CAPITAL GROUP,13,0.00011597110321258689
Vermont Student Assistance Corporation,13,0.00011597110321258689
Renew Financial Holdings Inc,13,0.00011597110321258689
Weimark,13,0.00011597110321258689
"NEXBANK CAPITAL, INC.",13,0.00011597110321258689
"Miller and Steeno, P.C.",13,0.00011597110321258689
"Ernst, Ernst & Artmann, Inc.",13,0.00011597110321258689
Falls Collection Service Inc.,13,0.00011597110321258689
"Insta-Credit Auto Mart, Inc. dba InstaCredit Automart",13,0.00011597110321258689
"Premier Recovery Services, LLC",13,0.00011597110321258689
"Intelliloan, Inc",13,0.00011597110321258689
Credit One LLC,13,0.00011597110321258689
FIRST CONTINENTAL MORTGAGE LTD,13,0.00011597110321258689
"CredHub, Inc",13,0.00011597110321258689
Steel Lending Group LLC,13,0.00011597110321258689
"Stephen Einstein & Associates, P.C.",13,0.00011597110321258689
"Pinata Rent, Inc",13,0.00011597110321258689
S.B.S. Trust Deed Network,13,0.00011597110321258689
Gotmortgage.com,13,0.00011597110321258689
"Aspen Properties Group, LLC",13,0.00011597110321258689
TDS Financial LLC,13,0.00011597110321258689
TICE ASSOCIATES INC,13,0.00011597110321258689
LCB Rent Reporting Ltd.,13,0.00011597110321258689
"Federal Cash Advance, LLC of Oklahoma",13,0.00011597110321258689
"Credit Service, Inc",13,0.00011597110321258689
"Credits, Incorporated",13,0.00011597110321258689
"Ladera Lending, Inc",13,0.00011597110321258689
Illinois Collections Inc,13,0.00011597110321258689
HOMEOWNERS FINANCIAL GROUP USA,13,0.00011597110321258689
Hawes Klein LLC,13,0.00011597110321258689
Rapid Home Lending Inc.,13,0.00011597110321258689
"Heavner, Beyers & Mihlar LLC",13,0.00011597110321258689
High Performance Capital,13,0.00011597110321258689
"Donut, Inc.",13,0.00011597110321258689
"R J Baucum Enterprises, Inc.",13,0.00011597110321258689
"QuickClick Loans of Illinois, LLC",13,0.00011597110321258689
"Debtsy Holdings, Inc.",13,0.00011597110321258689
"Hood & Stacy, P.A.",13,0.00011597110321258689
Smith & Smith Investors LTD,13,0.00011597110321258689
I.A.C. INC,13,0.00011597110321258689
ICUL Service Corporation,13,0.00011597110321258689
"Soja Management Services, LLC",13,0.00011597110321258689
"DOUGLAS, KNIGHT & ASSOCIATES, INC.",13,0.00011597110321258689
"Global Portfolio Recovery, LLC",13,0.00011597110321258689
"Leachman Law, P.C.",13,0.00011597110321258689
"POM Recoveries, Inc.",13,0.00011597110321258689
"Financial Asset Management, Inc.",13,0.00011597110321258689
Turnbull Law Group,13,0.00011597110321258689
"Omni AR, LLC",13,0.00011597110321258689
"Trott Law, P.C.",13,0.00011597110321258689
MLD MORTGAGE INC,13,0.00011597110321258689
"Blend Labs, Inc.",13,0.00011597110321258689
"Local Data Recovery, LLC",13,0.00011597110321258689
BEAL FINANCIAL CORPORATION,13,0.00011597110321258689
"Time Investment Company, Inc.",13,0.00011597110321258689
"Tiffany & Bosco, P.A.",13,0.00011597110321258689
PARK NATIONAL CORPORATION,13,0.00011597110321258689
"PASCO, Inc",13,0.00011597110321258689
"Glennon Law Firm, LLC",13,0.00011597110321258689
The Law Office of Edwin B. Parry,13,0.00011597110321258689
BAY VALLEY MORTGAGE GROUP,13,0.00011597110321258689
Bear Claw Lending dba Lucent Cash,13,0.00011597110321258689
"COMMERCIAL SERVICES GROUP, INC.",13,0.00011597110321258689
"Main Street Holdings, Inc.",13,0.00011597110321258689
Pappas Hayden Westberg & Jackson PC,13,0.00011597110321258689
Cadillac Accounts Receivable Management,13,0.00011597110321258689
"Caddis Funding, LLC",13,0.00011597110321258689
"Managed Recovery Systems, Inc.",13,0.00011597110321258689
CUILA LLC,13,0.00011597110321258689
"Law Offices Howard Lee Schiff, P.C.",13,0.00011597110321258689
Main Resolution Group,13,0.00011597110321258689
PRIORITY PLUS FINANCIAL LLC,13,0.00011597110321258689
NORTHERN HILLS COLLECTIONS INC.,12,0.00010705024911931098
"Nair & Levin, P.C.",12,0.00010705024911931098
Old Republic National Title Holding Co.,12,0.00010705024911931098
GENTRY FINANCE CORPORATION,12,0.00010705024911931098
"Quick Bridge Funding, LLC",12,0.00010705024911931098
"Gemini Direct LLC, dba Credit Innovation Group",12,0.00010705024911931098
GENWORTH FINANCIAL INC.,12,0.00010705024911931098
"OLD REPUBLIC TITLE HOLDING COMPANY, INC",12,0.00010705024911931098
HFS Financial LLC,12,0.00010705024911931098
"Parnell & Parnell, PA",12,0.00010705024911931098
Procollect Services LLC,12,0.00010705024911931098
"GreenPath, Inc.",12,0.00010705024911931098
"HARBORONE MORTGAGE, LLC",12,0.00010705024911931098
"Parnell Law Group, LLC",12,0.00010705024911931098
"Neighborhoods United, LLC",12,0.00010705024911931098
"Knight & Hooper, PLLC",12,0.00010705024911931098
Kitch Acceptance Corp.,12,0.00010705024911931098
Pending Company Match,12,0.00010705024911931098
"Real Estate Equity Exchange, Inc. d/b/a Unison",12,0.00010705024911931098
Pharus Funding LLC,12,0.00010705024911931098
"MCCUE MORTGAGE COMPANY, THE",12,0.00010705024911931098
"Morgan & Associates, P.C.",12,0.00010705024911931098
"Lenderfi, Inc.",12,0.00010705024911931098
"Paragon Subrogation Services, Inc",12,0.00010705024911931098
INTERNATIONAL BANCSHARES CORPORATION,12,0.00010705024911931098
"INTEGRAL RECOVERIES, INC.",12,0.00010705024911931098
Niagara Central Revenue,12,0.00010705024911931098
"Mark A. Kirkorsky, PC",12,0.00010705024911931098
EIC Enterprises,12,0.00010705024911931098
"Bastion Consumer Funding I, LLC",12,0.00010705024911931098
"Simpson Law Firm, P.A.",12,0.00010705024911931098
VIAMERICAS CORPORATION,12,0.00010705024911931098
"Winthrop Financial Resources, LLC",12,0.00010705024911931098
ALL WESTERN MORTGAGE,12,0.00010705024911931098
"DYNAMIC RECOVERY SERVICES, INC.",12,0.00010705024911931098
"Blue Global Media, Inc.",12,0.00010705024911931098
First Bancorp North Carolina,12,0.00010705024911931098
"Bizcorp, LLC",12,0.00010705024911931098
"CHS, Inc.",12,0.00010705024911931098
"ADVISORS MORTGAGE GROUP, LLC",12,0.00010705024911931098
"Array US, Inc",12,0.00010705024911931098
"Southwood Financial, LLC.",12,0.00010705024911931098
Creditor Advocates Inc,12,0.00010705024911931098
The Hallstrom Law Firm PLLC,12,0.00010705024911931098
"TESORO FINANCIAL, LLC",12,0.00010705024911931098
"Yakima County Credit Service, INC",12,0.00010705024911931098
ACCOUNTS ADVOCATE AGENCY,12,0.00010705024911931098
Start Connecting dba USA Student Debt Relief,12,0.00010705024911931098
"The McHughes Law Firm, LLC",12,0.00010705024911931098
"Clarkson Law Firm, LLC",12,0.00010705024911931098
American Location Specialists,12,0.00010705024911931098
AMERICAN PORTIFOLIO MORTGAGE,12,0.00010705024911931098
"Automotive Leasing Specialists, L.L.C.",12,0.00010705024911931098
AmOne Corp.,12,0.00010705024911931098
CW Financial,12,0.00010705024911931098
Accounts Interchange Group LLC,12,0.00010705024911931098
Washington Trust Bank Financial Corporation,12,0.00010705024911931098
Tesani Management Inc,12,0.00010705024911931098
SVB FINANCIAL GROUP,12,0.00010705024911931098
Edward F Bukaty III,12,0.00010705024911931098
"Abrahamsen Ratchford, P.C",12,0.00010705024911931098
Advise Solutions Services LLC,12,0.00010705024911931098
EarnUp Inc.,12,0.00010705024911931098
"Aequitas Capital Opportunities Fund, LP",12,0.00010705024911931098
FIRST CENTENNIAL MORTGAGE CORP,12,0.00010705024911931098
"ThunderRoad Financial, LLC",12,0.00010705024911931098
Alliance Group & Associates LLC,12,0.00010705024911931098
ASG Solutions LLC,12,0.00010705024911931098
"SACOR FINANCIAL, INC",12,0.00010705024911931098
CapitalCredit LLC,12,0.00010705024911931098
ECredable,12,0.00010705024911931098
Direct Cash LLC,12,0.00010705024911931098
Direct Capital,12,0.00010705024911931098
"Credit & Collection Recovery Services, Inc.",12,0.00010705024911931098
Financial Network Recovery Inc,12,0.00010705024911931098
"BQ & Associates, P.C., L.L.O.",12,0.00010705024911931098
"60 Month Loans, Inc.",12,0.00010705024911931098
Commercial Recovery Systems,12,0.00010705024911931098
Foreman Financial Inc.,12,0.00010705024911931098
Consumer Real Estate Finance Co.,12,0.00010705024911931098
"The Law Offices of Quinn M. Kofford, P.C.",12,0.00010705024911931098
Students Come First,12,0.00010705024911931098
"The Law Offices of Gerald E Moore & Associates, PC",12,0.00010705024911931098
USForex Inc.,12,0.00010705024911931098
"Surf Consultants, Inc.",12,0.00010705024911931098
"Cloud Willis & Ellis, LLC",12,0.00010705024911931098
Summit Financial Corp.,12,0.00010705024911931098
"Verified First, LLC",11,9.812939502603507e-05
Advanced Portfolio Group LLC,11,9.812939502603507e-05
Sher & Shabsin PC,11,9.812939502603507e-05
Reliance Motor Credit LLC,11,9.812939502603507e-05
Westhill Financial,11,9.812939502603507e-05
Judgment Acquisitions Unlimited Inc,11,9.812939502603507e-05
Receivables Management Associates,11,9.812939502603507e-05
"SERVISFIRST BANCSHARES, INC.",11,9.812939502603507e-05
"Cascade Collections, Inc.",11,9.812939502603507e-05
Absolute Home Mortgage Corporation,11,9.812939502603507e-05
Physicians & Dentists Credit Bureau,11,9.812939502603507e-05
"RNN Group, Inc",11,9.812939502603507e-05
Higher Level Processing,11,9.812939502603507e-05
American Credit - Credit Repair Centers,11,9.812939502603507e-05
"SW Linear Investment Group, LLC",11,9.812939502603507e-05
"Trustly, Inc.",11,9.812939502603507e-05
"Summit AmeriFirst Holdings, Inc.",11,9.812939502603507e-05
CONTRACT RESOLVE GROUP LLC,11,9.812939502603507e-05
American Lending Finance,11,9.812939502603507e-05
"Landmark Strategy Group, LLC",11,9.812939502603507e-05
"Car Credit Finance, LLC",11,9.812939502603507e-05
"Rubin & Debski, P.A.",11,9.812939502603507e-05
"PATRICK A. CAREY, P.A.",11,9.812939502603507e-05
Moon Inc.,11,9.812939502603507e-05
"Harvest Strategy Group, Inc.",11,9.812939502603507e-05
RESIDENTIAL HOME FUNDING CORP.,11,9.812939502603507e-05
"CREDIT BUREAU OF FARMINGTON, INC",11,9.812939502603507e-05
"EMI Equity Mortgage, Inc.",11,9.812939502603507e-05
FIRST HORIZON BANK - WEST CONGRESS STREET BRANCH,11,9.812939502603507e-05
KCB Credit LLC,11,9.812939502603507e-05
"Razor Capital, LLC",11,9.812939502603507e-05
BROADVIEW MORTGAGE CORPORATION,11,9.812939502603507e-05
"RIGHT START MORTGAGE, INC.",11,9.812939502603507e-05
E Mortgage,11,9.812939502603507e-05
Secure One Capital Corporation,11,9.812939502603507e-05
"Vinci Law Office, LLC",11,9.812939502603507e-05
Tater Inc.,11,9.812939502603507e-05
"TaxServ, LLC",11,9.812939502603507e-05
Western Management Consultants,11,9.812939502603507e-05
Moiharwin Diverisfied Corporation,11,9.812939502603507e-05
"C & M Associates Group, Inc.",11,9.812939502603507e-05
Top Flight Assistance (Top Flight Credit Assistance),11,9.812939502603507e-05
"CREDIT BUREAU OF LEWISTON-CLARKSTON, INC",11,9.812939502603507e-05
Colony Ridge Inc.,11,9.812939502603507e-05
"RAM America, Inc",11,9.812939502603507e-05
"Select Financial Services, Inc.",11,9.812939502603507e-05
"ALLSTATE LENDING GROUP, INC",11,9.812939502603507e-05
La Casa Bonita Investments,11,9.812939502603507e-05
Professional Service Bureau,11,9.812939502603507e-05
EXCEL FINANCE COMPANY,11,9.812939502603507e-05
"Cannon Finance, Inc.",11,9.812939502603507e-05
Pendleton Capital Management,11,9.812939502603507e-05
"Buffaloe & Associates, PLC",11,9.812939502603507e-05
US MORTGAGE CORPORATION,11,9.812939502603507e-05
"Mirand Response Systems, Inc.",11,9.812939502603507e-05
"Rhodes, Kelly Assoc Inc",11,9.812939502603507e-05
"A.C.S. Companies, Inc. I",11,9.812939502603507e-05
Acknowledge Debt Resolutions,11,9.812939502603507e-05
Zachter PLLC,11,9.812939502603507e-05
STAR ONE CREDIT UNION,11,9.812939502603507e-05
"Millsap & Singer, LLC",11,9.812939502603507e-05
Chaparral Inc,11,9.812939502603507e-05
Fusion Auto Finance,11,9.812939502603507e-05
MANN FINANCIAL INC.,11,9.812939502603507e-05
"United Debt Counselors, LLC",11,9.812939502603507e-05
"SOUTHWEST FUNDING, LP",11,9.812939502603507e-05
Astra Business Services,11,9.812939502603507e-05
Intercoastal Mortgage LLC,11,9.812939502603507e-05
"Caliver Beach Mortgage, LLC",11,9.812939502603507e-05
"MUSA Holdings, LLC",11,9.812939502603507e-05
Interstate Credit Control,11,9.812939502603507e-05
"MEDCAH, Inc.",11,9.812939502603507e-05
SOUTHEAST MORTGAGE OF GA INC,11,9.812939502603507e-05
Flat Six Holdings Inc.,11,9.812939502603507e-05
"JMD,LLC",11,9.812939502603507e-05
"Larsen & Associates, P.L.",11,9.812939502603507e-05
NAM National Arbitration and Mediation,11,9.812939502603507e-05
"Century Credit & Collections, LLC",11,9.812939502603507e-05
COMPUTER SCIENCES CORPORATION,11,9.812939502603507e-05
"American Revenue Management, Inc.",11,9.812939502603507e-05
"Consolidated Management Group, LLC",11,9.812939502603507e-05
"Bonded Business Services, Ltd.",11,9.812939502603507e-05
"Nobilis Credit Management, LLC.",11,9.812939502603507e-05
"Rodriguez Fernandez Law Offices, LLC",11,9.812939502603507e-05
"Financial Solutions Group, LLC",11,9.812939502603507e-05
HOME FINANCING CENTER,11,9.812939502603507e-05
DRIVE NOW ACCEPTANCE LLC,11,9.812939502603507e-05
Ameritan Group Services,11,9.812939502603507e-05
Rapid Auto Loans LLC,11,9.812939502603507e-05
"DK, Consulting, Inc dba Huntington Financial Services",11,9.812939502603507e-05
South East Collection Specialist,11,9.812939502603507e-05
"Pinnacle Financial Group, Inc.",11,9.812939502603507e-05
Range View Management LLC,11,9.812939502603507e-05
M.L. Zager P.C.,11,9.812939502603507e-05
"Imperium Lending, LLC",11,9.812939502603507e-05
"Accord Business Funding, LLC",11,9.812939502603507e-05
The Collection Connection,11,9.812939502603507e-05
"TJC Mortgage, Inc.",11,9.812939502603507e-05
PACIFIC CAPITAL EXCHANGE,10,8.920854093275915e-05
"Equidata, Inc.",10,8.920854093275915e-05
"CoinZoom, Inc.",10,8.920854093275915e-05
"EZCORP, INC.",10,8.920854093275915e-05
Loan Cabin Inc.,10,8.920854093275915e-05
"Action Professionals, Inc.",10,8.920854093275915e-05
STELLAR BANCORP INC.,10,8.920854093275915e-05
"Advantage Plus Credit Reporting, Inc.",10,8.920854093275915e-05
"Emerald AR Systems, LLC",10,8.920854093275915e-05
"Bristlecone, Inc.",10,8.920854093275915e-05
MORTGAGE CLEARING CORPORATION,10,8.920854093275915e-05
"R & R Collection Service, Inc.",10,8.920854093275915e-05
EUSTIS MORTGAGE CORPORATION,10,8.920854093275915e-05
"THE MONEY HOUSE, INC.",10,8.920854093275915e-05
Optima Advocates,10,8.920854093275915e-05
"V.I.P. MORTGAGE, INC.",10,8.920854093275915e-05
"Uptain Group, Inc.",10,8.920854093275915e-05
"Prodigy Finance Servicing, LLC",10,8.920854093275915e-05
Critical Resolution Mediation LLC,10,8.920854093275915e-05
Manley Deas & Kochalski LLC,10,8.920854093275915e-05
Informative LLC,10,8.920854093275915e-05
CreditWorks LLC,10,8.920854093275915e-05
United Mortgage Lending LLC,10,8.920854093275915e-05
Strauss Factor Laing & Lyons,10,8.920854093275915e-05
Khoury Alternative Claims Management,10,8.920854093275915e-05
Novea Portfolio Management LLC,10,8.920854093275915e-05
Credit Recovery Systems LLC,10,8.920854093275915e-05
"Premier Mortgage Resources, LLC",10,8.920854093275915e-05
BAS Receivable Management Inc.,10,8.920854093275915e-05
"Convergence Acquisitions, LLC",10,8.920854093275915e-05
Bell Global Solutions LLC,10,8.920854093275915e-05
"Credit Bureau Services, LLC",10,8.920854093275915e-05
Lowcountry Credit Inc.,10,8.920854093275915e-05
BIYING Inc,10,8.920854093275915e-05
"Capital Eleven Auto, LLC dba Capital Auto Loan",10,8.920854093275915e-05
Breit Investment,10,8.920854093275915e-05
REDEMPTION FINANCIAL SERVICES LLC dba NATIONAL AUTO ACCEPTANCE,10,8.920854093275915e-05
"Capital For Change, Inc.",10,8.920854093275915e-05
Trusted Mortgage Capital Inc,10,8.920854093275915e-05
Hawk Inc,10,8.920854093275915e-05
"Compattia Roccia Management Group, LLC",10,8.920854093275915e-05
"K STREET FINANCE, INC.",10,8.920854093275915e-05
Allied Servicing Corporation,10,8.920854093275915e-05
"Henley, Lotterhos & Henley, PLLC",10,8.920854093275915e-05
"LUKE, JOHNSON & LEWIS LLC",10,8.920854093275915e-05
"BMANSOL Intermediate Holdings, Inc.",10,8.920854093275915e-05
Olson Associates PC,10,8.920854093275915e-05
"Dennis Dillon Auto Park and Truck Center, Inc.,",10,8.920854093275915e-05
"Delta Outsource Group, Inc.",10,8.920854093275915e-05
"Melar Investments, LLC",10,8.920854093275915e-05
Homespire Mortgage Corp,10,8.920854093275915e-05
"Debt Recovery Solutions of Ohio, Inc.",10,8.920854093275915e-05
"American Heritage Lending, LLC",10,8.920854093275915e-05
"Debt Direct Portfolio Management, LLC",10,8.920854093275915e-05
HALLMARK HOME MORTGAGE LLC,10,8.920854093275915e-05
"Lendsmart, Inc.",10,8.920854093275915e-05
"CARTER-JONES COLLECTION SERVICE, INC",10,8.920854093275915e-05
First Consumers Financial LLC,10,8.920854093275915e-05
Grey Inc,10,8.920854093275915e-05
"NEU Money, Inc.",10,8.920854093275915e-05
"GRIFFIN FUNDING, INC.",10,8.920854093275915e-05
"Access Capital Services, Inc.",10,8.920854093275915e-05
"Leopold & Associates, LLC",10,8.920854093275915e-05
"CMM Finance, Inc.",10,8.920854093275915e-05
River Financial Inc.,10,8.920854093275915e-05
"AUTO FINANCE USA, LLC",10,8.920854093275915e-05
PLATINUM HOME MORTGAGE CORPORATION,10,8.920854093275915e-05
CENTERSTATE BANK CORPORATION,10,8.920854093275915e-05
"ADP, LLC",10,8.920854093275915e-05
PIKE CREEK MORTGAGE SERVICES,10,8.920854093275915e-05
"Randolph, Boyd, Cherry and Vaughan",10,8.920854093275915e-05
FINEX Group LLC,10,8.920854093275915e-05
C2 Financial Corporation,10,8.920854093275915e-05
"FIRST METROPOLITAN FINANCIAL SERVICES, INC.",10,8.920854093275915e-05
"AMERICAN BANCSHARES MORTGAGE, LLC",10,8.920854093275915e-05
The Cadle Company,10,8.920854093275915e-05
"Wheels of Chicago, Inc.",10,8.920854093275915e-05
C B Merchant Services,10,8.920854093275915e-05
Mortgage One Funding LLC,10,8.920854093275915e-05
Law Offices of Les Zieve,10,8.920854093275915e-05
CRE Credit Services,10,8.920854093275915e-05
"National Recovery Service, Inc.",10,8.920854093275915e-05
GRANITE STATE MANAGEMENT & RESOURCES,10,8.920854093275915e-05
FEARON FINANCIAL LLC,10,8.920854093275915e-05
"The Law Offices of Burr & Reid, LLP",10,8.920854093275915e-05
"Ragan & Ragan, P.C.",10,8.920854093275915e-05
"The Law Offices of Gregory Alexandrides, LLC",10,8.920854093275915e-05
"PMGI, LLC",10,8.920854093275915e-05
FUTURE FINANCE COMPANY,10,8.920854093275915e-05
"The Allen Daniel Associates, Inc.",10,8.920854093275915e-05
"BH Financial Group, LLC",9,8.028768683948324e-05
The Shindler Law Firm,9,8.028768683948324e-05
Global Credit Solutions LLC,9,8.028768683948324e-05
Deatrick & Spies PSC,9,8.028768683948324e-05
"Prohealth Care, Inc",9,8.028768683948324e-05
"Financial Adjustment Bureau, Inc.",9,8.028768683948324e-05
Williston Financial Group,9,8.028768683948324e-05
"Professional Recovery, Inc.",9,8.028768683948324e-05
Skyline Financial Corp.,9,8.028768683948324e-05
"CJA Auto Sales, Inc.",9,8.028768683948324e-05
Commercial Credit Counseling Services Inc.,9,8.028768683948324e-05
"Solidifi US, Inc.",9,8.028768683948324e-05
ALASKA COMMISSION ON POST SECONDARY EDUCATION,9,8.028768683948324e-05
Get Financed LLC,9,8.028768683948324e-05
"Cedar Holdings, Inc.",9,8.028768683948324e-05
"Blackstad, Hrabe, Kirlorsky, LLC",9,8.028768683948324e-05
Blackrock Mitigation Group LLC,9,8.028768683948324e-05
"Coastal Capital Processing, LLC",9,8.028768683948324e-05
"Ogden Holdings, LLC",9,8.028768683948324e-05
"Pingora Holdings, LP",9,8.028768683948324e-05
"Barrett Motors, Inc.",9,8.028768683948324e-05
"1 STOP MONEY CENTERS, LLC",9,8.028768683948324e-05
AR Solutions Inc,9,8.028768683948324e-05
"Bayside Capital Services, LLC",9,8.028768683948324e-05
"Collection Bureau of Little Falls, Inc.",9,8.028768683948324e-05
Selene Finance LP,9,8.028768683948324e-05
High Mountain Funding Inc.,9,8.028768683948324e-05
Mortgage Connect LP,9,8.028768683948324e-05
"Direct Mortgage Loans, LLC",9,8.028768683948324e-05
DebtEaze,9,8.028768683948324e-05
"Kaman & Cusimano, LLC",9,8.028768683948324e-05
Direct Account Management,9,8.028768683948324e-05
"Kahn, Dees, Donovan & Kahn, LLP",9,8.028768683948324e-05
AmNet ESOP Corporation,9,8.028768683948324e-05
Cliff Lending Inc. d/b/a Advance Loan Solutions,9,8.028768683948324e-05
"Feldman & Stern, LLC",9,8.028768683948324e-05
Personal Finance Center,9,8.028768683948324e-05
NAFCO Finance,9,8.028768683948324e-05
Genesis Lending,9,8.028768683948324e-05
"K. HOVNANIAN AMERICAN MORTGAGE, LLC",9,8.028768683948324e-05
"Jon B. Sage, P.A. dba Sage Law Offices",9,8.028768683948324e-05
"NCC Holdings, LLC",9,8.028768683948324e-05
Ivy Street Development Corp.,9,8.028768683948324e-05
"J & B Endeavors, LLC",9,8.028768683948324e-05
"AutoBank Financial, LLC",9,8.028768683948324e-05
"Credit Associates, Inc. (MO)",9,8.028768683948324e-05
UnBanked,9,8.028768683948324e-05
MORTGAGE INVESTORS GROUP,9,8.028768683948324e-05
"FirstCollect, Inc.",9,8.028768683948324e-05
Mankin Law Group,9,8.028768683948324e-05
Olympic Collection Inc.,9,8.028768683948324e-05
ABC Credit & Recovery Services Inc.,9,8.028768683948324e-05
MIRACLE FINANCE LTD,9,8.028768683948324e-05
"Stewart, Zlimen & Jungers, Attorneys, Ltd.",9,8.028768683948324e-05
"BAM Financial, LLC",9,8.028768683948324e-05
"Sykes,Bourdon,Ahern & Levy, P.C.",9,8.028768683948324e-05
Revenued LLC,9,8.028768683948324e-05
Legal Logix Inc.,9,8.028768683948324e-05
"OHara Holdings, LLP",9,8.028768683948324e-05
"UNITED FIDELITY FUNDING, CORP",9,8.028768683948324e-05
"InterLinc Mortgage Services, LLC",9,8.028768683948324e-05
"OSG Group Holdings, Inc.",9,8.028768683948324e-05
Credit Wellness LLC,9,8.028768683948324e-05
"Credit Union Mortgage Association, Inc.",9,8.028768683948324e-05
"Innovative Collections, LLC",9,8.028768683948324e-05
Credit Solutions,9,8.028768683948324e-05
"NATIONAL FUNDING, INC.",9,8.028768683948324e-05
"Chaplin & Papa, P.C.",9,8.028768683948324e-05
"CLAYTON AUTOS, INC",9,8.028768683948324e-05
MID-ISLAND MORTGAGE CORP.,9,8.028768683948324e-05
"Strategic Automotive Servicing, LLC",9,8.028768683948324e-05
Assured Financial Partners,9,8.028768683948324e-05
"Spero Solutions, Inc.",9,8.028768683948324e-05
The Judgment Group,9,8.028768683948324e-05
Atlantic Discount Corporation dba Atlantic Financial Services,9,8.028768683948324e-05
"Allied Recovery Solutions, Inc.",9,8.028768683948324e-05
"James E. Albertelli, P.A., a Florida professional association",9,8.028768683948324e-05
Allies for Community Business,9,8.028768683948324e-05
"Tomo Networks, Inc.",9,8.028768683948324e-05
PROPEL FINANCIAL SERVICES LLC,9,8.028768683948324e-05
"Allied Capital Management, Inc.",9,8.028768683948324e-05
Access Loan Services Inc.,9,8.028768683948324e-05
Hanna Holdings Inc,9,8.028768683948324e-05
Michael G. Niles,9,8.028768683948324e-05
Affiliates Management Company,9,8.028768683948324e-05
Action Finance Inc.,9,8.028768683948324e-05
Accounts Receivable Consultants Inc.,9,8.028768683948324e-05
"Miguel A. Maza & Associates, PSC",9,8.028768683948324e-05
SANTANDER BANCORP,9,8.028768683948324e-05
"SYNERGY ONE LENDING, INC.",9,8.028768683948324e-05
"PARSON BISHOP SERVICES, INC",9,8.028768683948324e-05
"Hameroff Law Group, P.C.",9,8.028768683948324e-05
"Money Stash, L.L.C.",9,8.028768683948324e-05
"New Southern Loans, Inc",9,8.028768683948324e-05
"LoanFlight Lending, LLC",9,8.028768683948324e-05
SAMUEL I WHITE PC,9,8.028768683948324e-05
"Action Credit, LLC",9,8.028768683948324e-05
"Lakeview Law Group, PLLC",9,8.028768683948324e-05
"Salander Enterprises, LLC",8,7.136683274620733e-05
Ashwood Financial Inc,8,7.136683274620733e-05
"Insight One Solutions, LLC",8,7.136683274620733e-05
"Chicago Car Center, Inc.",8,7.136683274620733e-05
"Specified Credit Association, Inc.",8,7.136683274620733e-05
Asset Complaint Solutions,8,7.136683274620733e-05
Nevada Professional Collections Texas,8,7.136683274620733e-05
"Asset Maximization Group, Inc.",8,7.136683274620733e-05
ACRE MORTGAGE,8,7.136683274620733e-05
"True Link Financial, Inc.",8,7.136683274620733e-05
"Associated Collectors, Inc.",8,7.136683274620733e-05
Credit Repair Anywhere,8,7.136683274620733e-05
Credit Services of Michigan,8,7.136683274620733e-05
"Mid-Minnesota Management Services, Inc.",8,7.136683274620733e-05
United Financial Service,8,7.136683274620733e-05
Eastern Asset Services LLC,8,7.136683274620733e-05
Affiliated Acceptance Corporation,8,7.136683274620733e-05
"Money Services, Inc., d/b/a Texoma Finance",8,7.136683274620733e-05
General Mortgage Capital Corporation,8,7.136683274620733e-05
IOWA BANKERS MORTGAGE CORPORATION,8,7.136683274620733e-05
Ray Skillman GMC Truck Inc,8,7.136683274620733e-05
Southeast Investment Corp,8,7.136683274620733e-05
"Lyon Collection Services, Inc",8,7.136683274620733e-05
Upstate Remedial Management Inc,8,7.136683274620733e-05
"Cuzco Capital Investment Management, LLC",8,7.136683274620733e-05
Iconic Mortgage Corp.,8,7.136683274620733e-05
Roberts Markel Weinberg Butler Hailey PC,8,7.136683274620733e-05
LAKEVIEW LENDING LLC,8,7.136683274620733e-05
Cumulus Funding LLC,8,7.136683274620733e-05
"Red Mortgage, Inc.",8,7.136683274620733e-05
"M. Richard Epps, P.C.",8,7.136683274620733e-05
"Robert W. Warner & Associates, P.C.",8,7.136683274620733e-05
Arapahoe Motors,8,7.136683274620733e-05
"The Grogan Law Group, LLC",8,7.136683274620733e-05
Century First Credit Solutions,8,7.136683274620733e-05
"Harmon Law Offices, P.C.",8,7.136683274620733e-05
"M/I Homes, Inc.",8,7.136683274620733e-05
"Creditors Specialty Northwest, Inc.",8,7.136683274620733e-05
"Lefkoff, Rubin, Gleason & Russo, P.C.",8,7.136683274620733e-05
"General Recovery Services of WV, Inc.",8,7.136683274620733e-05
Certified Recovery Inc,8,7.136683274620733e-05
"Garner & Conner, PLLC",8,7.136683274620733e-05
"AXIA FINANCIAL, LLC",8,7.136683274620733e-05
OAKTREE FUNDING CORPORATION,8,7.136683274620733e-05
"Omnex Group, Inc.",8,7.136683274620733e-05
Credit Lending Services Inc.,8,7.136683274620733e-05
"STL HOLDING COMPANY, LLC",8,7.136683274620733e-05
"Strategic Financial Solutions, LLC",8,7.136683274620733e-05
Account Brokers Inc.,8,7.136683274620733e-05
Supreme Solutions,8,7.136683274620733e-05
Foxstar Energy Resources LLC DBA Federal Student Loans Council,8,7.136683274620733e-05
EnTrust Funding,8,7.136683274620733e-05
Minnesota Office of Higher Education,8,7.136683274620733e-05
"Zeus Mortgage, Ltd.",8,7.136683274620733e-05
People Trust,8,7.136683274620733e-05
Guidance Alum LLC,8,7.136683274620733e-05
Resource Management Group,8,7.136683274620733e-05
"Estate Information Services, LLC",8,7.136683274620733e-05
"BTS Motors, LLC",8,7.136683274620733e-05
Student Loan Direct,8,7.136683274620733e-05
Student Loan Finance Corporation,8,7.136683274620733e-05
"SMS Financial, LLC",8,7.136683274620733e-05
Student Services,8,7.136683274620733e-05
Buffalo Auto Acceptance Corp.,8,7.136683274620733e-05
Bayview Solutions LLC,8,7.136683274620733e-05
Escrow Inc,8,7.136683274620733e-05
Tiffany & Tiffany PLLC,8,7.136683274620733e-05
Collection Center Inc,8,7.136683274620733e-05
"Kenneth E. Davidson, Attorney",8,7.136683274620733e-05
ReliaMax Holding Company,8,7.136683274620733e-05
"Pittenger Law Group, LLC.",8,7.136683274620733e-05
Rhode Island Student Loan Authority,8,7.136683274620733e-05
"Statewide Mortgage, LLC",8,7.136683274620733e-05
"Peak Acceptance, LLC.",8,7.136683274620733e-05
"WALLICK AND VOLK, INC",8,7.136683274620733e-05
United Acceptance Inc.,8,7.136683274620733e-05
"Kirschbaum, Nanney, Keenan & Griffin, P.A.",8,7.136683274620733e-05
Landmark Collection Services Inc.,8,7.136683274620733e-05
"State Cap Auto Finance, Inc",8,7.136683274620733e-05
Credit Bureau Central Inc (MS),8,7.136683274620733e-05
Bronstein & Weiss Arbitration,8,7.136683274620733e-05
"Credit Adjustment Services of Harrisburg, Inc",8,7.136683274620733e-05
ACCESS LOAN COMPANY,8,7.136683274620733e-05
Bella Sloan Enterprises,8,7.136683274620733e-05
"Expanse Financial Technologies, Inc. f/k/a Prepaid Ventures, LTD",8,7.136683274620733e-05
"Statewide Tax Recovery, LLC",8,7.136683274620733e-05
Law Office of Linda Strumpf,8,7.136683274620733e-05
"JH Portfolio Debt Equities, LLC",8,7.136683274620733e-05
JLB CORPORATION,8,7.136683274620733e-05
OPEN MORTGAGE LLC,8,7.136683274620733e-05
"Adela, Inc",8,7.136683274620733e-05
"Plato, LLC",8,7.136683274620733e-05
HOMESTEAD FUNDING CORPORATION,8,7.136683274620733e-05
Bell Global Services LLC,8,7.136683274620733e-05
"Stone Creek Financial, Inc",8,7.136683274620733e-05
TOPA EQUITIES,8,7.136683274620733e-05
Accounts Receivable Services,8,7.136683274620733e-05
First Choice Assets LLC.,8,7.136683274620733e-05
Altitude Community Law P.C.,8,7.136683274620733e-05
Nexera Holding LLC,8,7.136683274620733e-05
Secure One Financial Inc.,8,7.136683274620733e-05
"DynaGen Lending, LLC",8,7.136683274620733e-05
Ray Skillman Northeast Buick GMC Truck Inc,8,7.136683274620733e-05
"TRIDENT MORTGAGE COMPANY, LP",8,7.136683274620733e-05
PAY-O-MATIC,8,7.136683274620733e-05
Golden Entropy Marketing Inc,8,7.136683274620733e-05
Mechoopda Indian Tribe of Chico Rancheria,8,7.136683274620733e-05
Montgomery County Credit Bureau,8,7.136683274620733e-05
Royalty Management Corporation,8,7.136683274620733e-05
DocuPrep Xpress,8,7.136683274620733e-05
Visio Financial Services Inc.,8,7.136683274620733e-05
American Reporting Company,8,7.136683274620733e-05
"Money Transfer Acquisition, Inc.",8,7.136683274620733e-05
"Dean Morris, L.L.P.",8,7.136683274620733e-05
"DSW Carolina, LLC d/b/a Resource Services",8,7.136683274620733e-05
"LPH, Inc.",8,7.136683274620733e-05
"Veristone Mortgage, LLC",8,7.136683274620733e-05
APLUS INSTACASH LLC dba A+ FINANCE,8,7.136683274620733e-05
Merchants Credit LLC,8,7.136683274620733e-05
Quick Debt Services LLC,8,7.136683274620733e-05
"Healthcare Collection Specialists, Inc.",8,7.136683274620733e-05
"American Elite Recovery, LLC",8,7.136683274620733e-05
ASAP Credit Repair,8,7.136683274620733e-05
"RCS Recovery Services, LLC",8,7.136683274620733e-05
Town Financial Corporation,8,7.136683274620733e-05
"Borenstein & Associates, LLC",8,7.136683274620733e-05
VeriScreen Inc.,8,7.136683274620733e-05
"PRG Ventures, Inc",8,7.136683274620733e-05
"Lake Area Collections, LLC",8,7.136683274620733e-05
"Durrett Motor Company, Inc.",8,7.136683274620733e-05
"Rogers, Carter & Payne, LLC",8,7.136683274620733e-05
"LOGICOLL, LLC",8,7.136683274620733e-05
DIXIE FINANCE COMPANY,8,7.136683274620733e-05
McMichael Taylor Gray LLC,8,7.136683274620733e-05
Ameritech Financial,8,7.136683274620733e-05
CONDOR CAPITAL CORP,8,7.136683274620733e-05
"Liberty Holdings, LLC",8,7.136683274620733e-05
Liberty Home Mortgage Corporation,8,7.136683274620733e-05
"Rubin Lublin, LLC",8,7.136683274620733e-05
Financial Warranty LLC,8,7.136683274620733e-05
Blackwater Capital Group LLC.,8,7.136683274620733e-05
"Rental Kharma, Inc",7,6.24459786529314e-05
The Law Firm of Krisor & Associates,7,6.24459786529314e-05
"ROC Asset Solutions, LLC",7,6.24459786529314e-05
"Diaz Anselmo Lindberg, P.A.",7,6.24459786529314e-05
"Dimand Law Offices, P.C.",7,6.24459786529314e-05
"NexGen Proceed, LLC",7,6.24459786529314e-05
Miller Davis & Peoples,7,6.24459786529314e-05
"Continental Central Credit, Inc.",7,6.24459786529314e-05
"Clear Mortgage Capital, Inc.",7,6.24459786529314e-05
"Stokes & Wolf, P.C.",7,6.24459786529314e-05
"CREDIT BUREAU ASSOCIATES-NORTHEAST, INC.",7,6.24459786529314e-05
Tan Oak Financial,7,6.24459786529314e-05
"Focused Recovery Solutions, Inc.",7,6.24459786529314e-05
"JMC Leasing Specialties, LLC",7,6.24459786529314e-05
"Westview Financial Services VA, LLC",7,6.24459786529314e-05
"Nagle & Zaller, PC",7,6.24459786529314e-05
Polk Auto Finance Inc,7,6.24459786529314e-05
Home Mortgage Alliance Corp. (HMAC),7,6.24459786529314e-05
"Western Benefits Group, LLC",7,6.24459786529314e-05
"Automated Accounts, Inc.",7,6.24459786529314e-05
Lightning Mortgage Holding Company Inc,7,6.24459786529314e-05
Law Office of Monica Guilarte LLC,7,6.24459786529314e-05
"Accounts Receivables, Inc. (FL)",7,6.24459786529314e-05
"Crabtree Law, PA",7,6.24459786529314e-05
"ONE REVERSE MORTGAGE, LLC",7,6.24459786529314e-05
Alliant Cooperative Data Solutions,7,6.24459786529314e-05
Lendtable Inc.,7,6.24459786529314e-05
Courtesy Loans of Oklahoma LLC.,7,6.24459786529314e-05
Clayton Holdings LLC,7,6.24459786529314e-05
"Rapid Investments Holdings, Inc",7,6.24459786529314e-05
Merchants Automotive Group LLC,7,6.24459786529314e-05
"JHL, LLC",7,6.24459786529314e-05
"Helping Hand Financial, Inc",7,6.24459786529314e-05
"Collection Services, Inc.",7,6.24459786529314e-05
SOLERA LLC,7,6.24459786529314e-05
"Seidberg Law Offices, P.C.",7,6.24459786529314e-05
"Coast2Coast Mortgage, LLC",7,6.24459786529314e-05
Lending Tower LLC,7,6.24459786529314e-05
LYON SERVICES CORPORATION,7,6.24459786529314e-05
Becker and Poliakoff,7,6.24459786529314e-05
"MILEND, INC.",7,6.24459786529314e-05
CITYWORTH MORTGAGE LLC,7,6.24459786529314e-05
Account Liquidation Services Inc.,7,6.24459786529314e-05
CFS ACCEPTANCE,7,6.24459786529314e-05
"Joseph M. Tobin, PC",7,6.24459786529314e-05
"Consolidated Auto Sales, Inc.",7,6.24459786529314e-05
"Dorough & Dorough, LLC",7,6.24459786529314e-05
"Colten Mortgage, LLC",7,6.24459786529314e-05
"Hidden Oak Group, Inc.",7,6.24459786529314e-05
Capitol Loans,7,6.24459786529314e-05
SOUTHERN TRUST MORTGAGE LLC,7,6.24459786529314e-05
"KBHS Home Loans, LLC",7,6.24459786529314e-05
NORTHERN OHIO INVESTMENT COMPANY,7,6.24459786529314e-05
"CU Alliance, LLC",7,6.24459786529314e-05
"1 Auto Finance, Inc.",7,6.24459786529314e-05
"Doxo, Inc.",7,6.24459786529314e-05
"Lend You Cash, Inc",7,6.24459786529314e-05
PRIMERA FINANCIAL CORP.,7,6.24459786529314e-05
Alternative Collections LLC,7,6.24459786529314e-05
"Acquired Assets, Ltd.",7,6.24459786529314e-05
Strategic Dealer Services,7,6.24459786529314e-05
"Lend Smart Mortgage, LLC",7,6.24459786529314e-05
Olympus Lending LLC,7,6.24459786529314e-05
BID SOLUTIONS LLC,7,6.24459786529314e-05
"Forward Funding Group, Inc.",7,6.24459786529314e-05
"ZenResolve, LLC",7,6.24459786529314e-05
RRD Financial LLC,7,6.24459786529314e-05
Milestone Parrish LLC,7,6.24459786529314e-05
Collections Inc,7,6.24459786529314e-05
"Metallicus, Inc.",7,6.24459786529314e-05
"Pine Court Holdings, LLC",7,6.24459786529314e-05
College Loan Corporation,7,6.24459786529314e-05
"Credit Associates of Maui, LTD",7,6.24459786529314e-05
ROCKY MOUNTAIN MORTGAGE COMPANY,7,6.24459786529314e-05
"American Collection Systems, Inc. (OH)",7,6.24459786529314e-05
"HUELSON LAW FIRM, LLC",7,6.24459786529314e-05
"Dana & Pariser Co.,L.P.A.",7,6.24459786529314e-05
"REPORTS, INC.",7,6.24459786529314e-05
ATLANTIC HOME LOANS INC.,7,6.24459786529314e-05
"Ashton & Weinberg, Inc.",7,6.24459786529314e-05
"Mid-Atlantic Solutions Holdings, LLC",7,6.24459786529314e-05
AUTO CREDIT USA,7,6.24459786529314e-05
Best Capital Funding,7,6.24459786529314e-05
"Mammoth Tech, Inc.",7,6.24459786529314e-05
"First Equity Mortgage Bankers, Inc.",7,6.24459786529314e-05
Smart Money Alliance,7,6.24459786529314e-05
"Hunt & Kahn, P.A.",7,6.24459786529314e-05
"Brian McCaffrey, Attorney At Law",7,6.24459786529314e-05
"Winona Holdings, Inc.",7,6.24459786529314e-05
"Capital Benefit, Inc.",7,6.24459786529314e-05
"Berndt & Associates, P.C.",7,6.24459786529314e-05
VIN Title LLC d/b/a Discount Title Loan,7,6.24459786529314e-05
Integra Auto Capital,7,6.24459786529314e-05
TDN Acquisition Corporation,7,6.24459786529314e-05
Recovery Ace Inc,7,6.24459786529314e-05
"Law Offices of Timothy E. Baxter & Associates, P.C.",7,6.24459786529314e-05
NATIONWIDE ADVANTAGE MORTGAGE COMPANY,7,6.24459786529314e-05
"Creekside Finance, Inc.",7,6.24459786529314e-05
"Pacific Home Loans, Inc",7,6.24459786529314e-05
Amigos Préstamos,7,6.24459786529314e-05
"Central Credit Audit, Inc.",7,6.24459786529314e-05
"Sonnenschein Financial Services, Inc.",7,6.24459786529314e-05
Rock Holdings Inc.,7,6.24459786529314e-05
"Curfin Holding Company, Inc",7,6.24459786529314e-05
"North American Asset Services, LLC",7,6.24459786529314e-05
"My Mortgage, Inc.",7,6.24459786529314e-05
Solvent Plus LLC,7,6.24459786529314e-05
"Apple Law Group, Inc.",7,6.24459786529314e-05
"BitGo Holdings, Inc.",7,6.24459786529314e-05
"Capital Collections, LLC",7,6.24459786529314e-05
Universal Technical Institute,7,6.24459786529314e-05
"Affirmative Law, PC",7,6.24459786529314e-05
Century Debt Solutions Inc.,7,6.24459786529314e-05
"Century Financial Services, Inc.",7,6.24459786529314e-05
"Cashbak, LLC",7,6.24459786529314e-05
Dealer Finance of Western Kentucky,7,6.24459786529314e-05
InstaMortgage Inc.,7,6.24459786529314e-05
Legal Action Bureau Inc,7,6.24459786529314e-05
Springer Collections Inc.,7,6.24459786529314e-05
"St John Rossin & Burr, PLLC",7,6.24459786529314e-05
Kiwi Financial Inc.,7,6.24459786529314e-05
"American Credit Systems, Inc",7,6.24459786529314e-05
River City Mortgage LLC,7,6.24459786529314e-05
"City First Mortgage Services, LLC.",7,6.24459786529314e-05
Premier Account Management,7,6.24459786529314e-05
"Partnerships & Investments, LLC",7,6.24459786529314e-05
Aura Mortgage Advisors LLC,7,6.24459786529314e-05
"Szuba & Associates, PLLC",7,6.24459786529314e-05
Title365 Holding Co.,7,6.24459786529314e-05
"WILSON & ASSOCIATES, PLLC",7,6.24459786529314e-05
Pendleton & Sutton LLC,7,6.24459786529314e-05
Roseberry Inc.,7,6.24459786529314e-05
"First Southwestern Financial Services, LLC",7,6.24459786529314e-05
EdAid Limited,7,6.24459786529314e-05
"Nudge Funding, LLC",7,6.24459786529314e-05
"Secured Resolutions, LLC",7,6.24459786529314e-05
"Rolfe & Lobello, P.A.",7,6.24459786529314e-05
"TDF Financial Services, Inc.",7,6.24459786529314e-05
"Advantage One Credit, LLC",7,6.24459786529314e-05
First Mortgage Solutions,7,6.24459786529314e-05
Niagara Restitution Service Inc,7,6.24459786529314e-05
PREMIUM MORTGAGE CORP,7,6.24459786529314e-05
SC Opportunity Fund LLC,7,6.24459786529314e-05
"ATHAS CAPITAL GROUP, INC.",7,6.24459786529314e-05
Tidalwave Finance Corporation,6,5.352512455965549e-05
Thrive National Corporation,6,5.352512455965549e-05
Lead Finance DBA HyperSpeed Loans,6,5.352512455965549e-05
Orange Tree Holdings LLC,6,5.352512455965549e-05
"PALOMAR ENTERPRISES, LLC",6,5.352512455965549e-05
"Coastal Finance Company, Inc.",6,5.352512455965549e-05
"LoanSnap, Inc.",6,5.352512455965549e-05
Law Office of Steven A. Booska,6,5.352512455965549e-05
Lockhart Mediation Services,6,5.352512455965549e-05
Cass & Associates,6,5.352512455965549e-05
"LL Capital Partners II, L.P.",6,5.352512455965549e-05
Law Offices of Goldsmith & Hull A.P.C.,6,5.352512455965549e-05
Peerless Credit Services Inc,6,5.352512455965549e-05
Coconut Funding Corporation,6,5.352512455965549e-05
Cambrian Group,6,5.352512455965549e-05
"Central Professional Services, Inc.",6,5.352512455965549e-05
LAW OFFICE OF HALL AND ASSOCIATES,6,5.352512455965549e-05
"CRC Holding, LLC",6,5.352512455965549e-05
CREDIT MANAGEMENT CORPORATION,6,5.352512455965549e-05
"Total Recovery Services, Inc",6,5.352512455965549e-05
"Bonded Collectors of Wisconsin, Inc",6,5.352512455965549e-05
"The Barton Law Group, LLC",6,5.352512455965549e-05
Texan Financial Services Inc,6,5.352512455965549e-05
"Cascade Creditors Service, llc",6,5.352512455965549e-05
"MAGGUILLI LAW FIRM, PLLC",6,5.352512455965549e-05
Chrebet Associates  LLC,6,5.352512455965549e-05
Coast to Coast Commercial Collection,6,5.352512455965549e-05
"ClearBalance Holdings, LLC",6,5.352512455965549e-05
Biltmore Asset Management LLC,6,5.352512455965549e-05
Boone & Associates Group LLC,6,5.352512455965549e-05
CFM Group LLC,6,5.352512455965549e-05
TAMMAC HOLDINGS CORP,6,5.352512455965549e-05
"CFS Holdings, Inc",6,5.352512455965549e-05
"Synergy One Lending, Inc.",6,5.352512455965549e-05
"Orchard Mortgage, LLC",6,5.352512455965549e-05
"Life Line Billing Systems, LLC",6,5.352512455965549e-05
"MCCABE, TROTTER & BEVERLY, PC",6,5.352512455965549e-05
Lakeside Receivables LLC,6,5.352512455965549e-05
"CHECK CASHIERS, INC.",6,5.352512455965549e-05
"CCI Financial, Inc",6,5.352512455965549e-05
Payday America Inc.,6,5.352512455965549e-05
Orbita Asset Purchasing,6,5.352512455965549e-05
TCN Inc,6,5.352512455965549e-05
"Breit & Boomsma, P.C.",6,5.352512455965549e-05
City Select Auto Sales,6,5.352512455965549e-05
Checkbook Inc,6,5.352512455965549e-05
NTFN INC.,6,5.352512455965549e-05
"Dolliemac, LLC dba Elite Document Management Solutions",6,5.352512455965549e-05
"SOFTGATE SYSTEMS, INC.",6,5.352512455965549e-05
"Halliday, Watkins & Mann, P.C.",6,5.352512455965549e-05
RLB Texas Auto Center LLC,6,5.352512455965549e-05
"WRJ Holdings, LLC",6,5.352512455965549e-05
"Elite Portfolio Management, LLC",6,5.352512455965549e-05
STIFEL FINANCIAL CORP.,6,5.352512455965549e-05
RR Resource-Recovery,6,5.352512455965549e-05
HKM and Associates,6,5.352512455965549e-05
SSRM,6,5.352512455965549e-05
Accudata Credit Systems LLC,6,5.352512455965549e-05
"Equity Settlement Services, Inc.",6,5.352512455965549e-05
Harris Beach PLLC,6,5.352512455965549e-05
"Neiman, Stone & McCormick , P.C.",6,5.352512455965549e-05
"HAMILTON GROUP FUNDING, INC.",6,5.352512455965549e-05
Neighborhood Housing Services of NYC,6,5.352512455965549e-05
"Gusdorf Law Firm, LLC",6,5.352512455965549e-05
"Accounts Receivable Management, Inc",6,5.352512455965549e-05
"Account Recovery Services, Inc.",6,5.352512455965549e-05
Mintex Inc.,6,5.352512455965549e-05
Gross Polowy LLC,6,5.352512455965549e-05
Grimley Financial Corporation,6,5.352512455965549e-05
Hans Capital Group dba H&L Automotive Financial Services,6,5.352512455965549e-05
EPA USA INC,6,5.352512455965549e-05
"Darnel Quick Recovery, Inc.",6,5.352512455965549e-05
Discovery Auto Sales LLC,6,5.352512455965549e-05
"Professional Recovery Consultants, Inc.",6,5.352512455965549e-05
American Mortgage Service Company,6,5.352512455965549e-05
"Deal Depot, Inc.",6,5.352512455965549e-05
"American Enterprises International, Inc.",6,5.352512455965549e-05
"Van Horn Automotive Group, Inc.",6,5.352512455965549e-05
Deer Creek Lending,6,5.352512455965549e-05
"Del Toro Loan Servicing, Inc",6,5.352512455965549e-05
"American Consumer Credit Counseling, Inc.",6,5.352512455965549e-05
"VeriCore, LLC",6,5.352512455965549e-05
Next Door Lending LLC,6,5.352512455965549e-05
"RCS Capital Partners, Inc.",6,5.352512455965549e-05
R&M Marketing Associates LLC,6,5.352512455965549e-05
"Peoples Home Equity, Inc.",6,5.352512455965549e-05
"RAB PERFORMANCE RECOVERIES, LLC",6,5.352512455965549e-05
Draper and Kramer Mortgage Corp.,6,5.352512455965549e-05
Henschel & Beinhaker P.A.,6,5.352512455965549e-05
"Mesa Auto Finance, LLC",6,5.352512455965549e-05
"Driver Holdings, LLC",6,5.352512455965549e-05
"Metropolitan Home Mortgage, Inc.",6,5.352512455965549e-05
"RCN Capital, LLC",6,5.352512455965549e-05
"SF-ALP, LLC",6,5.352512455965549e-05
"Weinstein, Karp & Associates, Inc.",6,5.352512455965549e-05
Express Enrollment LLC,6,5.352512455965549e-05
"Forster, Garbus and Garbus",6,5.352512455965549e-05
"General Service Bureau, Inc.",6,5.352512455965549e-05
General Collection Co.,6,5.352512455965549e-05
First Midwest Financial,6,5.352512455965549e-05
"First National Auto Sales, Inc",6,5.352512455965549e-05
"Regional Acquisition Group, Inc.",6,5.352512455965549e-05
First Reliance Holdings LLC,6,5.352512455965549e-05
Five Clans Lending LLC,6,5.352512455965549e-05
NERD SOLUTIONS INC,6,5.352512455965549e-05
GSA Commercial Asset Management,6,5.352512455965549e-05
"A+ Financial Services, Inc.",6,5.352512455965549e-05
SENTE MORTGAGE,6,5.352512455965549e-05
"GOLD KEY CREDIT, INC.",6,5.352512455965549e-05
"Franklin Mortgage Solutions, LLC",6,5.352512455965549e-05
Retention Consulting Services Inc.,6,5.352512455965549e-05
"3G+1, Inc. dba California Auto Finance",6,5.352512455965549e-05
"Friedman, Framme & Thrush, P.A.",6,5.352512455965549e-05
Nala Payments LLC,6,5.352512455965549e-05
208 Capital Holdings LLC,6,5.352512455965549e-05
"NOTE SERVICING CENTER, INC.",6,5.352512455965549e-05
"1ST RESULTS BILLINGS & COLLECTIONS, INC.",6,5.352512455965549e-05
"Red White and Blue Autos, Inc.",6,5.352512455965549e-05
AE Tradings Inc,6,5.352512455965549e-05
First Colony Mortgage Corp.,6,5.352512455965549e-05
First Atlantic Auto Credit LLC,6,5.352512455965549e-05
"SEMPER HOME LOANS, INC",6,5.352512455965549e-05
"Nationwide Loan Consultants and Advisors, LLC",6,5.352512455965549e-05
"SB Holdings, Inc.",6,5.352512455965549e-05
Nations Mortgage LLC,6,5.352512455965549e-05
FIRST MORTGAGE COMPANY,6,5.352512455965549e-05
"S&N Debt Solutions, LLC",6,5.352512455965549e-05
"Moria Development, Inc.",6,5.352512455965549e-05
Golden Title Loans LLC,6,5.352512455965549e-05
Receivable Recovery Partners LLC,6,5.352512455965549e-05
Roycroft Management,6,5.352512455965549e-05
"AR Audit Services, Inc",6,5.352512455965549e-05
Family First Funding LLC,6,5.352512455965549e-05
"Globe Acceptance, Inc.",6,5.352512455965549e-05
"Fidelity Direct Mortgage, LLC",6,5.352512455965549e-05
"Wilco Finance, Inc",6,5.352512455965549e-05
"Recheck, Inc",6,5.352512455965549e-05
Finance of America Mortgage LLC,6,5.352512455965549e-05
"Financial Rescue, LLC",6,5.352512455965549e-05
Rocky Mountain Recovery Group,6,5.352512455965549e-05
"VICTORIAN FINANCE, LLC",6,5.352512455965549e-05
"Southern Loans, Inc.",6,5.352512455965549e-05
"Johnstown Credit Bureau, Inc.",6,5.352512455965549e-05
Credit Reporting Services LLC,6,5.352512455965549e-05
"Platinum Holdings Group, LLC",6,5.352512455965549e-05
"Upstate Collection Center, Inc.",6,5.352512455965549e-05
"UNITED ONE RESOURCES, INC.",6,5.352512455965549e-05
Consumer Adjustment Corp USA,6,5.352512455965549e-05
Stream Innovations Inc.,6,5.352512455965549e-05
"OVM FINANCIAL, INC",6,5.352512455965549e-05
"OTR Fund I, LLC",6,5.352512455965549e-05
Illinois Lending Corporation,6,5.352512455965549e-05
B&B Hold Corp.,6,5.352512455965549e-05
"JP Jensen Collections, LLC",6,5.352512455965549e-05
Apex Processing,6,5.352512455965549e-05
UNIVERSAL ACCOUNTS LLC,6,5.352512455965549e-05
"Universal Credit Services, Inc",6,5.352512455965549e-05
"ITALBANK INTERNATIONAL, INC.",6,5.352512455965549e-05
Integrity Financial Corp. DBA US Loan Servicing,6,5.352512455965549e-05
"Credit Service of Central Washington, Inc.",6,5.352512455965549e-05
"Northern Arizona Credit, Inc.",6,5.352512455965549e-05
"Plastyc, Inc.",6,5.352512455965549e-05
Arias Bosinger,6,5.352512455965549e-05
Integras Capital Recovery LLC,6,5.352512455965549e-05
"Probate Advance Holdco, LLC",6,5.352512455965549e-05
"Creditmax Collection Agency, Inc. d/b/a Creditmax, Inc.",6,5.352512455965549e-05
Credit and Receivables Services Inc.,6,5.352512455965549e-05
"Credit Systems of the Fox Valley, Inc.",6,5.352512455965549e-05
Innovative Strategic Solutions,6,5.352512455965549e-05
"Specialized Management Services, Inc.",6,5.352512455965549e-05
BOC Capital Corp.,6,5.352512455965549e-05
"Credit Services, Inc.",6,5.352512455965549e-05
BONDED ADJUSTMENT COMPANY,6,5.352512455965549e-05
"Interstate Recovery Service, Inc.",6,5.352512455965549e-05
DOAN SOLUTIONS,6,5.352512455965549e-05
"Credit Bureau of Bessemer, Inc",6,5.352512455965549e-05
Solidus Group LLC.,6,5.352512455965549e-05
"Sonnek & Goldblatt, Ltd.",6,5.352512455965549e-05
"INTER & CO PAYMENTS, INC.",6,5.352512455965549e-05
St.John Cobb Inc,6,5.352512455965549e-05
DELMAR FINANCIAL COMPANY,6,5.352512455965549e-05
DEBT CREDIT SERVICES,6,5.352512455965549e-05
"Sokaogon Finance, Inc.",6,5.352512455965549e-05
Maxitransfers LLC,6,5.352512455965549e-05
"Automotive Funding Group, Inc",6,5.352512455965549e-05
Automotive Partners Funding,6,5.352512455965549e-05
"Auto Properties II, LLC",6,5.352512455965549e-05
Ocean Lending Home Loans,6,5.352512455965549e-05
"Student Debt USA, LLC",6,5.352512455965549e-05
Utah Billing & Recovery Services,6,5.352512455965549e-05
DAS Inc,6,5.352512455965549e-05
Obligo Inc.,6,5.352512455965549e-05
"VERITEX HOLDINGS, INC.",6,5.352512455965549e-05
JMAC LENDING INCORPORATED,6,5.352512455965549e-05
Jupiter PreOwned Sales LLC,6,5.352512455965549e-05
Master Finance Company,6,5.352512455965549e-05
Backgrounds Online,6,5.352512455965549e-05
Woodlands Financial Services Inc,5,4.4604270466379573e-05
Woodward Capital LLC,5,4.4604270466379573e-05
AMERICAN SECURITY MORTGAGE CORPORATION,5,4.4604270466379573e-05
"Avrutis & Foeller, P.A.",5,4.4604270466379573e-05
ALCOVA MORTGAGE LLC,5,4.4604270466379573e-05
Lighthouse Finance Solutions LLC,5,4.4604270466379573e-05
"National Credit Care, LLC",5,4.4604270466379573e-05
Motormax Financial Services Inc.,5,4.4604270466379573e-05
"Loom Capital, LLC",5,4.4604270466379573e-05
"OS National, LLC",5,4.4604270466379573e-05
"AFJ Systems, Inc.",5,4.4604270466379573e-05
Wyoming Credit Association,5,4.4604270466379573e-05
"MEDICAL BUSINESS CONSULTANTS, INC",5,4.4604270466379573e-05
"Bakkt Opco Holdings, LLC",5,4.4604270466379573e-05
Zingo Cash Illinois LLC,5,4.4604270466379573e-05
"MCS CLAIMS SERVICES, INC",5,4.4604270466379573e-05
"391 Financial, Inc.",5,4.4604270466379573e-05
Beacon Funding Corporation,5,4.4604270466379573e-05
"National Account Services Group, LLC.",5,4.4604270466379573e-05
Ok Finance Group INC,5,4.4604270466379573e-05
A & E Futures LLC,5,4.4604270466379573e-05
Oak Tree Financial Inc.,5,4.4604270466379573e-05
"National Bond And Collection Associates, Inc.",5,4.4604270466379573e-05
ACCOUNT SERVICES INC.,5,4.4604270466379573e-05
"ADVANCED DEBT COLLECTION, INC.",5,4.4604270466379573e-05
Auto Finance Center,5,4.4604270466379573e-05
CBC Mortgage Agency,5,4.4604270466379573e-05
MODERN FINANCE COMPANY,5,4.4604270466379573e-05
Lexington Capital Holdings LTD,5,4.4604270466379573e-05
"CBC Credit Services, Inc.",5,4.4604270466379573e-05
"National Budget Planners of South Florida, Inc",5,4.4604270466379573e-05
"Thomas Kerns McKnight, LLP",5,4.4604270466379573e-05
Business Credit Management Associates,5,4.4604270466379573e-05
"Auto Credit Corporation of Jonesboro, iNC.",5,4.4604270466379573e-05
Meridian Buyer’s Group,5,4.4604270466379573e-05
"All Credit Considered Mortgage, Inc.",5,4.4604270466379573e-05
Alliance Collection Service,5,4.4604270466379573e-05
Michael Andrews & Associates LLC,5,4.4604270466379573e-05
"Apex Funding Group, Inc.",5,4.4604270466379573e-05
Anytime Cash Solutions LLC,5,4.4604270466379573e-05
New Start Financial,5,4.4604270466379573e-05
"Tri-Emerald Financial Group, Inc.",5,4.4604270466379573e-05
Allied Enrollment Centers LLC,5,4.4604270466379573e-05
"M & S FUNDING, INC.",5,4.4604270466379573e-05
"Upstate Premier Mortgage, Inc.",5,4.4604270466379573e-05
North Idaho Credit Corporation,5,4.4604270466379573e-05
"Openonline, LLC",5,4.4604270466379573e-05
"Bright Side Loans, LLC",5,4.4604270466379573e-05
"Alperstein and Associates, LLC",5,4.4604270466379573e-05
Total Finance AC LLC,5,4.4604270466379573e-05
Loantopia,5,4.4604270466379573e-05
"Total Financial Services, Inc",5,4.4604270466379573e-05
Local Finance LLC,5,4.4604270466379573e-05
"Merchants Financial Guardian, Inc.",5,4.4604270466379573e-05
Nextep Funding LLP,5,4.4604270466379573e-05
Trans National Credit Corporation,5,4.4604270466379573e-05
Origen Financial Services LLC,5,4.4604270466379573e-05
"Bonial & Associates, P.C",5,4.4604270466379573e-05
No Limits Access,5,4.4604270466379573e-05
"New Horizons Finance Company, Inc",5,4.4604270466379573e-05
"WAMM Sales, LLC d/b/a Auto Simple",5,4.4604270466379573e-05
"Aurora Financial, LLC",5,4.4604270466379573e-05
"Thunderbird Finance Management, LC",5,4.4604270466379573e-05
"Atlas Services, Inc.",5,4.4604270466379573e-05
ARP & Associates LLC,5,4.4604270466379573e-05
ARTICLE ACCEPTANCE COMPANY,5,4.4604270466379573e-05
"MVBA, L.L.C.",5,4.4604270466379573e-05
Money Tree Lending,5,4.4604270466379573e-05
Atlas Collections Inc. (of New Castle),5,4.4604270466379573e-05
Madera Collection Services,5,4.4604270466379573e-05
Madison Atrina LLC,5,4.4604270466379573e-05
"Nu World Title, LLC",5,4.4604270466379573e-05
NowackHoward LLC,5,4.4604270466379573e-05
Magnum Association Services,5,4.4604270466379573e-05
VETERIS CAPITAL LLC,5,4.4604270466379573e-05
Northbrook and Associates,5,4.4604270466379573e-05
"United Debt Holdings, LLC",5,4.4604270466379573e-05
"United First, LLC",5,4.4604270466379573e-05
Burke Costanza & Carberry LLP,5,4.4604270466379573e-05
"Asset Management Holdings, LLC",5,4.4604270466379573e-05
Better Debt Solutions LLC,5,4.4604270466379573e-05
"Ascend Consumer Finance, Inc.",5,4.4604270466379573e-05
"Bryant, Hodge & Associates LLC",5,4.4604270466379573e-05
"Midwest Recovery Fund, LLC",5,4.4604270466379573e-05
"Universal Capital Services, Inc.",5,4.4604270466379573e-05
WILLOW BEND MORTGAGE,5,4.4604270466379573e-05
"Northeastern Credit Services, Inc.",5,4.4604270466379573e-05
"Bayside Recovery Services, Inc.",5,4.4604270466379573e-05
"LAWGIX LAWYERS, LLC",5,4.4604270466379573e-05
"D'Aquila, Contreras and Vega, A Professional Law Corporation",5,4.4604270466379573e-05
Karwaala Inc,5,4.4604270466379573e-05
"Epn, Inc.",5,4.4604270466379573e-05
Coastal Settlement Recovery Inc.,5,4.4604270466379573e-05
"SunnyHill Financial, Inc.",5,4.4604270466379573e-05
"Empire Home Loans, Inc.",5,4.4604270466379573e-05
"Suncoast Financial Group, LLC",5,4.4604270466379573e-05
ROSS MORTGAGE CORPORATION,5,4.4604270466379573e-05
"ROCKFORD MERCANTILE AGENCY, INC.",5,4.4604270466379573e-05
"STONELEIGH RECOVERY ASSOCIATES, LLC",5,4.4604270466379573e-05
Cohn & Dussi LLC,5,4.4604270466379573e-05
Elite Debt Brokers,5,4.4604270466379573e-05
"Hawthorn Recovery Services, Inc.",5,4.4604270466379573e-05
"RN Financial, LLC",5,4.4604270466379573e-05
"Sum Investments, Inc.",5,4.4604270466379573e-05
Easyknock,5,4.4604270466379573e-05
Students First Limited Liability Co.,5,4.4604270466379573e-05
"Hall & Ludlam, PLLC",5,4.4604270466379573e-05
Columbus Finance Inc.,5,4.4604270466379573e-05
Samuel Whitaker & Associates LLC,5,4.4604270466379573e-05
"Jormandy, LLC",5,4.4604270466379573e-05
"Jersey Mortgage Company of New Jersey, Inc.",5,4.4604270466379573e-05
"RUI Credit Services, Inc.",5,4.4604270466379573e-05
Cstone Mortgage Inc,5,4.4604270466379573e-05
Coast Acceptance Corporation,5,4.4604270466379573e-05
"Cliff's Finance Co., Inc.",5,4.4604270466379573e-05
Ray Skillman Chevrolet Inc,5,4.4604270466379573e-05
Castle and Cookie Mortgage LLC,5,4.4604270466379573e-05
Catalyst Mortgage Inc.,5,4.4604270466379573e-05
SBG Financial,5,4.4604270466379573e-05
SE Capital Corp dba Credito Familiar,5,4.4604270466379573e-05
LAW OFFICE OF JOHN E. LINDNER P.A.,5,4.4604270466379573e-05
"Expedite Financial, Inc",5,4.4604270466379573e-05
"Central Kentucky Management Services, Inc",5,4.4604270466379573e-05
"Executive Financial Consultants, Inc",5,4.4604270466379573e-05
Evident Capital LLC,5,4.4604270466379573e-05
"Rainier Financial Group, LLC",5,4.4604270466379573e-05
"THE J.D. STUART LAW GROUP, LLC",5,4.4604270466379573e-05
Guidiville Indian Rancheria,5,4.4604270466379573e-05
"Kopp Collection Service, Inc.",5,4.4604270466379573e-05
Essential Retrieval Group,5,4.4604270466379573e-05
"RUPP AND ASSOCIATES, INC.",5,4.4604270466379573e-05
"H. Kent Hollins, Attorney at Law, P.A",5,4.4604270466379573e-05
TCF FINANCIAL CORPORATION,5,4.4604270466379573e-05
Clear Start Today,5,4.4604270466379573e-05
"RD Fuller Company, LLC",5,4.4604270466379573e-05
Consumer Counseling Centers LLC,5,4.4604270466379573e-05
"FIRST PRIORITY MORTGAGE, INC.",5,4.4604270466379573e-05
"Smith Carroad Wan & Parikh, P.C.",5,4.4604270466379573e-05
Premier Lending Corp,5,4.4604270466379573e-05
"Premier Mortgage, LLC",5,4.4604270466379573e-05
Intelligent Mortgage and Consulting Services LLC,5,4.4604270466379573e-05
Integrated Recovery Services,5,4.4604270466379573e-05
"Professional Services of NY, Ltd.",5,4.4604270466379573e-05
"Sky Group USA, LLC",5,4.4604270466379573e-05
"Davis and Goldmark, Inc.",5,4.4604270466379573e-05
Data Check of America LLC,5,4.4604270466379573e-05
"Prime Business Service, LLC",5,4.4604270466379573e-05
DallasAutos4Less,5,4.4604270466379573e-05
EF CORPORATE HOLDINGS LLC,5,4.4604270466379573e-05
Sol Acceptance,5,4.4604270466379573e-05
Credit Supreme LLC,5,4.4604270466379573e-05
South West Recovery Inc (CA),5,4.4604270466379573e-05
Professional Collection Company,5,4.4604270466379573e-05
Infinity Capital Group,5,4.4604270466379573e-05
"CICA Collection Agency, Inc.",5,4.4604270466379573e-05
Currencies Direct Inc.,5,4.4604270466379573e-05
Crosspoint Financial Inc.,5,4.4604270466379573e-05
"Crystal Motorsports, LLC",5,4.4604270466379573e-05
"International Collection Systems, Inc.",5,4.4604270466379573e-05
"Premier Auto Sales, Inc.",5,4.4604270466379573e-05
Premier Auto Finance of South Florida,5,4.4604270466379573e-05
"Quad Corporation, Inc.",5,4.4604270466379573e-05
Consumer Information Bureau,5,4.4604270466379573e-05
"Healthcare Financial Services, LLC",5,4.4604270466379573e-05
Duane Morris LLP,5,4.4604270466379573e-05
Security National Automotive Acceptance,5,4.4604270466379573e-05
"Drew Eckl & Farnham, LLP",5,4.4604270466379573e-05
Core Capital Lending LLC,5,4.4604270466379573e-05
"Plutos Sama, LLC",5,4.4604270466379573e-05
Point Up Inc,5,4.4604270466379573e-05
"Pomelo International, Inc",5,4.4604270466379573e-05
Hilco Receivables LLC,5,4.4604270466379573e-05
"Dirick, Inc.",5,4.4604270466379573e-05
"Credit Bureau of Canyon, Inc",5,4.4604270466379573e-05
"Quantum3 Group, LLC",5,4.4604270466379573e-05
"Credit Bureau of Jonesboro, Inc.",5,4.4604270466379573e-05
SilverLake Financial LLC,5,4.4604270466379573e-05
"Delmarva Collections, Inc.",5,4.4604270466379573e-05
"Qualey Law Group, Inc.",5,4.4604270466379573e-05
"Investigative Concepts, Inc.",5,4.4604270466379573e-05
"Credit Control Company, Inc.",5,4.4604270466379573e-05
FIRST ALLIANCE HOME MORTGAGE,5,4.4604270466379573e-05
"KeyStone Financial ,LLC",5,4.4604270466379573e-05
Imperial Finance Corp,5,4.4604270466379573e-05
"Figliola & Romano, LLC",5,4.4604270466379573e-05
Residential Credit Opportunities Trust,5,4.4604270466379573e-05
"Parrish and Lebar, LLP",5,4.4604270466379573e-05
"Residential Mortgage Services Holdings, Inc.",5,4.4604270466379573e-05
Flagship Financial Group,5,4.4604270466379573e-05
"Resurgence Capital, LLC",5,4.4604270466379573e-05
"Capstone Capital USA, LLC",5,4.4604270466379573e-05
"Capitol Credit Services, Inc",5,4.4604270466379573e-05
Richard Stone & Associates,5,4.4604270466379573e-05
Federal Student Loan Doc Prep LLC,5,4.4604270466379573e-05
Park View Credit,5,4.4604270466379573e-05
Roquemore Holdings LLC,5,4.4604270466379573e-05
"Temple View Capital Funding, LP",5,4.4604270466379573e-05
"Go Companies, LLC",5,4.4604270466379573e-05
"Finular Group, Inc.",5,4.4604270466379573e-05
"Capital Auto Credit, LLC",5,4.4604270466379573e-05
CUSO Home Lending,5,4.4604270466379573e-05
Cannon & Cannon Firm PC,5,4.4604270466379573e-05
"Global Control, Inc.",5,4.4604270466379573e-05
Panamerican Consulting,5,4.4604270466379573e-05
"Financial Credit Service, Inc.",5,4.4604270466379573e-05
"Revenue Systems, Inc.",5,4.4604270466379573e-05
"Thaddeus Bechtle Attorney at Law, LPC",5,4.4604270466379573e-05
Richard H. Kream,5,4.4604270466379573e-05
"Financial Service Center of Ohio, LLC",5,4.4604270466379573e-05
Residential Bancorp,5,4.4604270466379573e-05
Federal Financial Services Inc,5,4.4604270466379573e-05
The Law Office of Nicole Hillman,5,4.4604270466379573e-05
"Law Office of Rory W. Clark, APLC",5,4.4604270466379573e-05
GERSHMAN INVESTMENT CORPORATION,5,4.4604270466379573e-05
Receivable Asset Management,5,4.4604270466379573e-05
The B & F Corporation d/b/a OK Loan Service,5,4.4604270466379573e-05
"Galt Financial Solutions, LLC",5,4.4604270466379573e-05
"CREDIT BUREAU OF BISMARCK, INC.",5,4.4604270466379573e-05
"Lendgo, Inc.",5,4.4604270466379573e-05
General Credit Service Inc.,5,4.4604270466379573e-05
Farm Bureau Finance Company,5,4.4604270466379573e-05
"Downeast Capital, Inc.",4,3.568341637310366e-05
Douglass & Associates Co. LPA,4,3.568341637310366e-05
Sir Finance Corp,4,3.568341637310366e-05
"Douglas L. Brooks, PC",4,3.568341637310366e-05
NATIONWIDE EQUITIES CORP,4,3.568341637310366e-05
YES AUTO CREDIT,4,3.568341637310366e-05
"A/R CONCEPTS, INC.",4,3.568341637310366e-05
RedBrick Financial Group Inc.,4,3.568341637310366e-05
Docuservpro dba Simple Repayment,4,3.568341637310366e-05
Allied Union Group Inc,4,3.568341637310366e-05
"Vanz, LLC",4,3.568341637310366e-05
Rivertown Credit LLC,4,3.568341637310366e-05
"River City Finance Co., Inc.",4,3.568341637310366e-05
GREENTREE MORTGAGE CO. L.P.,4,3.568341637310366e-05
Highline Automotive Inc.,4,3.568341637310366e-05
A1 Holding Group LLC,4,3.568341637310366e-05
Gallatin Valley Financial,4,3.568341637310366e-05
Alvamar Financial,4,3.568341637310366e-05
"Direct Mortgage, Corp.",4,3.568341637310366e-05
"Hogan Capital II, LLC",4,3.568341637310366e-05
ABC Loan of Martinez/ Georgia Finco Holding Corp,4,3.568341637310366e-05
Diamond Advances LLC,4,3.568341637310366e-05
"ABSOLUTE FINANCIAL SERVICES, INC",4,3.568341637310366e-05
"ACADEMIC SOLUTIONS OF NEW YORK, LLC",4,3.568341637310366e-05
Dependable Debt Recovery,4,3.568341637310366e-05
"Puerto Rico Consumer Debt Management Co., Inc.",4,3.568341637310366e-05
"Delta Management Group, Inc.",4,3.568341637310366e-05
Riehlman Shafer and Shaw LLC,4,3.568341637310366e-05
HomeXpress Mortgage Corp.,4,3.568341637310366e-05
"Medical Debt Resolution, Inc. dba RIP Medical Debt",4,3.568341637310366e-05
Debt Freedom Attorneys,4,3.568341637310366e-05
Richard A. Weidel Corporation,4,3.568341637310366e-05
INSPERITY INC,4,3.568341637310366e-05
"G&L Wise Financial, Inc.",4,3.568341637310366e-05
Southeast Finance Inc.,4,3.568341637310366e-05
North Capital Recovery Services,4,3.568341637310366e-05
"GEMINI CAPITAL GROUP, LLC",4,3.568341637310366e-05
"Anderson and Associates Credit Services, LLC",4,3.568341637310366e-05
"North Georgia Regional Collection Agency, Inc.",4,3.568341637310366e-05
"1ST FINANCIAL, INC.",4,3.568341637310366e-05
Master Finance Corporation,4,3.568341637310366e-05
Southern Credit LLC,4,3.568341637310366e-05
"Cypress Creek Financial, LLC",4,3.568341637310366e-05
Cypress Collections,4,3.568341637310366e-05
"Professional Adjustment Bureau of Mid-America, Inc.",4,3.568341637310366e-05
Nae-Mo Corp dba Matthews & Michaels,4,3.568341637310366e-05
"Marvel & Maloney, P.C.",4,3.568341637310366e-05
GEM Financial,4,3.568341637310366e-05
"Professional Accounts Service, Inc. (Indiana)",4,3.568341637310366e-05
VANGUARD FUNDING LLC,4,3.568341637310366e-05
"Norman & Associates, Inc.",4,3.568341637310366e-05
1st Fidelity Loan Servicing,4,3.568341637310366e-05
"American Liberty Mortgage, Inc.",4,3.568341637310366e-05
"Homeward, Inc.",4,3.568341637310366e-05
"Validify, LLC",4,3.568341637310366e-05
"GMS Holdings, Inc.",4,3.568341637310366e-05
"Genesis Recovery Services, Inc.",4,3.568341637310366e-05
"Sky Blue Financial Services, Inc.",4,3.568341637310366e-05
"Prospect Financial Group, Inc",4,3.568341637310366e-05
"Revenue Collection Bureau, Inc.",4,3.568341637310366e-05
"Dealer Funding, LLC",4,3.568341637310366e-05
"Zo Financial, Inc.",4,3.568341637310366e-05
Nation One Mortgage Corporation,4,3.568341637310366e-05
"Professional Recovery of Longmont, Inc.",4,3.568341637310366e-05
360 Credit Consulting,4,3.568341637310366e-05
"Small & Small, Attorneys PLLC",4,3.568341637310366e-05
GETM INCORPORATED,4,3.568341637310366e-05
"Professional Mitigation Services, Inc",4,3.568341637310366e-05
Dankos Gordon & Tucker PC,4,3.568341637310366e-05
"Merrick, Costello & Walsh, LLC.",4,3.568341637310366e-05
FNZ WMS HOLDCO LLC,4,3.568341637310366e-05
First Commonwealth Mortgage Corp.,4,3.568341637310366e-05
"Evans & Mullinix, PA",4,3.568341637310366e-05
"Rapid Collection Systems, Inc.",4,3.568341637310366e-05
"AccessOne  Holdings, Inc.",4,3.568341637310366e-05
Greyhound Capital Group LLC,4,3.568341637310366e-05
Miranda Holdings LLC DBA Total Credit Relief,4,3.568341637310366e-05
"SHARP COLLECTIONS, INC",4,3.568341637310366e-05
Account Information Management Corporation,4,3.568341637310366e-05
"Groves Capital, Inc.",4,3.568341637310366e-05
"Westside Recovery Services, LLC",4,3.568341637310366e-05
"AMERIPRISE BANK, FSB",4,3.568341637310366e-05
Heights Finance LLC,4,3.568341637310366e-05
SIMPLE CAR TITLE LOANS INC,4,3.568341637310366e-05
Wholesale Tradelines,4,3.568341637310366e-05
"MortgageOne, Inc.",4,3.568341637310366e-05
"Global Resolution Group, LLC",4,3.568341637310366e-05
"Escrow and Title Services, Inc.",4,3.568341637310366e-05
Accounts Recovery Agency Inc.,4,3.568341637310366e-05
Williams Kastner & Gibbs PLLC,4,3.568341637310366e-05
"SOUTHPOINT FINANCIAL SERVICES, INC.",4,3.568341637310366e-05
Royalty Lending Financial Services Inc.,4,3.568341637310366e-05
Greentree & Associates,4,3.568341637310366e-05
"Fairway Holdings, LLC",4,3.568341637310366e-05
"Modern Mortgage Financial, LLC",4,3.568341637310366e-05
"West Law Group, PLLC",4,3.568341637310366e-05
FIRST CHOICE LOAN SERVICES INC.,4,3.568341637310366e-05
FORTIFI FUNDING III LLC,4,3.568341637310366e-05
Ray Skillman Ford Inc,4,3.568341637310366e-05
"Moody, Jones & Ingino, P.A",4,3.568341637310366e-05
"FIDELIS RECOVERY MANAGEMENT, LLC",4,3.568341637310366e-05
ATLANTIC PACIFIC MORTGAGE CORP,4,3.568341637310366e-05
"West Bay Leasing Services, LLC",4,3.568341637310366e-05
"FRANKLIN FIRST FINANCIAL, LTD",4,3.568341637310366e-05
"Great Marten Holdings, Inc.",4,3.568341637310366e-05
FRANKLIN LOAN CORPORATION,4,3.568341637310366e-05
"Reali, Inc.",4,3.568341637310366e-05
"FC LENDING, LTD.",4,3.568341637310366e-05
"Nationwide Judgement Recovery, Inc.",4,3.568341637310366e-05
"FALONI & ASSOCIATES, LLC",4,3.568341637310366e-05
"Welcome Finance Company, Inc",4,3.568341637310366e-05
"Greenback Recovery Group, LLC",4,3.568341637310366e-05
"HFG Holdings, Inc.",4,3.568341637310366e-05
Washington Collectors Tri Cities Inc,4,3.568341637310366e-05
"FinanceCo of Kansas, Inc",4,3.568341637310366e-05
Alamo Premier Mortgage Group Inc,4,3.568341637310366e-05
"Sapphire Marketing Group, Inc.",4,3.568341637310366e-05
Alliance Acceptance Corp.,4,3.568341637310366e-05
REGAL CREDIT CORPORATION,4,3.568341637310366e-05
"ERNST, ARTMANN AND ASSOCIATES, INC.",4,3.568341637310366e-05
"Harvest Credit Management VII, LLC",4,3.568341637310366e-05
"AGS Financial, Inc",4,3.568341637310366e-05
Scott Kroner PLC,4,3.568341637310366e-05
Worldwide Recovery LLC,4,3.568341637310366e-05
ASPIRE FINANCIAL INC.,4,3.568341637310366e-05
"Newman & Marquez, P.A.",4,3.568341637310366e-05
"Meyer & Njus, P.A.",4,3.568341637310366e-05
Headwaters Financial Corp.,4,3.568341637310366e-05
"Newman, Mathis, Brady & Spedale",4,3.568341637310366e-05
"Search ROI, LLC",4,3.568341637310366e-05
"Virtual Assets, LLC",4,3.568341637310366e-05
"Red Cedar Services, Inc",4,3.568341637310366e-05
"Dunn Law, P.A.",4,3.568341637310366e-05
WALL STREET MORTGAGE BANKERS,4,3.568341637310366e-05
"RELIABLE FINANCIAL SERVICES, INC.",4,3.568341637310366e-05
"Rogers, Morris & Ziegler, LLP",4,3.568341637310366e-05
Mickel Law Firm. P.A.,4,3.568341637310366e-05
"Glick Management, LLC",4,3.568341637310366e-05
"Elite Financial Services, Inc (MA)",4,3.568341637310366e-05
"Wagner Financial Services, Inc.",4,3.568341637310366e-05
Wisconsin Housing and Economic Development Authority,4,3.568341637310366e-05
"ALE Solutions, Inc.",4,3.568341637310366e-05
"Advanced Collections, Inc.",4,3.568341637310366e-05
"Echelon Financial, Inc.",4,3.568341637310366e-05
"Girvin & Ferlazzo, P.C.",4,3.568341637310366e-05
Finco Holding Company LLC,4,3.568341637310366e-05
"Sago Financial, Inc.",4,3.568341637310366e-05
RGV Loans LLC,4,3.568341637310366e-05
East Coast Funding Group,4,3.568341637310366e-05
"EZ Loans, Inc.",4,3.568341637310366e-05
"AKT AMERICAN CAPITAL, INC. DBA AMERICAN CAPITAL CORP.",4,3.568341637310366e-05
"New Direction, Inc",4,3.568341637310366e-05
First Associates Loan Servicing LLC,4,3.568341637310366e-05
EZ FUNDINGS Inc.,4,3.568341637310366e-05
Robinson & Associates,4,3.568341637310366e-05
CHN Housing Partners,4,3.568341637310366e-05
GARDEN STATE HOME LOANS INCORPORATED,4,3.568341637310366e-05
"Complete Care, Inc.",4,3.568341637310366e-05
Pinnacle Finance LLC,4,3.568341637310366e-05
"MLH Financial Services, Inc.",4,3.568341637310366e-05
"C&I Financial, Inc.",4,3.568341637310366e-05
"Consumer Attorneys of America, P.A.",4,3.568341637310366e-05
UNITED GUARANTY CORPORATION,4,3.568341637310366e-05
Logan Finance Corporation,4,3.568341637310366e-05
The CFM Group,4,3.568341637310366e-05
"PayNearMe MT, Inc.",4,3.568341637310366e-05
Law Offices of Michael Lupolover,4,3.568341637310366e-05
"Law Offices of Marvin S. C. Dang, LLC",4,3.568341637310366e-05
"Jon D. Curtis, Attorney at Law",4,3.568341637310366e-05
Complete Professional Recovery LLC,4,3.568341637310366e-05
"BOGMAN, INC",4,3.568341637310366e-05
Open Road Finance Corporation,4,3.568341637310366e-05
Law Offices of Goldberg & Oriel,4,3.568341637310366e-05
"Total Customer Service, Inc.",4,3.568341637310366e-05
"ORO OC, LLC",4,3.568341637310366e-05
LT17 Services LLC,4,3.568341637310366e-05
CAPITAL CENTER LLC,4,3.568341637310366e-05
"Blake Enterprises, LLC",4,3.568341637310366e-05
Tarpon Financial Corporation,4,3.568341637310366e-05
JLO Ventures LLC dba Car By U,4,3.568341637310366e-05
"Pluese, Becker & Saltzman, LLC",4,3.568341637310366e-05
Catch Financial Inc,4,3.568341637310366e-05
TOWN & COUNTRY ACCEPTANCE CORPORATION,4,3.568341637310366e-05
"Continental Currency Services, Inc.",4,3.568341637310366e-05
GABA LAW CORPORATION,4,3.568341637310366e-05
Car Credit Inc,4,3.568341637310366e-05
Consumer Solutions Group,4,3.568341637310366e-05
Central Atlantic Sales Inc. T/A Priority Buy Here Pay Here,4,3.568341637310366e-05
TOC Financial DBA Mi Gente,4,3.568341637310366e-05
"OPT-OUT SERVICES, LLC",4,3.568341637310366e-05
UNIVERSAL LENDING CORP.,4,3.568341637310366e-05
Tri-Counties Accounts Adjustment Bureau,4,3.568341637310366e-05
Phoenix Asset Group LLC,4,3.568341637310366e-05
"Crawfordsville CCB, Inc.",4,3.568341637310366e-05
"Central Service Bureau, Inc.",4,3.568341637310366e-05
"MDE Home Loans, LLC",4,3.568341637310366e-05
"Kostka and Associates, LLC",4,3.568341637310366e-05
Peoples Credit Inc.,4,3.568341637310366e-05
Pacific Collections,4,3.568341637310366e-05
People's Finance Co,4,3.568341637310366e-05
Key Mortgage Services,4,3.568341637310366e-05
Bureau of Medical Economics of Santa Clara County,4,3.568341637310366e-05
"Pangea Universal Holdings, Inc.",4,3.568341637310366e-05
Sylvania Acceptance Corporation,4,3.568341637310366e-05
"Systematic National Collection, Inc.",4,3.568341637310366e-05
Chesmar Homes,4,3.568341637310366e-05
Benjamin Chaise & Associates,4,3.568341637310366e-05
"Tennessee Quick Cash, Inc.",4,3.568341637310366e-05
Check N Title Loans,4,3.568341637310366e-05
Brother Loan & Finance Co.,4,3.568341637310366e-05
"Tier Capital, LLC",4,3.568341637310366e-05
"Cohen McNeile & Pappas, PC",4,3.568341637310366e-05
Turbo Debt LLC,4,3.568341637310366e-05
"Panteris & Panteris, LLP",4,3.568341637310366e-05
TITLE MIDWEST INC,4,3.568341637310366e-05
Student Assist Plus LLC,4,3.568341637310366e-05
"LoanHero, Inc",4,3.568341637310366e-05
"Student Loan Care, LLC",4,3.568341637310366e-05
BULBUL INVESTMENTS LLC,4,3.568341637310366e-05
TIDEWATER MORTGAGE SERVICES,4,3.568341637310366e-05
Banc One Mortgage Corporation,4,3.568341637310366e-05
"Pankey & Horlock, LLC",4,3.568341637310366e-05
Bank of China USA,4,3.568341637310366e-05
Collection Solutions Inc.,4,3.568341637310366e-05
Two Dots Inc.,4,3.568341637310366e-05
PROSPER FIRST FUNDING CORPORATION,4,3.568341637310366e-05
"CREDIT BUREAU OF NEW ULM, INC.",4,3.568341637310366e-05
"Chambless, Math, Carr, P.C.",4,3.568341637310366e-05
Courtney & Camp,4,3.568341637310366e-05
"Automotive Services Finance, Inc.",4,3.568341637310366e-05
Layer2 Financial Inc.,4,3.568341637310366e-05
"Oregon Credit & Collections Bureau, Inc.",4,3.568341637310366e-05
Legacy Funding Corporation,4,3.568341637310366e-05
The Home Loan Expert LLC,4,3.568341637310366e-05
"CENTENNIAL LENDING, LLC",4,3.568341637310366e-05
Assent Inc.,4,3.568341637310366e-05
Man-Data Inc.,4,3.568341637310366e-05
"POWERPAY, LLC",4,3.568341637310366e-05
Speedee Cash Management,4,3.568341637310366e-05
"Credit Shop, Incorporated",4,3.568341637310366e-05
"Credit Sesame, Inc.",4,3.568341637310366e-05
Asset Recovery Inc,4,3.568341637310366e-05
"Cardinal Accounts, Inc.",4,3.568341637310366e-05
Cars America Inc.,4,3.568341637310366e-05
"Sperlonga Data & Analytics Systems, LLC",4,3.568341637310366e-05
LHR Inc.,4,3.568341637310366e-05
Automotive Financial Services,4,3.568341637310366e-05
Priority Financial Network,4,3.568341637310366e-05
"Leib Solutions, LLC",4,3.568341637310366e-05
"Association Capital Resources, LLC",4,3.568341637310366e-05
"The Law Offices of Barry J. Gammons, PLLC",4,3.568341637310366e-05
Southwest Acceptance Finance Co,4,3.568341637310366e-05
Crown Mortgage Co.,4,3.568341637310366e-05
Southwest Law Offices PC,4,3.568341637310366e-05
"Patch Homes, Inc. dba Noah",4,3.568341637310366e-05
"Cronheim & Larsson, LLC",4,3.568341637310366e-05
CIS DIRECT LENDING,4,3.568341637310366e-05
"Crimcheck Holdings, LLC",4,3.568341637310366e-05
TTM GLOBAL ENTERPRISES LLC,4,3.568341637310366e-05
"Prober & Raphael, A Law Corporation",4,3.568341637310366e-05
"Northern Arizona Creditors Service, Inc.",4,3.568341637310366e-05
"Northern Service Bureau, Escanaba Inc.",4,3.568341637310366e-05
"CreditGUARD of America, Inc.",4,3.568341637310366e-05
Lon Inc.,4,3.568341637310366e-05
Ascend One Corporation,4,3.568341637310366e-05
LOAN SERVICING GROUP,4,3.568341637310366e-05
"Credit Service of Logan, Inc.",4,3.568341637310366e-05
"Carchoice of Memphis, Inc.",4,3.568341637310366e-05
"Standard Financial of Louisiana, LLC",4,3.568341637310366e-05
The Collection Analyst Incorporated,4,3.568341637310366e-05
"Boek, Inc.",4,3.568341637310366e-05
"Tpls, Inc dba Auto Master",4,3.568341637310366e-05
Credit Bureau of Northern California Collections Services Inc,4,3.568341637310366e-05
Patrick Scanlon P.A.,4,3.568341637310366e-05
"CASH AMERICA INTERNATIONAL, INC.",4,3.568341637310366e-05
Auto Credit of Southern Ilinois,4,3.568341637310366e-05
"Credit Bureau of Columbia, Inc.",4,3.568341637310366e-05
"Lost Lake Finance, LLC",4,3.568341637310366e-05
"Portfolio Investment Exchange, Inc.",4,3.568341637310366e-05
Liberty Debt Relief LLC,4,3.568341637310366e-05
"AutoCred, Inc.",4,3.568341637310366e-05
"Blue Front Financial, LLC d/b/a Ladder Loans",4,3.568341637310366e-05
"AutoStar Finance, Inc - D/B/A Atlanta AutoStar",4,3.568341637310366e-05
Pomelo Technology US Inc,4,3.568341637310366e-05
"Caramel Dealer Services, LLC",4,3.568341637310366e-05
"Campus Student Funding, LLC",4,3.568341637310366e-05
"Spina & Lavelle, P.C.",4,3.568341637310366e-05
"LENCO FINANCE OF CARENCRO, INC",4,3.568341637310366e-05
"Atlas Capital, Inc.",4,3.568341637310366e-05
Lexington Mortgage Corporation,4,3.568341637310366e-05
"Atlantic Mortgage and Funding, Inc.",4,3.568341637310366e-05
TRACO INVESTMENT CORP,4,3.568341637310366e-05
Premier Holdings,4,3.568341637310366e-05
"Inter-Cambio Express, Inc.",4,3.568341637310366e-05
"United Collection Service, Inc (FL)",4,3.568341637310366e-05
"Atlanta Check Cashers, Inc",4,3.568341637310366e-05
Premier Portfolio Group,4,3.568341637310366e-05
Western Portfolio Assets,3,2.6762562279827745e-05
Tiptree Financial Inc.,3,2.6762562279827745e-05
Whitestone Financial Holdings LLC,3,2.6762562279827745e-05
"Rothman Evans, P.C.",3,2.6762562279827745e-05
National Investigative Services,3,2.6762562279827745e-05
Tecco Systems,3,2.6762562279827745e-05
Win-Win LLC,3,2.6762562279827745e-05
"P.D.A.B., Inc",3,2.6762562279827745e-05
Rossman & Co & PCB,3,2.6762562279827745e-05
"Tavelli Co., Inc. dba Tavco Credit Services",3,2.6762562279827745e-05
"Touchstone Partners, Inc.",3,2.6762562279827745e-05
Riverwalk Financial CORPORATION,3,2.6762562279827745e-05
Recovery Exchange LLC,3,2.6762562279827745e-05
"National Account Services, Inc.",3,2.6762562279827745e-05
The Rose Law Firm PLLC,3,2.6762562279827745e-05
The Cook Law Office PLLC,3,2.6762562279827745e-05
"Zakheim Law Group, P.A.",3,2.6762562279827745e-05
Revol Collections Ltd,3,2.6762562279827745e-05
"The Rickel Law Firm, P.C.",3,2.6762562279827745e-05
Revenue Cycle Management,3,2.6762562279827745e-05
The Dunning Law Firm APC,3,2.6762562279827745e-05
"Resurgence Financial, LLC",3,2.6762562279827745e-05
"National Account Systems of Madison, Inc",3,2.6762562279827745e-05
"Zimmerman & Zimmerman, P.A.",3,2.6762562279827745e-05
PLACID NK CORPORATION,3,2.6762562279827745e-05
"ZOA, LLC",3,2.6762562279827745e-05
"The Finance Co, LLC",3,2.6762562279827745e-05
"Reliant Home Funding, Inc",3,2.6762562279827745e-05
PRA LAW FIRM,3,2.6762562279827745e-05
"The Orange Coast Company, LLC",3,2.6762562279827745e-05
POLARIS HOME FUNDING CORP,3,2.6762562279827745e-05
"PLM Lender Services, Inc.",3,2.6762562279827745e-05
"The Law Offices of Bradley Kim Thomas ii, LLC",3,2.6762562279827745e-05
"PMR Progressive, LLC",3,2.6762562279827745e-05
"i3 Lending, Inc",3,2.6762562279827745e-05
"NY Community Financial, LLC",3,2.6762562279827745e-05
ZOOM HOME LENDING LLC,3,2.6762562279827745e-05
"National Advisory Group, Inc",3,2.6762562279827745e-05
Texas Mortgage Lending LLC,3,2.6762562279827745e-05
Red Tree Mortgage LLC,3,2.6762562279827745e-05
Pacific Lending LLC,3,2.6762562279827745e-05
"The Accounts Retrievable System, Inc.",3,2.6762562279827745e-05
"National Check Bureau, Inc.",3,2.6762562279827745e-05
"PASSAGE HEALTH INTERNATIONAL HOLDINGS, INC.",3,2.6762562279827745e-05
Red Bishop LLC,3,2.6762562279827745e-05
"PROFESSIONAL COLLECTION SERVICE, INC",3,2.6762562279827745e-05
"National Bureau of Collections, Inc",3,2.6762562279827745e-05
Red Rock Financial of Cedar City,3,2.6762562279827745e-05
"Robert L. Tankel, P.A.",3,2.6762562279827745e-05
"PRIORITY HOME MORTGAGE, L.P.",3,2.6762562279827745e-05
Robert Homfeld Credit Trust,3,2.6762562279827745e-05
The Collection Agency LLC,3,2.6762562279827745e-05
YALE MORTGAGE CORPORATION,3,2.6762562279827745e-05
TheTenn Inc.,3,2.6762562279827745e-05
PRESTAMOS RAPIDITOS,3,2.6762562279827745e-05
"The Check Cashing Place, Inc.",3,2.6762562279827745e-05
The Claims Center LLC,3,2.6762562279827745e-05
Regional Processing Services,3,2.6762562279827745e-05
Rithm Capital Corp.,3,2.6762562279827745e-05
The Wirbicki Law Group LLC,3,2.6762562279827745e-05
"The Winn Brown Law Firm, LLC",3,2.6762562279827745e-05
PREFERRED MORTGAGE CORPORATION,3,2.6762562279827745e-05
Russell P Goldman PC,3,2.6762562279827745e-05
"NorthShore Financial, L.L.C.",3,2.6762562279827745e-05
"RecFi,LLC",3,2.6762562279827745e-05
Sterling  Hill Financial,3,2.6762562279827745e-05
"Praxell, Inc.",3,2.6762562279827745e-05
Vargo & Janson PC,3,2.6762562279827745e-05
"Vellum Mortgage, Inc.",3,2.6762562279827745e-05
"Vendor Resource Management, Inc.",3,2.6762562279827745e-05
"Quantum Financial, Inc.",3,2.6762562279827745e-05
Sierra Collections and Consulting LLC,3,2.6762562279827745e-05
Underwood James and Associates LLC,3,2.6762562279827745e-05
Porter Law Firm,3,2.6762562279827745e-05
"Service Bureau, Inc.",3,2.6762562279827745e-05
"ONY GLO, INC.",3,2.6762562279827745e-05
"Steven R. Hrdlicka, Attorney at Law",3,2.6762562279827745e-05
Preferred Finanical Services Corporation,3,2.6762562279827745e-05
"USA Credit Solutions, Inc",3,2.6762562279827745e-05
"Security Auto Loans, Inc.",3,2.6762562279827745e-05
"USA Cash Services Management, Inc.",3,2.6762562279827745e-05
"Straley & Otto, P.A.",3,2.6762562279827745e-05
"Pivot Rock Solutions, LLC",3,2.6762562279827745e-05
Scoutlogic Inc.,3,2.6762562279827745e-05
"Pivot Financial Partners, Inc.",3,2.6762562279827745e-05
"Pinnacle Lending Group, Inc.",3,2.6762562279827745e-05
Stream Auto Outlet,3,2.6762562279827745e-05
Student Aid Experts,3,2.6762562279827745e-05
Unisource Joint Ventures LLC,3,2.6762562279827745e-05
Premier Capital Investment Group,3,2.6762562279827745e-05
Pier Special Opportunities Fund LP,3,2.6762562279827745e-05
United National Services,3,2.6762562279827745e-05
"Northern Alliance Management, LLC",3,2.6762562279827745e-05
Prodebtco LLC,3,2.6762562279827745e-05
"Southwestern Investors Group, LLC",3,2.6762562279827745e-05
North Dakota Housing Finance Agency,3,2.6762562279827745e-05
Usset Weingarden & Liebo PLLP,3,2.6762562279827745e-05
Prisma Capital LLC,3,2.6762562279827745e-05
"SouthLaw, P.C.",3,2.6762562279827745e-05
"North American Collectors, Inc.",3,2.6762562279827745e-05
South Coast Doc Prep,3,2.6762562279827745e-05
"Professional Datasolutions, Inc.",3,2.6762562279827745e-05
"Solutions To Portfolios, LLC",3,2.6762562279827745e-05
"Protocol Recovery Service, Inc.",3,2.6762562279827745e-05
"Priority 1 Lending, LLC",3,2.6762562279827745e-05
"Smith Law Firm, P.C.",3,2.6762562279827745e-05
"VICTORY MORTGAGE, LLC",3,2.6762562279827745e-05
Primary Financial Services L.L.C.,3,2.6762562279827745e-05
"United Docu Prep, Inc.",3,2.6762562279827745e-05
Niederman Stanzel & Lindsey,3,2.6762562279827745e-05
"Prepaid Ventures, LTD",3,2.6762562279827745e-05
Novation Inheritance LLC,3,2.6762562279827745e-05
Premlo Inc.,3,2.6762562279827745e-05
"Valer Enterprises, Inc",3,2.6762562279827745e-05
Pilgrim Mortgage LLC,3,2.6762562279827745e-05
"Oak Harbor Capital, LLC",3,2.6762562279827745e-05
"Rutledge Law Firm, P.C",3,2.6762562279827745e-05
"TreeMac Funding Group, LLC",3,2.6762562279827745e-05
"University Lending Group, LLC",3,2.6762562279827745e-05
SI Mortgage Comapny Co.,3,2.6762562279827745e-05
Nationwide Servicing Center Inc,3,2.6762562279827745e-05
"TriStar Finance, Inc.",3,2.6762562279827745e-05
TITLE FINANCIAL CORPORATION,3,2.6762562279827745e-05
"PayZen, Inc.",3,2.6762562279827745e-05
Weinman Acquisition Group,3,2.6762562279827745e-05
"Weinstein & Riley, P.S.",3,2.6762562279827745e-05
Tri-Cities Finance Company,3,2.6762562279827745e-05
Rapid Mortgage Company,3,2.6762562279827745e-05
Wellmont Health System,3,2.6762562279827745e-05
Watercress Financial Group LLC,3,2.6762562279827745e-05
"Trebar Financial Services, Inc.",3,2.6762562279827745e-05
"Transfermate, Inc.",3,2.6762562279827745e-05
Ray Skillman Northeast Imports Inc,3,2.6762562279827745e-05
Ray Skillman Westside Imports Inc,3,2.6762562279827745e-05
TRG Auto Finance LLC,3,2.6762562279827745e-05
"Patient Account Services, LLC",3,2.6762562279827745e-05
National Student Debt Advisory Corp.,3,2.6762562279827745e-05
"TSALTA FINANCIAL COMPANY, LLC",3,2.6762562279827745e-05
Ready Finance LLC,3,2.6762562279827745e-05
"Town Square Mortgage & Investments, LLC",3,2.6762562279827745e-05
"Payday Motors, Inc.",3,2.6762562279827745e-05
"Trinity Enterprises Partners, LLC",3,2.6762562279827745e-05
"Vonda J. Dunn, P.C.",3,2.6762562279827745e-05
"Perry Law Office, P.C.",3,2.6762562279827745e-05
"REISENFELD & ASSOCIATES LPA, LLC",3,2.6762562279827745e-05
Student Aid Foundation,3,2.6762562279827745e-05
"Pickett Law, LLC",3,2.6762562279827745e-05
Student Apex,3,2.6762562279827745e-05
Sandalwood Solutions,3,2.6762562279827745e-05
Samsa Technologies Inc,3,2.6762562279827745e-05
Sammamish Mortgage Company,3,2.6762562279827745e-05
Salary Finance Inc,3,2.6762562279827745e-05
Philip Sellers P.C.,3,2.6762562279827745e-05
Saddleback Acceptance Corporation,3,2.6762562279827745e-05
"Performance Settlement, LLC",3,2.6762562279827745e-05
Triple AC Resolutions,3,2.6762562279827745e-05
"Nelson, Cooper & Ortiz, LLC",3,2.6762562279827745e-05
Wakpamni Lake Community Corporation,3,2.6762562279827745e-05
"Old Dominion Mortgage Co., Inc",3,2.6762562279827745e-05
ROLS INC,3,2.6762562279827745e-05
"Sungage Financial, LLC",3,2.6762562279827745e-05
"Oliver Adjustment Company of Kenosha & Racine, Inc",3,2.6762562279827745e-05
Pennie Mgmt LLC,3,2.6762562279827745e-05
"Wasserstein, P.A.",3,2.6762562279827745e-05
"SMARTPAY, LLC",3,2.6762562279827745e-05
SIRVA WORLDWIDE INC.,3,2.6762562279827745e-05
"Wator & Associates, P.C",3,2.6762562279827745e-05
"(Former)Shapiro, Swertfeger & Hasty, LLP",3,2.6762562279827745e-05
"NRG STX Properties, LLC",3,2.6762562279827745e-05
"FIRST CASH FINANCIAL SERVICES, INC.",3,2.6762562279827745e-05
F&L Marketing Enterprises LLC,3,2.6762562279827745e-05
F5 Mortgage LLC,3,2.6762562279827745e-05
"FAST AND FAIR COLLECTION SOLUTIONS, LLC",3,2.6762562279827745e-05
MDG USA Inc.,3,2.6762562279827745e-05
FINANTA FEDERAL CREDIT UNION,3,2.6762562279827745e-05
"C&H INVESTMENTS, INC.",3,2.6762562279827745e-05
MEPCO FINANCE CORPORATION,3,2.6762562279827745e-05
"FM Home Loans, LLC",3,2.6762562279827745e-05
Integrated Mediation Solutions LLC,3,2.6762562279827745e-05
"C & S Associates, Inc. dba NCS Credit",3,2.6762562279827745e-05
FRANK & ISRAEL LTD.,3,2.6762562279827745e-05
Butte County Credit Bureau,3,2.6762562279827745e-05
MILLS LTD. dba Credit Bureau of Klamath County,3,2.6762562279827745e-05
"MINISTRY BRANDS, LLC",3,2.6762562279827745e-05
"MLB Residential Lending, LLC",3,2.6762562279827745e-05
Bullseye Collection Agency,3,2.6762562279827745e-05
Extreme Loans LLC,3,2.6762562279827745e-05
Express Paycheck LLC,3,2.6762562279827745e-05
Jet Direct Funding Corp,3,2.6762562279827745e-05
Jet Lending Inc.,3,2.6762562279827745e-05
Cardinal Branch,3,2.6762562279827745e-05
CarPutty Inc.,3,2.6762562279827745e-05
KOP Collection Services LLC,3,2.6762562279827745e-05
Capstone Private Mortgage Holdings Limited,3,2.6762562279827745e-05
Electric Solidus LLC,3,2.6762562279827745e-05
Capital Core Advisors LLC,3,2.6762562279827745e-05
"Empire Financial Services, Inc.",3,2.6762562279827745e-05
Enterprise Acquisitions,3,2.6762562279827745e-05
K A P S & CO (USA) LLC,3,2.6762562279827745e-05
Envios de Valores La Nacional Corp.,3,2.6762562279827745e-05
"Envision Payment Solutions, Inc.",3,2.6762562279827745e-05
Lynx Whole Loan Acquisition LLC,3,2.6762562279827745e-05
M Squared Financial LLC,3,2.6762562279827745e-05
"Equity Wave Lending, Inc.",3,2.6762562279827745e-05
M2 Law Group PC,3,2.6762562279827745e-05
Family Credit Management,3,2.6762562279827745e-05
Bubba Hill Auto Plaza Inc,3,2.6762562279827745e-05
"Brown Olcott, PLLC",3,2.6762562279827745e-05
"BYTE FEDERAL, INC.",3,2.6762562279827745e-05
"First Direct Lending, LLC",3,2.6762562279827745e-05
"BAYSHORE MORTGAGE FUNDING, LLC",3,2.6762562279827745e-05
Malacko Law Office,3,2.6762562279827745e-05
First Loan Choice,3,2.6762562279827745e-05
First Pacific Funding Inc.,3,2.6762562279827745e-05
"Automotive Financial of America, Inc.",3,2.6762562279827745e-05
"Interstate Credit Solutions, LLC",3,2.6762562279827745e-05
Management Location Services Inc.,3,2.6762562279827745e-05
Maple Finance Company,3,2.6762562279827745e-05
Auto One Acceptance LLC,3,2.6762562279827745e-05
"Internal Check Systems, LLC",3,2.6762562279827745e-05
"Aurora Enterprises, Inc.",3,2.6762562279827745e-05
"Atlantica, LLC",3,2.6762562279827745e-05
Fortress University Inc.,3,2.6762562279827745e-05
"Fountainhead Commercial Capital, LLC",3,2.6762562279827745e-05
First Collections Inc,3,2.6762562279827745e-05
First Class Autos Inc,3,2.6762562279827745e-05
"MNE Services, Inc",3,2.6762562279827745e-05
Bank of Baroda - New York Branch,3,2.6762562279827745e-05
"MORTGAGE AMERICA, INC",3,2.6762562279827745e-05
Broder Credit & Collection Service,3,2.6762562279827745e-05
JAYANDBEE INC /dba/ HOOSIER ACCOUNTS SERVICE,3,2.6762562279827745e-05
"Bristol Point Financial, Inc.",3,2.6762562279827745e-05
"Brelvis Consulting, LLC",3,2.6762562279827745e-05
"Fendelman & Associates, LLC",3,2.6762562279827745e-05
Financial Recovery Group,3,2.6762562279827745e-05
Benjamin Chaise Recovery Services LLC.,3,2.6762562279827745e-05
"Bendett & McHugh, P.C.",3,2.6762562279827745e-05
Bell Financial Services,3,2.6762562279827745e-05
"First American Solutions, LLC",3,2.6762562279827745e-05
"Bay Shore Finance, Inc.",3,2.6762562279827745e-05
Baxter Bailey & Associates,3,2.6762562279827745e-05
Barton Creek Auto Credit  LLC,3,2.6762562279827745e-05
First Choice MH LLC,3,2.6762562279827745e-05
KSP Global Inc.,3,2.6762562279827745e-05
"Egon Singerman, Attorney at Law",3,2.6762562279827745e-05
"Cars Financial, Inc",3,2.6762562279827745e-05
Debt Management Partners LLC,3,2.6762562279827745e-05
"DebtHelp, Inc",3,2.6762562279827745e-05
Credit Connection LLC,3,2.6762562279827745e-05
Credit Bureau of Havre,3,2.6762562279827745e-05
Law Offices of Jeffrey Nadel,3,2.6762562279827745e-05
"Credit Bureau Financial Services, Inc.",3,2.6762562279827745e-05
"Crawford & von Keller, LLC",3,2.6762562279827745e-05
"Law Offices of Palmer, Reifler & Associates, P.A.",3,2.6762562279827745e-05
"Delphi Law Group, LLP",3,2.6762562279827745e-05
"Costello Sury & Rooney, P.C.",3,2.6762562279827745e-05
Developers Mortgage Co.,3,2.6762562279827745e-05
"Digital Access, LLC",3,2.6762562279827745e-05
Digital Currency Group Inc,3,2.6762562279827745e-05
"LeasePoint Funding Group, LLC",3,2.6762562279827745e-05
"Direct, Inc",3,2.6762562279827745e-05
"Continental Credit, LLC",3,2.6762562279827745e-05
"LLOYD'S PLAN, INC.",3,2.6762562279827745e-05
Law Offices of Alan J. Waintraub PLLC,3,2.6762562279827745e-05
"Consumer Education Services, Inc.",3,2.6762562279827745e-05
Law Office of Regent and Associates,3,2.6762562279827745e-05
DAVIDSON FINK LLP,3,2.6762562279827745e-05
"Lansing Professional Business Bureau,Inc",3,2.6762562279827745e-05
DK Auto LLC,3,2.6762562279827745e-05
Customer Service Mortgage Corporation,3,2.6762562279827745e-05
"Cullimore & Coleman, PLC",3,2.6762562279827745e-05
DRIVE NOW AUTO CREDIT COMPANY INC,3,2.6762562279827745e-05
Cross America Financial LLC,3,2.6762562279827745e-05
Law Office of Carl Brugnoli,3,2.6762562279827745e-05
Cress Law Group PC,3,2.6762562279827745e-05
"Creditors Financial Services, LLC",3,2.6762562279827745e-05
Dario Auto Sales,3,2.6762562279827745e-05
Darnieder & Sosnay,3,2.6762562279827745e-05
David Fogel P.C.,3,2.6762562279827745e-05
LRS Mediations Group,3,2.6762562279827745e-05
Credit Quick,3,2.6762562279827745e-05
"Consumer Financial Debt Services, LLC",3,2.6762562279827745e-05
"Consumer Credit Services, LLC",3,2.6762562279827745e-05
Eastside Funding LLC,3,2.6762562279827745e-05
"Clunk Hoose Co., LPA",3,2.6762562279827745e-05
"Cleara, LLC",3,2.6762562279827745e-05
"ClarityPay, Inc.",3,2.6762562279827745e-05
"Keystone Lending Alliance, LLC",3,2.6762562279827745e-05
"Charter Financial Services, Inc.",3,2.6762562279827745e-05
EMPIRE MEDIATION SERVICES LLC,3,2.6762562279827745e-05
Chaos Home Loans LLC,3,2.6762562279827745e-05
"Key Star Capital, LLC",3,2.6762562279827745e-05
"Certified Credit Associates, Inc.",3,2.6762562279827745e-05
Central Valley Receivables,3,2.6762562279827745e-05
"EULER HERMES UMA, INC.",3,2.6762562279827745e-05
EVERCOMMERCE SOLUTIONS INC.,3,2.6762562279827745e-05
"Cashco Financial Services, Inc",3,2.6762562279827745e-05
Cash In Minutes,3,2.6762562279827745e-05
"Casesa Bowden Barlow, P.A.",3,2.6762562279827745e-05
"Cascade Mortgage, Inc.",3,2.6762562279827745e-05
Client Financial Services of Michigan LLC,3,2.6762562279827745e-05
Liberty SBF,3,2.6762562279827745e-05
"LAKELAND BANCORP, INC.",3,2.6762562279827745e-05
"Co-Operative Adjustment Bureau, Inc.",3,2.6762562279827745e-05
"Consumer Credit Counseling Foundation, Inc.",3,2.6762562279827745e-05
LAGO Funding Corp.,3,2.6762562279827745e-05
"Constantino Law Office, P.C.",3,2.6762562279827745e-05
"Kuber Financial, LLC",3,2.6762562279827745e-05
"Kratochvil Law, P.C.",3,2.6762562279827745e-05
Double D Finance dba Idaho Finance,3,2.6762562279827745e-05
"Commercial Credit, Inc.",3,2.6762562279827745e-05
"Lexington Consumer Advocacy, LLC",3,2.6762562279827745e-05
"Duke Capital, LLC",3,2.6762562279827745e-05
Collaborative Resolution Group,3,2.6762562279827745e-05
Cohen & Associates,3,2.6762562279827745e-05
"Codilis & Stawarski, P.C.",3,2.6762562279827745e-05
"Durango Credit and Collection Company, Inc.",3,2.6762562279827745e-05
"Dwight Financial, Inc.",3,2.6762562279827745e-05
Kiva Microfunds,3,2.6762562279827745e-05
"Frank Innovations, Inc",3,2.6762562279827745e-05
MORTGAGE LENDERS OF AMERICA,3,2.6762562279827745e-05
"DISCOUNT BANCORP, INC.",3,2.6762562279827745e-05
AHL Funding,3,2.6762562279827745e-05
Mortgage Origination Holdings LLC,3,2.6762562279827745e-05
Ahn Management LLC,3,2.6762562279827745e-05
AMERICAN FINANCIAL MORTGAGE COMPANY,3,2.6762562279827745e-05
"Alco Capital Group, LLC",3,2.6762562279827745e-05
"Alexander, Winton & Associates, Inc.",3,2.6762562279827745e-05
"Alisa Katz Campbell, P.C.",3,2.6762562279827745e-05
AMERICAN ARMED FORCES MUTUAL AID ASSOCIATION,3,2.6762562279827745e-05
ISIS SECURITY INFORMATION SYSTEMS INC.,3,2.6762562279827745e-05
"Allegiant Receivables Solutions, Inc",3,2.6762562279827745e-05
"Alliance Consumer Solutions, Inc",3,2.6762562279827745e-05
"Ignite Revenue, Inc.",3,2.6762562279827745e-05
ALPHA COLLECTION SERVICES,3,2.6762562279827745e-05
"Allison L. Friedman, P.A.",3,2.6762562279827745e-05
"AlpacaDB, Inc.",3,2.6762562279827745e-05
ALMA Financial Assistance Corp.,3,2.6762562279827745e-05
Hamiltonian Inc.,3,2.6762562279827745e-05
"Michael & Associates, PC",3,2.6762562279827745e-05
"Genesis Financial & Payment Systems Holdings, LLC",3,2.6762562279827745e-05
"General Collections & Recoveries, Inc.",3,2.6762562279827745e-05
American Capital Recovery LLC,3,2.6762562279827745e-05
ALLIED SECURITY LLC,3,2.6762562279827745e-05
GVC MORTGAGE,3,2.6762562279827745e-05
"Mezu, Inc",3,2.6762562279827745e-05
"Mexico Transfers, Inc.",3,2.6762562279827745e-05
Mutual Financial Partners,3,2.6762562279827745e-05
"HOME LENDING GROUP, LLC, THE",3,2.6762562279827745e-05
AML Funding LLC,3,2.6762562279827745e-05
Global One Arbitration Inc.,3,2.6762562279827745e-05
"Advanced Call Center Technologies, LLC",3,2.6762562279827745e-05
"Account Control Systems, Inc",3,2.6762562279827745e-05
"Hosto & Buchan, PLLC",3,2.6762562279827745e-05
Great Lakes Entities,3,2.6762562279827745e-05
"Accelerated Recovery Services, Inc",3,2.6762562279827745e-05
Greco Financial Services Corp.,3,2.6762562279827745e-05
Graduate Resource Network,3,2.6762562279827745e-05
"Mineola Texas Star, LLC.",3,2.6762562279827745e-05
"Huffman, Hunt & Klym, LLC",3,2.6762562279827745e-05
Activus Corporation,3,2.6762562279827745e-05
"Miller Investment Group, Inc DBA AutoNow",3,2.6762562279827745e-05
Advance Loan Service,3,2.6762562279827745e-05
"Franks Adjustment Bureau, Inc.",3,2.6762562279827745e-05
"ANSELL GRIMM & AARON, P.C.",3,2.6762562279827745e-05
"ATLANTIC COAST MORTGAGE, LLC",3,2.6762562279827745e-05
"Good Funding, LLC",3,2.6762562279827745e-05
"ATKB PORTFOLIO MANAGEMENT, LLC",3,2.6762562279827745e-05
"Homie Technology, Inc",3,2.6762562279827745e-05
"Advanced Recovery Systems, Inc. (PA)",3,2.6762562279827745e-05
ASSOCIATED MORTGAGE BANKERS IN,3,2.6762562279827745e-05
"H & S Financial, Inc.",3,2.6762562279827745e-05
"ARL Credit Services, Inc.",3,2.6762562279827745e-05
INDIANAPOLIS NEIGHBORHOOD HOUSING PARTNERSHIP,3,2.6762562279827745e-05
"Advantage Financial Services of Covington, LLC",3,2.6762562279827745e-05
"APPLE RECOVERY, LLC",3,2.6762562279827745e-05
GUARANTY HOME MORTGAGE CORPORATION,3,2.6762562279827745e-05
Allied Data Corporation,3,2.6762562279827745e-05
"Hillcrest Capital, LLC",3,2.6762562279827745e-05
"Home Approvals Direct, Inc.",3,2.6762562279827745e-05
"American Mortgage Services,  Inc",3,2.6762562279827745e-05
"Medical Debt Recovery, Inc.",3,2.6762562279827745e-05
A-1 Payday Loans and Title Loan Referral Inc.,3,2.6762562279827745e-05
"Frontline Financial, LLC",3,2.6762562279827745e-05
Amerifund Home Mortgage LLC,3,2.6762562279827745e-05
"Friedman Law Associates, PC",3,2.6762562279827745e-05
"A & A North American Financial, LLC",3,2.6762562279827745e-05
"McPhail Sanchez, LLC",3,2.6762562279827745e-05
"Anchor Financial, Inc.",3,2.6762562279827745e-05
"Friedman & Associates, LLC",3,2.6762562279827745e-05
"Harrison Financial, LLC",3,2.6762562279827745e-05
Hatfield Portfolio Group LLC.,3,2.6762562279827745e-05
"Andrews Law Firm, PLLC",3,2.6762562279827745e-05
"3D Financial, LP",3,2.6762562279827745e-05
"Freisem, Macon Swann & Malone LLP",3,2.6762562279827745e-05
Freedom Financial Capital LLC,3,2.6762562279827745e-05
Hightechlendinginc,3,2.6762562279827745e-05
"Approved Mortgage Source, LLC",3,2.6762562279827745e-05
"Health Services Asset Management, LLC.",3,2.6762562279827745e-05
"Hebrew Free Loan Society, Inc.",3,2.6762562279827745e-05
Arative Technologies LLC  (Bancoli),3,2.6762562279827745e-05
FundLoans Capital,3,2.6762562279827745e-05
Accessity,3,2.6762562279827745e-05
"GL Financial, Inc.",3,2.6762562279827745e-05
"ADVANTAGE RECOVERY SERVICES, INC.",3,2.6762562279827745e-05
"Innovative Mortgage Services, Inc.",3,2.6762562279827745e-05
Home Headquarters Inc,3,2.6762562279827745e-05
"American Financial Credit Services, Inc.",3,2.6762562279827745e-05
"GOOGAIN, INC.",3,2.6762562279827745e-05
GREATAMERICA FINANCIAL SERVICES CORP.,3,2.6762562279827745e-05
"Harbour Portfolio Advisors, LLC",3,2.6762562279827745e-05
"Hammerman & Hultgren, P.C.",2,1.784170818655183e-05
Solera,2,1.784170818655183e-05
Simon PLC Attorneys & Counselors,2,1.784170818655183e-05
"E. Margriet Langenberg, P.C.",2,1.784170818655183e-05
Greenway Mortgage Funding Corp.,2,1.784170818655183e-05
Smyrna Finance LLC,2,1.784170818655183e-05
Greystone Alliance LLC,2,1.784170818655183e-05
"Grisham Cummins, LLC",2,1.784170818655183e-05
Hampton & Hampton Collections LLC,2,1.784170818655183e-05
"Snap Credit, Inc.",2,1.784170818655183e-05
ECN Platinum LLC,2,1.784170818655183e-05
"E Z CASH OF DELAWARE, INC.",2,1.784170818655183e-05
Gulf Coast Auto Credit Corporation,2,1.784170818655183e-05
Second Chance Advocate,2,1.784170818655183e-05
"Delev & Associates, LLC",2,1.784170818655183e-05
Shield Home Loans Inc.,2,1.784170818655183e-05
Scott-Roberts and Associates LLC,2,1.784170818655183e-05
Debt Solutions Inc,2,1.784170818655183e-05
"EQUITY HOME LENDERS, INC",2,1.784170818655183e-05
"RESMAC, INC.",2,1.784170818655183e-05
"Schachter Portnoy, L.L.C.",2,1.784170818655183e-05
Hanson Capital LLC,2,1.784170818655183e-05
Scherr & McClure,2,1.784170818655183e-05
"Great Western Financial Services, Inc.",2,1.784170818655183e-05
RESOURCE PRO,2,1.784170818655183e-05
"Haws, Inc. d/b/a Loan House",2,1.784170818655183e-05
Sonali Exchange Co. Inc,2,1.784170818655183e-05
"DMEC Capital Services LLC, DBA Settle Our Debt",2,1.784170818655183e-05
"Hawk, Haynie, Kammeyer & Smith, LLP",2,1.784170818655183e-05
"Schriever Legal, PLLC",2,1.784170818655183e-05
Greenberg & Sada PC,2,1.784170818655183e-05
"EML Payments USA, LLC",2,1.784170818655183e-05
DMI America Inc,2,1.784170818655183e-05
"Rate Plus, Inc.",2,1.784170818655183e-05
Debt Relief Center,2,1.784170818655183e-05
"Sign on the Line, Inc.",2,1.784170818655183e-05
Debt Busters,2,1.784170818655183e-05
RK Chevrolet Subaru,2,1.784170818655183e-05
Sentrix Financial Services,2,1.784170818655183e-05
DocuService,2,1.784170818655183e-05
"Data-Central, LLC",2,1.784170818655183e-05
Doctor Billa LLC,2,1.784170818655183e-05
"Devon Clark Currency Exchange, Inc",2,1.784170818655183e-05
Divergent Consumer Services,2,1.784170818655183e-05
"Smart Money Capital, LLC",2,1.784170818655183e-05
DirectArms,2,1.784170818655183e-05
Harris Law Group,2,1.784170818655183e-05
Sky Venture Holdings LLC,2,1.784170818655183e-05
"RICHLAND LOAN PROCESSING CENTER, LLC",2,1.784170818655183e-05
Halstatt Search Partners,2,1.784170818655183e-05
Great Northern Mortgage Corp.,2,1.784170818655183e-05
"RH Portfolio I, LLC",2,1.784170818655183e-05
"HUNTER FINANCIAL GROUP, LLC",2,1.784170818655183e-05
HUNT Real Estate Corporation,2,1.784170818655183e-05
"Harris & MacNeil, LLP",2,1.784170818655183e-05
Derricka Harwell Enterprises,2,1.784170818655183e-05
"Harrington Law Firm, P.C.",2,1.784170818655183e-05
Daramad LLC,2,1.784170818655183e-05
"Segan, Mason & Mason, P.C.",2,1.784170818655183e-05
Dream Center Education Holdings,2,1.784170818655183e-05
HANCOCK MORTGAGE PARTNERS LLC,2,1.784170818655183e-05
"Dowler Law Firm, PLLC",2,1.784170818655183e-05
"Selection Management Systems, Inc.",2,1.784170818655183e-05
"HARRIS, KLEIN ASSOCIATIES, INC.",2,1.784170818655183e-05
"HARTFORD FUNDING, LTD",2,1.784170818655183e-05
HOA Collections LLC,2,1.784170818655183e-05
"Darby Law Firm, LLC",2,1.784170818655183e-05
Dedicated Credit Repair,2,1.784170818655183e-05
Harrison Financial Group,2,1.784170818655183e-05
Donna Armenta Law,2,1.784170818655183e-05
ROBERTSON ANSCHUTZ VETTERS,2,1.784170818655183e-05
"Simple Cash Loans, Inc.,",2,1.784170818655183e-05
"Frank, Frank, Goldstein & Nager, P.C.",2,1.784170818655183e-05
"Great Lakes Home Mortgage, Inc.",2,1.784170818655183e-05
"Rosen Harwood, P.A.",2,1.784170818655183e-05
"Rock Solid Funding, LLC",2,1.784170818655183e-05
"Financiera Campeon, LLC dba Champion Equipment Finance",2,1.784170818655183e-05
GET A RATE LLC,2,1.784170818655183e-05
"Financial Triangle, Inc.",2,1.784170818655183e-05
Financial Solutions of America Inc.,2,1.784170818655183e-05
Financial Solution Providers LLC,2,1.784170818655183e-05
"Financial Services of Mississippi, Inc.",2,1.784170818655183e-05
Finance Store Inc.,2,1.784170818655183e-05
"Ronald B. Rich & Associates, PLC",2,1.784170818655183e-05
"Fenix Holdings, LLC",2,1.784170818655183e-05
DIRECT LENDERS LLC,2,1.784170818655183e-05
Felhaber Larson,2,1.784170818655183e-05
EXECUTIVE FINANCIAL GROUP,2,1.784170818655183e-05
Roseth Mortgage LLC,2,1.784170818655183e-05
"Ross Morgan & Associates, LLC",2,1.784170818655183e-05
"GVG Financial Services, Inc",2,1.784170818655183e-05
"Federal Pacific Credit Company, LLC",2,1.784170818655183e-05
"Reference Services, Inc.",2,1.784170818655183e-05
Fast Money Loan,2,1.784170818655183e-05
Genessee Financial,2,1.784170818655183e-05
Fairfax Lending Inc.,2,1.784170818655183e-05
Genpact Limited,2,1.784170818655183e-05
"Fairfax Consolidated, LLC",2,1.784170818655183e-05
Fair Credit Firm  (Kona Credit),2,1.784170818655183e-05
RenoFi Inc.,2,1.784170818655183e-05
"Rent Recover, LLC",2,1.784170818655183e-05
"First Choice Lending Services, LLC",2,1.784170818655183e-05
FundFlare LLC,2,1.784170818655183e-05
Revenue Cycle Management Corp,2,1.784170818655183e-05
Revenue Recovery Solutions  Inc.,2,1.784170818655183e-05
"Foundation Title & Settlement Services, LLC",2,1.784170818655183e-05
Foundation Realty Group,2,1.784170818655183e-05
Freede Solutions Inc.,2,1.784170818655183e-05
"Forsythe Finance, LLC",2,1.784170818655183e-05
Retl Mnanagement LLC,2,1.784170818655183e-05
"Flyhomes, Inc.",2,1.784170818655183e-05
Florida Pro Mortgage LLC,2,1.784170818655183e-05
"Results! Dental Collection Services, LLC",2,1.784170818655183e-05
"Richard D. London & Associates, P.C.",2,1.784170818655183e-05
"Fitzgerald & Campbell, A Professional Law Corporation",2,1.784170818655183e-05
"FirstLine Financial, Inc.",2,1.784170818655183e-05
First Student Services,2,1.784170818655183e-05
"First Recovery Solutions, Inc.",2,1.784170818655183e-05
"Riverstone Law, LLC",2,1.784170818655183e-05
"First Mile Group, Inc.",2,1.784170818655183e-05
"Frontier Consumer Law Group, LLC",2,1.784170818655183e-05
Rno Partners Limited,2,1.784170818655183e-05
Residential Home Mortgage Corporation,2,1.784170818655183e-05
"First Commerce, LLC",2,1.784170818655183e-05
"Roberts Law, LLC",2,1.784170818655183e-05
Republic State Mortgage Co.,2,1.784170818655183e-05
RumbleOn Finance LLC,2,1.784170818655183e-05
Rutherford Credit,2,1.784170818655183e-05
"Red River Collection Company, Inc.",2,1.784170818655183e-05
SOUTHERN CASCADES FINANCE CORPORATION,2,1.784170818655183e-05
Golden Financial Services,2,1.784170818655183e-05
"Enhanced Recovery Services 2, Inc.",2,1.784170818655183e-05
Empire Mortgage (NV),2,1.784170818655183e-05
Receivable Management Inc.,2,1.784170818655183e-05
"Emerald Coast Collections, LLC",2,1.784170818655183e-05
EliteCashWire.com Inc,2,1.784170818655183e-05
STONEGATE MORTGAGE CORPORATION,2,1.784170818655183e-05
Elite Mortgage Funding inc,2,1.784170818655183e-05
"Good News Group, LLC d/b/a Savvy Loans",2,1.784170818655183e-05
SUMMIT MORTGAGE CORPORATION,2,1.784170818655183e-05
SUN AMERICAN MORTGAGE,2,1.784170818655183e-05
"Reax Capital, LLC",2,1.784170818655183e-05
"SUN FINANCE COMPANY, LLC",2,1.784170818655183e-05
SUNSTREET MORTGAGE LLC,2,1.784170818655183e-05
Realogy Title Group LLC,2,1.784170818655183e-05
"Gordon, Feldbaum & Cantora",2,1.784170818655183e-05
Edmonds & Logue PC,2,1.784170818655183e-05
Safe Harbor Funding LLC,2,1.784170818655183e-05
"Graystone Funding Company, LLC",2,1.784170818655183e-05
"Eagle Rentals, Inc",2,1.784170818655183e-05
"Eads Murray & Pugh, P.C.",2,1.784170818655183e-05
EZ Financing Inc,2,1.784170818655183e-05
EZ Finance Company,2,1.784170818655183e-05
"Godwin-Jones & Price, P.C.",2,1.784170818655183e-05
Equinox Counseling Services,2,1.784170818655183e-05
"Georgia Assessment Recovery, LLC",2,1.784170818655183e-05
"Equinox Home Financing, Inc.",2,1.784170818655183e-05
"SANFORD & ADAMS, Attorneys at Law PLLC",2,1.784170818655183e-05
"FIRST CALIFORNIA MORTGAGE CO., INC.",2,1.784170818655183e-05
SCHAEFER MORTGAGE CORPORATION,2,1.784170818655183e-05
"Gillman Interests, Inc.",2,1.784170818655183e-05
"F10 Financial Group, LLC",2,1.784170818655183e-05
SECURITY HOME MORTGAGE,2,1.784170818655183e-05
Glassen Rhead Mclean Campbell & Schumaker P.L.C.,2,1.784170818655183e-05
"SELFi, Inc.",2,1.784170818655183e-05
F&B Acquisition Group LLC,2,1.784170818655183e-05
"Global Financial Mortgage, LLC.",2,1.784170818655183e-05
SETTLEMENT CORP,2,1.784170818655183e-05
Express Cash Mart Management,2,1.784170818655183e-05
Exchange Finance Company,2,1.784170818655183e-05
Global Financial Services Group,2,1.784170818655183e-05
Excella Recovery Group,2,1.784170818655183e-05
SIGNATURE MORTGAGE CORPORATION,2,1.784170818655183e-05
Ershowsky Verstandig PLLC,2,1.784170818655183e-05
"Erin Capital Management, LLC",2,1.784170818655183e-05
Global Recovery Group,2,1.784170818655183e-05
"Receivables Management Group, Inc. (MN)",2,1.784170818655183e-05
"Equity Express Mortgage, LLC",2,1.784170818655183e-05
SOFI LOCAL CORP,2,1.784170818655183e-05
Go Rascal Inc.,2,1.784170818655183e-05
Elite 1 Financial Services,2,1.784170818655183e-05
Consumer Asset Management (Texas),2,1.784170818655183e-05
DEEP SOUTH FINANCIAL SERVICES INC.,2,1.784170818655183e-05
"DEBTWEBEX, LLC",2,1.784170818655183e-05
"America’s Financial Choice, Inc.",2,1.784170818655183e-05
Amicus Lending,2,1.784170818655183e-05
"VALLEY CREDIT SERVICES, INC. (WI)",2,1.784170818655183e-05
"Andover Auto Sales, Inc. D.B.A. Broadway Auto Mall",2,1.784170818655183e-05
Apex Advising LLC DBA Apex Credit Fix,2,1.784170818655183e-05
"Apex Recovery Services, LLC",2,1.784170818655183e-05
Unlock Wealth $,2,1.784170818655183e-05
Apex Resolution Group LLC,2,1.784170818655183e-05
Unlimited Credit Repair,2,1.784170818655183e-05
Arbor Residential Mortgage LLC,2,1.784170818655183e-05
"Argolica, LLC",2,1.784170818655183e-05
"Armin, O'Conner & Boch, LLC",2,1.784170818655183e-05
"Arthur B. Adler & Associates, Ltd",2,1.784170818655183e-05
"Arundina, LLC",2,1.784170818655183e-05
"United Mortgage Services, LLC",2,1.784170818655183e-05
"American Trst Company, Inc.",2,1.784170818655183e-05
"American Payment Holdco, Inc.",2,1.784170818655183e-05
VIP Mortgage Inc.,2,1.784170818655183e-05
Vantage Point Group,2,1.784170818655183e-05
"America's Moneyline, Inc.",2,1.784170818655183e-05
Vericheck,2,1.784170818655183e-05
American Acceptance Corp. of South Carolina,2,1.784170818655183e-05
"American Cash Exchange Enterprise of Tennessee, LLC",2,1.784170818655183e-05
American Credit,2,1.784170818655183e-05
"Vantage Sourcing, LLC",2,1.784170818655183e-05
"Vander Financial, LLC",2,1.784170818655183e-05
American Mortgage Partners Inc.,2,1.784170818655183e-05
Van Ru Credit Corporation,2,1.784170818655183e-05
American Credit Financial,2,1.784170818655183e-05
"Value Recovery Holding, LLC",2,1.784170818655183e-05
American Debt Consolidation,2,1.784170818655183e-05
American Lending LLC,2,1.784170818655183e-05
VISION ONE MORTGAGE,2,1.784170818655183e-05
"United Lending Team, INC",2,1.784170818655183e-05
United Home Loan Services Inc.,2,1.784170818655183e-05
"Asset Pursuit, LLC",2,1.784170818655183e-05
"Truemper, Titiner & brouch Ltd",2,1.784170818655183e-05
BRIDGELOCK CAPITAL,2,1.784170818655183e-05
"Bakalar & Associates, P. A.",2,1.784170818655183e-05
Barker Financial LLC,2,1.784170818655183e-05
Barton Benson Jones PLLC,2,1.784170818655183e-05
Beach Cars of West Palm Inc.,2,1.784170818655183e-05
Beacon Recovery Group LLC,2,1.784170818655183e-05
True Finance,2,1.784170818655183e-05
UNITED SECURITY FINANCIAL,2,1.784170818655183e-05
"Benchmark Capital Management, LLC",2,1.784170818655183e-05
"Benefit Recovery Group, LLC",2,1.784170818655183e-05
"Best Account Receivables Management Solutions, LLC",2,1.784170818655183e-05
Best Ride Inc,2,1.784170818655183e-05
"Best in Funding, Inc.",2,1.784170818655183e-05
Biorn Corporation,2,1.784170818655183e-05
"BRAUFMANN, LEIGHMANN & ASSOCIATES",2,1.784170818655183e-05
BELING & ASSOCIATES,2,1.784170818655183e-05
Associates Financial Solutions Inc,2,1.784170818655183e-05
"Auto World Financial, Inc.",2,1.784170818655183e-05
United Credit Service Inc,2,1.784170818655183e-05
"United Check Recovery, LLC",2,1.784170818655183e-05
Auto Loan Inc.,2,1.784170818655183e-05
"Union Credit, Inc.",2,1.784170818655183e-05
"Union Adjustment Company, Inc.",2,1.784170818655183e-05
"Auto Pro Title Pawn, Inc.",2,1.784170818655183e-05
AutoSmart  Acceptance Corporation,2,1.784170818655183e-05
"URS Solutions, LLC",2,1.784170818655183e-05
"Automania, Inc",2,1.784170818655183e-05
Avenify Corporation,2,1.784170818655183e-05
BANCO PICHINCHA MIAMI AGENCY,2,1.784170818655183e-05
US Mortgage Lenders LLC,2,1.784170818655183e-05
"BATON ROUGE FINANCIAL SERVICES, L.L.C.",2,1.784170818655183e-05
"US Claims Litigation Funding, LLC",2,1.784170818655183e-05
"Ambassador Mortgage, LLC",2,1.784170818655183e-05
Allied Consumer Assistance,2,1.784170818655183e-05
"Vis Law, LLC",2,1.784170818655183e-05
William Raveis Real Estate,2,1.784170818655183e-05
"Wise Finance, LLC",2,1.784170818655183e-05
"ALL FAMILY FINANCE, LLC",2,1.784170818655183e-05
"Windy City Capital Management, LLC",2,1.784170818655183e-05
ALPHA MORTGAGE CORPORATION,2,1.784170818655183e-05
Wilson Breit,2,1.784170818655183e-05
"Wilner & Associates, Inc.",2,1.784170818655183e-05
"AMERICAN FINANCIAL MANAGEMENT, INC.",2,1.784170818655183e-05
ALASKA HOUSING FINANCE CORPORATION,2,1.784170818655183e-05
"AMERICAN HOME MORTGAGE, INC.",2,1.784170818655183e-05
"AMERICONSULTANTS, LLC",2,1.784170818655183e-05
"AMKO Lending, LLC",2,1.784170818655183e-05
Wharthog Ventures LLC dba Loans Not Sharks,2,1.784170818655183e-05
"Wetherington Hamilton, P.A.",2,1.784170818655183e-05
Westwood Legal,2,1.784170818655183e-05
ALG Trustee LLC,2,1.784170818655183e-05
AGN Auto Gallery Inc,2,1.784170818655183e-05
ARM WNY LLC,2,1.784170818655183e-05
Zenith Financial,2,1.784170818655183e-05
www.TrustScience.com USA Inc.,2,1.784170818655183e-05
"snapfi, inc.",2,1.784170818655183e-05
16 Hands LLC. dba Fiducius,2,1.784170818655183e-05
"bitFlyer USA, Inc.",2,1.784170818655183e-05
1st Nationwide Mortgage of Texas Corp.,2,1.784170818655183e-05
"Zieg Law Group, LLC",2,1.784170818655183e-05
A & J COLLECTION,2,1.784170818655183e-05
"Worldwide Processing Group, LLC",2,1.784170818655183e-05
Zeidman’s Jewelry & Loan of Michigan,2,1.784170818655183e-05
ABC Finance Co.,2,1.784170818655183e-05
ACCEPTANCE CAPITAL MORTGAGE,2,1.784170818655183e-05
Xpert Home Lending Inc.,2,1.784170818655183e-05
"Wyre, Inc.",2,1.784170818655183e-05
"Wyolaw, LLC",2,1.784170818655183e-05
Westley Auto Inc,2,1.784170818655183e-05
West Virginia Housing Development Fund,2,1.784170818655183e-05
Vision Financial Corp.,2,1.784170818655183e-05
"Advocates Professional Services, Inc.",2,1.784170818655183e-05
Advanced Credit Management,2,1.784170818655183e-05
Advanced Financial Company,2,1.784170818655183e-05
Advantage Credit Bureau Inc.,2,1.784170818655183e-05
Advantage Finance LLC,2,1.784170818655183e-05
"WILKINSON LAW FIRM, P.C.",2,1.784170818655183e-05
"Advantage Financial Services, LLC",2,1.784170818655183e-05
WESTERN EXPRESS LENDING,2,1.784170818655183e-05
"Adobe Settlement Group, LLC",2,1.784170818655183e-05
"Aero Payments, Inc.",2,1.784170818655183e-05
"WD Global Group, LLC",2,1.784170818655183e-05
WCDA WYOMING COMMUNITY DEVELOPMENT AUTHORITY,2,1.784170818655183e-05
Albuquerque Auto Outlet,2,1.784170818655183e-05
Vouch Financial Inc.,2,1.784170818655183e-05
Volunteer Mortgage Inc,2,1.784170818655183e-05
"WOLFE FINANCIAL, INC.",2,1.784170818655183e-05
Activo Corp,2,1.784170818655183e-05
West One Capital Group Inc.,2,1.784170818655183e-05
"Wedgewood, LLC",2,1.784170818655183e-05
ATM OPS INC,2,1.784170818655183e-05
AURORA FINANCIAL GROUP INC,2,1.784170818655183e-05
"AZ LENDING EXPERTS, LLC",2,1.784170818655183e-05
Weissman Attorney at Law,2,1.784170818655183e-05
"Accelerate Financial, LLC",2,1.784170818655183e-05
"Accelerate Mortgage, LLC",2,1.784170818655183e-05
Accenture LLP,2,1.784170818655183e-05
Action Collectors Inc.,2,1.784170818655183e-05
Web Source Market LLC/DBA Collection Shield 360,2,1.784170818655183e-05
We Finance Inc.,2,1.784170818655183e-05
Waveland LLC dba FJM,2,1.784170818655183e-05
"Account Recovery Services, Inc. (Texas)",2,1.784170818655183e-05
Accountable Finance Inc,2,1.784170818655183e-05
"Ace Customer Services, LLC",2,1.784170818655183e-05
Blackhawk Finance,2,1.784170818655183e-05
Blue Bay Capital,2,1.784170818655183e-05
"Boomerang Capital Partners, LLC",2,1.784170818655183e-05
Streamline Recovery Inc,2,1.784170818655183e-05
College Guidance Resources  LLC,2,1.784170818655183e-05
"Colorado Capital Investments, Inc.",2,1.784170818655183e-05
"Columbus Capital Lending, LLC, Miami, FL Branch",2,1.784170818655183e-05
Student Loan Debt Agency,2,1.784170818655183e-05
"Community Credit of Leeds, Inc.",2,1.784170818655183e-05
Student Debt Consolidating,2,1.784170818655183e-05
RADIUS FINANCIAL GROUP INC.,2,1.784170818655183e-05
"CollectPark, LLC",2,1.784170818655183e-05
"Strategic Funding, Inc.",2,1.784170818655183e-05
"Consumer Financial Services of Tampa, FL LLC",2,1.784170818655183e-05
Strand Finance Inc.,2,1.784170818655183e-05
Consumer Receivables Management LLC,2,1.784170818655183e-05
Consumer Shield,2,1.784170818655183e-05
Consumers Alliance Processing Corporation,2,1.784170818655183e-05
"Collection Bureau of Kansas, Inc.",2,1.784170818655183e-05
"Coastal Custom Mortgage, Inc.",2,1.784170818655183e-05
"Copper Lake Financial, LLC",2,1.784170818655183e-05
TCF & ASSOCIATES,2,1.784170818655183e-05
Certify Student Services,2,1.784170818655183e-05
THE MORTGAGE EXPERTS LLC,2,1.784170818655183e-05
Changed Inc.,2,1.784170818655183e-05
TGA,2,1.784170818655183e-05
"TFC Group, LLC",2,1.784170818655183e-05
"Chattanooga Neighborhood Enterprise, Inc.",2,1.784170818655183e-05
City First Mortgage Corp,2,1.784170818655183e-05
Sunshine State Credit,2,1.784170818655183e-05
Class AMC Intermediate,2,1.784170818655183e-05
Clay Chapman Iwamura Pulice & Nervell,2,1.784170818655183e-05
ClearLine Loans LLC,2,1.784170818655183e-05
Surepay Lending Group LLC,2,1.784170818655183e-05
Coast Collection Agency Inc,2,1.784170818655183e-05
Superior Settlement Services LLC,2,1.784170818655183e-05
Stewart Title of Sacramento\Placer,2,1.784170818655183e-05
"CoreTitle, LLC",2,1.784170818655183e-05
Central Business Funding,2,1.784170818655183e-05
"Critical Ideas, Inc.",2,1.784170818655183e-05
"Credit Services Corporation, LLC",2,1.784170818655183e-05
"SpeedyCash, Inc.",2,1.784170818655183e-05
Speed Investments LLC,2,1.784170818655183e-05
Credit Suite Inc.,2,1.784170818655183e-05
Creditors Specialty Service Inc,2,1.784170818655183e-05
"Creditors' Service Bureau of Niles, Inc",2,1.784170818655183e-05
Cross Country Financial Corporation,2,1.784170818655183e-05
Credit Recovery Consultants,2,1.784170818655183e-05
Southern Star Automotive Inc.,2,1.784170818655183e-05
"Southern Service Systems, Inc.",2,1.784170818655183e-05
"Cumberland Financial Services, INC.",2,1.784170818655183e-05
Southern Fidelity Mortgage Group of Huntsville,2,1.784170818655183e-05
"Cypress Financial Recoveries, L.L.C., OCALA, FL Branch",2,1.784170818655183e-05
"DAVID W. EDWARDS, P.C.",2,1.784170818655183e-05
Credit Service Repair,2,1.784170818655183e-05
Splash Cash Holdings LLC,2,1.784170818655183e-05
Cornerstone Mitigation,2,1.784170818655183e-05
Credence Funding Corporation,2,1.784170818655183e-05
"Cornerstone Residential Lending Solutions, Inc",2,1.784170818655183e-05
Cosmo Credit Repair,2,1.784170818655183e-05
Couch Conville & Blitt LLC,2,1.784170818655183e-05
"Stein & Stein, LLP",2,1.784170818655183e-05
"Council Law Group, PLLC",2,1.784170818655183e-05
Covington Pike Acceptance Company,2,1.784170818655183e-05
"Credit Bureau of Howell County, LLC",2,1.784170818655183e-05
Credit My Rent Inc,2,1.784170818655183e-05
Star loan centers,2,1.784170818655183e-05
Credit Council Corp,2,1.784170818655183e-05
"StanleyAFE, LLC",2,1.784170818655183e-05
Credit Expert LLC,2,1.784170818655183e-05
"Springfield Recovery, Inc.",2,1.784170818655183e-05
Springboard CDFI,2,1.784170818655183e-05
TM Communication LLC,2,1.784170818655183e-05
Cember & Cember P.C.,2,1.784170818655183e-05
"Brightside Benefit, Inc.",2,1.784170818655183e-05
CITY CREEK MORTGAGE CORP.,2,1.784170818655183e-05
CARILION CLINIC,2,1.784170818655183e-05
CBC Holdings LLC,2,1.784170818655183e-05
"CBS Collections, Inc",2,1.784170818655183e-05
CERTAINTY HOME LOANS LLC,2,1.784170818655183e-05
CFS of Aurora IL LLC,2,1.784170818655183e-05
"The Lemoine Group, Inc",2,1.784170818655183e-05
CITYWIDE HOME LOANS,2,1.784170818655183e-05
"The Wilber Law Firm, P.C.",2,1.784170818655183e-05
The Law Offices of Daniel C. Consuegra,2,1.784170818655183e-05
"The Law Office of Alan Pritchard, PLLC",2,1.784170818655183e-05
"CMCS, Inc. DBA Central Mercantile Collection Services",2,1.784170818655183e-05
"CMD Investment Group, Inc.",2,1.784170818655183e-05
CMK Investments Inc,2,1.784170818655183e-05
"CMM of Louisiana, LLC",2,1.784170818655183e-05
The Star Financial,2,1.784170818655183e-05
"CAC Services, Inc.",2,1.784170818655183e-05
COLLTECH INC,2,1.784170818655183e-05
"Bushwood Capital Group, Inc.",2,1.784170818655183e-05
Title Security Agency LLC,2,1.784170818655183e-05
Broadway Advance LLC,2,1.784170818655183e-05
TitanPrep Inc,2,1.784170818655183e-05
Brookhaven Law Group PLLC,2,1.784170818655183e-05
"Brookings Credit Bureau and Collection Agency, Inc.",2,1.784170818655183e-05
Budget Mortgage Corp.,2,1.784170818655183e-05
"Business Law Group, P.A.",2,1.784170818655183e-05
"The Zellman Group, LLC",2,1.784170818655183e-05
Thunder Auto Finance LLC,2,1.784170818655183e-05
"Byers Law, LLC",2,1.784170818655183e-05
Thrifty Motors Inc.,2,1.784170818655183e-05
"C & E Financial Group, Inc.",2,1.784170818655183e-05
"C & S Auto Enterprises, Inc",2,1.784170818655183e-05
"Thomas & Thomas Attorneys and Counselors at Law, LLC",2,1.784170818655183e-05
"The DeGrasse Law Firm, P.C.",2,1.784170818655183e-05
COMMUNITY MORTGAGE CORPORATION,2,1.784170818655183e-05
"Cayetano Development, LLC",2,1.784170818655183e-05
"Carmen V. Porreca, P.C.",2,1.784170818655183e-05
CapitalHut Finance,2,1.784170818655183e-05
Car World Group,2,1.784170818655183e-05
"Tapper and Fratto, LLC",2,1.784170818655183e-05
"CarFinance Capital LLC, Irvine, CA Branch",2,1.784170818655183e-05
Taekus Inc,2,1.784170818655183e-05
"TSG Collections, LLC",2,1.784170818655183e-05
"Carpenter, Hazlewood, Delgado & Bolen, PLC",2,1.784170818655183e-05
Capital Mortgage,2,1.784170818655183e-05
"Cars-N-Credit Finance, Inc.",2,1.784170818655183e-05
Cascade Collections LLC,2,1.784170818655183e-05
"Cash Advance Centers of KY, Inc.",2,1.784170818655183e-05
Cash Max LLC,2,1.784170818655183e-05
"Cash Security, Inc.",2,1.784170818655183e-05
"Castle Rock Mortgage, LLC",2,1.784170818655183e-05
"Tayne Law Group, P. C.",2,1.784170818655183e-05
"Capital Markets Cooporative, LLC",2,1.784170818655183e-05
"COMPASS FINANCIAL HOLDING GROUP, LLC",2,1.784170818655183e-05
CREDIGY SOLUTIONS INC.,2,1.784170818655183e-05
The Collection Bureau Inc.,2,1.784170818655183e-05
CONTINENTAL MORTGAGE BANKERS,2,1.784170818655183e-05
COOPERATIVA DE AHORRO Y CREDITO BARRANQUITAS,2,1.784170818655183e-05
"CORNERSTONE RESOLUTION GROUP, INC.",2,1.784170818655183e-05
CRCO,2,1.784170818655183e-05
The Borrowing Club,2,1.784170818655183e-05
"CREDIT ASSOCIATES, INC. (OR)",2,1.784170818655183e-05
Cambridge Credit Counseling Corp.,2,1.784170818655183e-05
"Texas National Holding, LLC",2,1.784170818655183e-05
Cal-Tenn Financial LLC,2,1.784170818655183e-05
California Enterprise Agencies,2,1.784170818655183e-05
Tex-Mex Primo Auto Sales,2,1.784170818655183e-05
Calvin Dean Homolka II,2,1.784170818655183e-05
"Cam Credits, Inc.",2,1.784170818655183e-05
"Heis & Wenstrup Co., L.P.A",2,1.784170818655183e-05
KWIK MORTGAGE CORPORATION,2,1.784170818655183e-05
Maury's Motors Inc DBA Midpoint Auto Group,2,1.784170818655183e-05
"Olympus Law Firm, PLLC",2,1.784170818655183e-05
"Lowther Johnson Attorneys at Law, LLC",2,1.784170818655183e-05
Luna Financial LLC,2,1.784170818655183e-05
"John F. Hayter, Attorney At Law, P.A.",2,1.784170818655183e-05
"Pizer & Associates, P.C.",2,1.784170818655183e-05
"Luno US, Inc.",2,1.784170818655183e-05
"Midwest Diversified Recovery Services, LLC",2,1.784170818655183e-05
"Lustig, Glaser & Wilson, P.C.",2,1.784170818655183e-05
National Home Buyer’s Alliance,2,1.784170818655183e-05
MORTGAGE EQUITY PARTNERS LLC,2,1.784170818655183e-05
International Financial Management,2,1.784170818655183e-05
"Law Offices of Richard J. Manning, Jr.",2,1.784170818655183e-05
"Launch Financial Group, LLC",2,1.784170818655183e-05
PNB INTERNATIONAL INVESTMENTS CORPORATION,2,1.784170818655183e-05
"Icon Equities, LLC",2,1.784170818655183e-05
"North Georgia Loans, Inc.",2,1.784170818655183e-05
Lakeland Recovery Solutions,2,1.784170818655183e-05
Laurens Financial Services Inc,2,1.784170818655183e-05
Pagliaro Inc. dba Collection Associates,2,1.784170818655183e-05
Independent Finance Company LLC,2,1.784170818655183e-05
"John B. Ingleson, Attorney at Law",2,1.784170818655183e-05
"Operating Partners Co., LLC",2,1.784170818655183e-05
National Processing Group LLC,2,1.784170818655183e-05
Opensky Legal Services,2,1.784170818655183e-05
"Lyons Law Office, LLC",2,1.784170818655183e-05
MCI Mortgage Inc,2,1.784170818655183e-05
"Mortgage Team 1, Inc.",2,1.784170818655183e-05
"Leading Edge Solutions, LLC",2,1.784170818655183e-05
INTERNATIONAL CITY MORTGAGE,2,1.784170818655183e-05
"Martell & Ozim, PA",2,1.784170818655183e-05
Longhorn Asset Management LLC,2,1.784170818655183e-05
MST Consulting LLC,2,1.784170818655183e-05
Investigation & Recovery Assoc. LLC,2,1.784170818655183e-05
"Los Angeles Collection Service, Inc.",2,1.784170818655183e-05
"Mason, Schilling & Mason Co., LPA",2,1.784170818655183e-05
Huron Law Group PLLC,2,1.784170818655183e-05
InvestMark Mortgage,2,1.784170818655183e-05
"MMRR Finance, d/b/a Cash Loans Direct",2,1.784170818655183e-05
LATIN AMERICAN FINANCIAL,2,1.784170818655183e-05
"Members Mortgage Services, L.L.C.",2,1.784170818655183e-05
"Jones, Robin & Robin, P.C.",2,1.784170818655183e-05
I.P.M. Group LLC,2,1.784170818655183e-05
JRG FUNDING LLC,2,1.784170818655183e-05
"Johnson, Blumberg & Associates, LLC",2,1.784170818655183e-05
Lovitts Auto Sales Inc,2,1.784170818655183e-05
"IMMEDIATE RECOVERY GROUP, INC",2,1.784170818655183e-05
Mortgage Vintage Inc.,2,1.784170818655183e-05
"INTEGRA SERVICING, LLC",2,1.784170818655183e-05
"Optimum First, Inc.",2,1.784170818655183e-05
INTEGRITY CREDIT CORPORATION,2,1.784170818655183e-05
"Interstate Credit & Collection, Inc.",2,1.784170818655183e-05
"INTERIM CAPITAL GROUP, INC.",2,1.784170818655183e-05
"Premier Consumer Credit Counseling, Inc.",2,1.784170818655183e-05
Mortgage Choice LLC dba: Motto Mortgage Choice,2,1.784170818655183e-05
Midwest Finance Corporation,2,1.784170818655183e-05
"Nationwide Debt Management Solutions, LLC",2,1.784170818655183e-05
Millennium Credit Consultants Inc.,2,1.784170818655183e-05
"Nationwide Debt Reduction Services, LLC",2,1.784170818655183e-05
MORTGAGE FINANCIAL SERVICES,2,1.784170818655183e-05
"Patriot Finance, LLC",2,1.784170818655183e-05
"PrimeLine Capital, Inc.",2,1.784170818655183e-05
Law Office Of Steven D. Silverstein,2,1.784170818655183e-05
"Noam J. Cohen, PA",2,1.784170818655183e-05
"Integrity Home Lending, LLC",2,1.784170818655183e-05
MAINSTREET LOAN COMPANY IN,2,1.784170818655183e-05
Nationwide Recovery Group LLC,2,1.784170818655183e-05
"PacWest Credit, LTD",2,1.784170818655183e-05
Instant Cash Advance Corp.,2,1.784170818655183e-05
"MAKENNA KALI & ASSOCIATES, INCORPORATED",2,1.784170818655183e-05
"Instant Cash Flow, Inc.",2,1.784170818655183e-05
Jacobs Arbitration And Associates Inc.,2,1.784170818655183e-05
"ONE WAY RECOVERY SOLUTIONS, LLC",2,1.784170818655183e-05
Pacific Residential Mortgage,2,1.784170818655183e-05
"Nationwide TFS, LLC",2,1.784170818655183e-05
"MAS Associates, LLC",2,1.784170818655183e-05
Neat Capital Inc.,2,1.784170818655183e-05
"MedShield, Inc.",2,1.784170818655183e-05
LHM Financial,2,1.784170818655183e-05
"Miller, Stark, Klein and Associates",2,1.784170818655183e-05
Medical Services Inc,2,1.784170818655183e-05
Law Office of Michael R Naughton,2,1.784170818655183e-05
"Padfield & Stout, LLP",2,1.784170818655183e-05
"Jeffrey G. Lerman, P.C.",2,1.784170818655183e-05
Law Offices of Gary A Bemis APC,2,1.784170818655183e-05
Infinity Holding Corporation,2,1.784170818655183e-05
"PRIORITY FUNDING, LLC",2,1.784170818655183e-05
Law Offices of Brian P. Kowal PA,2,1.784170818655183e-05
"Inheritance Funding Company, Inc.",2,1.784170818655183e-05
"PingYo, Inc.",2,1.784170818655183e-05
Law Offices of Bradley G Nykamp PC,2,1.784170818655183e-05
"Maximum Title Loans, LLC",2,1.784170818655183e-05
"PRO MORTGAGE ASSOCIATES, INC",2,1.784170818655183e-05
Maynard Nexsen PC,2,1.784170818655183e-05
Open Assets LLC,2,1.784170818655183e-05
Nelson Automotive Finance,2,1.784170818655183e-05
"Jensen & Sullivan, LLC",2,1.784170818655183e-05
"Onset Financial, Inc.",2,1.784170818655183e-05
Kevin B. Wilson Law Offices,2,1.784170818655183e-05
"Milberg, Klein PL",2,1.784170818655183e-05
"Insight Financial, LLC",2,1.784170818655183e-05
PROFESSIONAL SOLUTIONS GROUP,2,1.784170818655183e-05
Nations Recovery Center,2,1.784170818655183e-05
Nationwide Arbitration Services LLC,2,1.784170818655183e-05
Law Firm of Karl Frankovitch,2,1.784170818655183e-05
Milby Law Offices P.A.,2,1.784170818655183e-05
"Money Matters Professional Collections, LLC",2,1.784170818655183e-05
"LegumFitzpatrick, PLC",2,1.784170818655183e-05
Jzanus Ltd.,2,1.784170818655183e-05
"MovoCash, Inc.",2,1.784170818655183e-05
"PIC Capital, Inc. dba Direct Home Lending",2,1.784170818655183e-05
Northstar Education Finance Incorporated,2,1.784170818655183e-05
"Livingston Financial, LLC",2,1.784170818655183e-05
MEMBER MORTGAGE SERVICES,2,1.784170818655183e-05
Kirkland Financial LLC,2,1.784170818655183e-05
"NJ Automotive Accounts Management Co, Inc.",2,1.784170818655183e-05
Portland Credit Inc,2,1.784170818655183e-05
"Island Portfolios Services, LLC",2,1.784170818655183e-05
"Parkstone Mortgage, LLC",2,1.784170818655183e-05
"Ladera Ranch Home Loans, Inc.",2,1.784170818655183e-05
"NDS, LLC.",2,1.784170818655183e-05
HomePlus Corporation,2,1.784170818655183e-05
Northland Healthcare Alliance,2,1.784170818655183e-05
"March Motors, Inc.",2,1.784170818655183e-05
Kadent Corporation,2,1.784170818655183e-05
"PACIFIC SOUTHWEST NOTE FUND, LLC",2,1.784170818655183e-05
"Poser Investments, Inc.",2,1.784170818655183e-05
Northland Group Inc,2,1.784170818655183e-05
Madison McDuffie Mortgage Corporation,2,1.784170818655183e-05
Loan Garden LLC,2,1.784170818655183e-05
JFK FINANCIAL INC.,2,1.784170818655183e-05
"Preferred Capital Funding of Illinois, LLC",2,1.784170818655183e-05
PINGPONG GLOBAL SOLUTIONS INC,2,1.784170818655183e-05
Northern Resolution Services,2,1.784170818655183e-05
Mid Atlantic Auto Finance,2,1.784170818655183e-05
ML Mortgage Corp.,2,1.784170818655183e-05
"NORTH HIGHLAND HOLDING COMPANY LLC, THE",2,1.784170818655183e-05
"Management Core Solutions, Inc.",2,1.784170818655183e-05
"Magnus Title Agency, LLC",2,1.784170818655183e-05
"Linden Research, Inc.",2,1.784170818655183e-05
"Hexagon Collection Services, LLC",2,1.784170818655183e-05
"JBS Finance, Inc.",2,1.784170818655183e-05
"MFG Financial, Inc.",2,1.784170818655183e-05
"J.S Resolution Group, Inc.",2,1.784170818655183e-05
R.C. Temme Corporation,2,1.784170818655183e-05
J. Scott Watson,2,1.784170818655183e-05
"Key, Greer, Harrison & Casey",2,1.784170818655183e-05
"MIDWEST EQUITY MORTGAGE, LLC",2,1.784170818655183e-05
"Michael Haynes & Associates, LLC",2,1.784170818655183e-05
"Link Revenue Resources, LLC",2,1.784170818655183e-05
"HighPoint Law Offices, LLC",2,1.784170818655183e-05
"MERFICAP, LLC",2,1.784170818655183e-05
Lafayette General Medical Center,2,1.784170818655183e-05
"Lipsey, Morrison, Waller & Lipsey, P.C.",2,1.784170818655183e-05
Keys Auto Finance Inc,2,1.784170818655183e-05
"Live Well Financial, Inc.",2,1.784170818655183e-05
"Keystone Funding, Inc.",2,1.784170818655183e-05
Quik Fund Inc.,2,1.784170818655183e-05
"Oakdale Group of Companies, LLC",2,1.784170818655183e-05
Lighthouse Acceptance Corporation,2,1.784170818655183e-05
"PEMBROKE FINANCE, INC.",2,1.784170818655183e-05
PARAMOUNT BOND & MORTGAGE CO.,2,1.784170818655183e-05
Northern Lakes Mortgage LLC,2,1.784170818655183e-05
HomeServices of Iowa,2,1.784170818655183e-05
"MarineMax East, Inc.",2,1.784170818655183e-05
"Murphy Law Office, LLC",2,1.784170818655183e-05
"Loandrone, Inc.",2,1.784170818655183e-05
"Outsource Services, Inc. d/b/a National Acceptance Company",2,1.784170818655183e-05
Levelset Collection LLC,2,1.784170818655183e-05
Mid-Atlantic Consumer Services,2,1.784170818655183e-05
"Horizon West Financial, Inc",2,1.784170818655183e-05
"Phil Watson, P.C.",2,1.784170818655183e-05
Meredian Inc,2,1.784170818655183e-05
"Kolter Financial Services, LLC",2,1.784170818655183e-05
"Lendmart, LLC",2,1.784170818655183e-05
Panhandle-Plains Student Finance Corporation,2,1.784170818655183e-05
Kompato AI Inc,2,1.784170818655183e-05
"O'Kelley & Sorohan, Attorneys at Law, LLC",2,1.784170818655183e-05
Precision Capital Mediation,2,1.784170818655183e-05
"Hospital Services, Inc.",2,1.784170818655183e-05
"MSW Capital, LLC",2,1.784170818655183e-05
House Of Finance Corp.,2,1.784170818655183e-05
"Locate Source America, LLC",2,1.784170818655183e-05
"Munar Mortgage, LLC DBA Co/LAB Lending",2,1.784170818655183e-05
Koster's Cash Loans,2,1.784170818655183e-05
Merchants Acquisition Group LLC,2,1.784170818655183e-05
"Mr. Mortgage, LLC",2,1.784170818655183e-05
"JRCM, LLC",2,1.784170818655183e-05
Loancutters Inc.,2,1.784170818655183e-05
PLEASANT VALLEY HOME MORTGAGE,2,1.784170818655183e-05
"MM Finance, LLC, Bellevue, NE Branch",2,1.784170818655183e-05
Post Oak Title,2,1.784170818655183e-05
"Homeland Financial Network, Inc.",2,1.784170818655183e-05
"Metrolina Credit Co. of Burlington, INC.",2,1.784170818655183e-05
Homestead Designation Services,2,1.784170818655183e-05
Liberal Finance Service,2,1.784170818655183e-05
"Peterson Young P.C., d/b/a  Miller Cohen Peterson Young P.C.",2,1.784170818655183e-05
"Oz Gram Investment, Inc.",2,1.784170818655183e-05
"Horizon Digital Finance Holdings, Inc",2,1.784170818655183e-05
Integra Holdings Inc.,2,1.784170818655183e-05
Nevada Mortgage,2,1.784170818655183e-05
"O'Currance, Inc.",2,1.784170818655183e-05
"MM RV JV 1, LLC",2,1.784170818655183e-05
National Background Solution,2,1.784170818655183e-05
"Powerhouse Solutions, Inc.",2,1.784170818655183e-05
"Button Finance, Inc.",1,8.920854093275916e-06
ONEGO Inc.,1,8.920854093275916e-06
"Titan Home Lending,LLC",1,8.920854093275916e-06
"Brilliance Credit, LLC",1,8.920854093275916e-06
Top Credit Consulting,1,8.920854093275916e-06
Brinkman Alliance Group,1,8.920854093275916e-06
"Title One, Inc.",1,8.920854093275916e-06
ONLINE MORTGAGE GROUP,1,8.920854093275916e-06
"MM Cooperation, Ltd Co",1,8.920854093275916e-06
"Business Starters, Inc",1,8.920854093275916e-06
"Timothy C. Runyan, P.C.",1,8.920854093275916e-06
"Burton Neil & Associates, P.C.",1,8.920854093275916e-06
"OP Group Holdings, LLC",1,8.920854093275916e-06
"Bullet Recovery, LLC.",1,8.920854093275916e-06
"MLM Investors, LLC",1,8.920854093275916e-06
"MORTGAGE BANK OF CALIFORNIA, INC.",1,8.920854093275916e-06
Time Auto Group,1,8.920854093275916e-06
"Timios, Inc.",1,8.920854093275916e-06
"Brio Management Group, LLC",1,8.920854093275916e-06
"Buckingham, Doolittle & Burroughs, LLC",1,8.920854093275916e-06
"MMMM Holdings, LLC",1,8.920854093275916e-06
"MORTGAGE EXPRESS, LLC",1,8.920854093275916e-06
Broadway Account Services,1,8.920854093275916e-06
Hewitt-Capital,1,8.920854093275916e-06
Brian Kvarfordt,1,8.920854093275916e-06
"Trusted Rate, Inc.",1,8.920854093275916e-06
Madison Avenue Associates,1,8.920854093275916e-06
Turke & Strauss LLP,1,8.920854093275916e-06
Bay Luxury Autos,1,8.920854093275916e-06
"Tunnell & Raysor, P.A.",1,8.920854093275916e-06
"Maddocks Collection Services, LLC",1,8.920854093275916e-06
"Be Money, Inc. (DBA Daylight)",1,8.920854093275916e-06
Trustpoint Lending Corporation,1,8.920854093275916e-06
"O&G Title, Inc",1,8.920854093275916e-06
MWS Financial Services LLC,1,8.920854093275916e-06
"Brian A. Blitz, P.A.",1,8.920854093275916e-06
"TrustLine Mortgage, Inc.",1,8.920854093275916e-06
Belem Servicing LLC,1,8.920854093275916e-06
Beloin & Brown LLC,1,8.920854093275916e-06
"MTGLQ Investors, L.P.",1,8.920854093275916e-06
"Bench Equity, L.L.C.",1,8.920854093275916e-06
"MTAG Services, LLC",1,8.920854093275916e-06
MTACC Inc.,1,8.920854093275916e-06
Benefit Mortgage,1,8.920854093275916e-06
Noyes Law Firm P.C.,1,8.920854093275916e-06
"Tweedy Law Office, LLC",1,8.920854093275916e-06
Twin City Motors Inc,1,8.920854093275916e-06
"Bartley & Spears, P.C.",1,8.920854093275916e-06
BR & CA Finance Corp,1,8.920854093275916e-06
Maison Capital Group Inc,1,8.920854093275916e-06
"BRAZOS HIGHER EDUCATION AUTHORITY, INC.",1,8.920854093275916e-06
UNITED ATLANTIC MORTGAGE CORP OF VIRGINIA,1,8.920854093275916e-06
"Norwest Auto Sales, Inc",1,8.920854093275916e-06
BYDcash LLC,1,8.920854093275916e-06
Main Street Personal Finance,1,8.920854093275916e-06
Bailey & Galyen,1,8.920854093275916e-06
Mahomes Capital,1,8.920854093275916e-06
Baker Recovery Services,1,8.920854093275916e-06
Balbec Capital LP,1,8.920854093275916e-06
"Barber, Kaper, Stamm, McWatters, Whitlock & Maloney, LLP",1,8.920854093275916e-06
Barham & Maucere LLC,1,8.920854093275916e-06
Mages & Price LLC,1,8.920854093275916e-06
"Barley Mortgage, LLC",1,8.920854093275916e-06
"Barrett Asset Recovery Services, LLC.",1,8.920854093275916e-06
"Two Rivers Title Company, LLC",1,8.920854093275916e-06
ODYSSEY FUNDING LLC,1,8.920854093275916e-06
"Tritium Card Services, Inc., Naples, FL Branch",1,8.920854093275916e-06
"BesTitle Agency, Inc.",1,8.920854093275916e-06
"Blue Sky Capital Realty, Inc.",1,8.920854093275916e-06
"Bluegrass Credit Corporation, Inc.",1,8.920854093275916e-06
Blueleven Capital Corporation,1,8.920854093275916e-06
"Blueprint Holding Co., Inc",1,8.920854093275916e-06
Boich Law Offices,1,8.920854093275916e-06
MORTGAGE INVESTORS CORPORATION,1,8.920854093275916e-06
Boostify Financial Solutions,1,8.920854093275916e-06
"Town & Country Mortgage Services, INC.",1,8.920854093275916e-06
"Bowen & Associates Recovery, Inc",1,8.920854093275916e-06
Boxwood Mortgage LLC,1,8.920854093275916e-06
Bragg and Associates Real Estate LLC,1,8.920854093275916e-06
"Total Loan Company, LLC",1,8.920854093275916e-06
Brandywine Professional Services,1,8.920854093275916e-06
"Branson Quick Cash, Inc.",1,8.920854093275916e-06
"Brazington Mortgage, LLC",1,8.920854093275916e-06
"Brent D. Stamps, Attorney at Law",1,8.920854093275916e-06
Brentwood Pacific Financial,1,8.920854093275916e-06
"Brewer's Quality Homes, Inc.",1,8.920854093275916e-06
Trans-Fast Remittance LLC,1,8.920854093275916e-06
Blue Printing Success Inc,1,8.920854093275916e-06
"Trio Financial Technologies, Inc. DBA Finch",1,8.920854093275916e-06
Blue Ox II LLC dba MyHRScreens,1,8.920854093275916e-06
"Trident Home Loans, LLC",1,8.920854093275916e-06
"MSK Group, Inc.",1,8.920854093275916e-06
MSA MORTGAGE LLC,1,8.920854093275916e-06
"Bierer Law Group, P.A.",1,8.920854093275916e-06
MOTORS FINANCIAL ACCEPTANCE CORPORATION,1,8.920854093275916e-06
"Bison Recovery Group, Inc.",1,8.920854093275916e-06
TriMark Financial Solutions DBA Distressed Mortgage Solutions,1,8.920854093275916e-06
Black Equity Lending LLC,1,8.920854093275916e-06
"Blackburn Law Office, LLC",1,8.920854093275916e-06
Blackburne & Sons Realty Capital Corporation,1,8.920854093275916e-06
"MORTGAGE UNLIMITED, LLC",1,8.920854093275916e-06
"Trevathan Law Firm, APLC",1,8.920854093275916e-06
"Blackstreet Mortgage Group, LLC",1,8.920854093275916e-06
"Blatt, Hasenmiller, Leibsker & Moore, LLC",1,8.920854093275916e-06
"Travelex NY, Inc.",1,8.920854093275916e-06
"MORTGAGE LINK, INC., THE",1,8.920854093275916e-06
Blue Brick Financial LLC,1,8.920854093275916e-06
MIDCOUNTRY FINANCIAL CORP,1,8.920854093275916e-06
"CIRN, INC.",1,8.920854093275916e-06
"Occupational Management Group, LLC",1,8.920854093275916e-06
"Ostarch Hilmy & McCauley, PLLC",1,8.920854093275916e-06
"Tango Delta Financial, Inc.",1,8.920854093275916e-06
"Carbucks of Delaware, Inc",1,8.920854093275916e-06
"CardarelliBridgewaterandAssociates,INC.",1,8.920854093275916e-06
"Take Charge America, Inc.",1,8.920854093275916e-06
Taggart Motor Co,1,8.920854093275916e-06
Loansteady LLC,1,8.920854093275916e-06
Tactical Mortgage LLC,1,8.920854093275916e-06
Oro Express LLC,1,8.920854093275916e-06
OttoMoto,1,8.920854093275916e-06
Logan View LLC,1,8.920854093275916e-06
Carolina's Premier Mortgage Corporation,1,8.920854093275916e-06
Loancare Auto Finance,1,8.920854093275916e-06
"TRT HOME LOANS, INC.",1,8.920854093275916e-06
TRN Financial LLC,1,8.920854093275916e-06
"TRISTATE CAPITAL HOLDINGS, INC",1,8.920854093275916e-06
"Own Up Holdings, Inc.",1,8.920854093275916e-06
TRINITY CAPITAL ADVISORS LLC,1,8.920854093275916e-06
"Case Law Firm, S.C.",1,8.920854093275916e-06
"Loebsack & Brownlee, PLLC",1,8.920854093275916e-06
Lone Star Credit Co. Inc,1,8.920854093275916e-06
TRI POINTE HOMES INC,1,8.920854093275916e-06
Capital Lending Corp.,1,8.920854093275916e-06
Cajie LLC,1,8.920854093275916e-06
CalLoan Corp,1,8.920854093275916e-06
"TexStar Escrow, LLC",1,8.920854093275916e-06
"Call A Friend Financial Services, LLC",1,8.920854093275916e-06
"Optimal Management Group, LLC",1,8.920854093275916e-06
"Capital Assessment Service Company, Inc.",1,8.920854093275916e-06
Louisiana Bureau of Credit Control Inc.,1,8.920854093275916e-06
Capital Home Advocacy Center,1,8.920854093275916e-06
"Capital M Lending, LLC",1,8.920854093275916e-06
"Car Credit Solutions, Inc.",1,8.920854093275916e-06
"Option Funding, Inc.",1,8.920854093275916e-06
Lou Harris Company,1,8.920854093275916e-06
"Capital Provider Holdings, Inc.",1,8.920854093275916e-06
Capital Realty Professional LLC,1,8.920854093275916e-06
"Taylor Law, PLLC",1,8.920854093275916e-06
Lori J. Frank PC,1,8.920854093275916e-06
Capitol Credit Company,1,8.920854093275916e-06
Car Cage Motors Inc,1,8.920854093275916e-06
CaseAdvance,1,8.920854093275916e-06
"Ozark Mountain Mortgage, LLC",1,8.920854093275916e-06
CZFC Incorporated,1,8.920854093275916e-06
Lionheart Funding LLC,1,8.920854093275916e-06
Certified Direct Solutions,1,8.920854093275916e-06
"Certified Recovery Systems, Inc.",1,8.920854093275916e-06
"PAR FINANCE, INC.",1,8.920854093275916e-06
"THOMPSON KANE & COMPANY, LLC",1,8.920854093275916e-06
"Certus Capital, LLC",1,8.920854093275916e-06
Champlin & Associates PLLC,1,8.920854093275916e-06
THE GUERRINI LAW FIRM,1,8.920854093275916e-06
"Lipsky & Associates, Inc",1,8.920854093275916e-06
Chaplain Financial Services LLC,1,8.920854093275916e-06
Centric Asset Management Inc,1,8.920854093275916e-06
Link Chain World Inc,1,8.920854093275916e-06
Check Fraud Services,1,8.920854093275916e-06
"Check Loans of South Carolina, Inc.",1,8.920854093275916e-06
TEAM USA MORTGAGE L.L.C.,1,8.920854093275916e-06
Check Recovery Group,1,8.920854093275916e-06
"Check Security Associates, LLC",1,8.920854093275916e-06
Checkpoint Screening,1,8.920854093275916e-06
Chesapeakes Services,1,8.920854093275916e-06
Centric Financial Group LLC,1,8.920854093275916e-06
Lo Inc. DBA Reliance Mortgage,1,8.920854093275916e-06
"Loanatik, L.L.C.",1,8.920854093275916e-06
"TORO COMPANY, THE",1,8.920854093275916e-06
LoanStar Home Lending,1,8.920854093275916e-06
"Loan Velocity, Inc.",1,8.920854093275916e-06
"Loan Pronto, Inc.",1,8.920854093275916e-06
"Castle Peak Mortgage, LLC",1,8.920854093275916e-06
Loan Park (Loanpark Mortgage Lending),1,8.920854093275916e-06
"Cawthorn, Deskevich & Gavin, P.c.",1,8.920854093275916e-06
TOWER MORTGAGE CORPORATION,1,8.920854093275916e-06
PACIFIC FORESIGHT FINANCIAL CORPORATION,1,8.920854093275916e-06
"Centara Capital Group, Inc.",1,8.920854093275916e-06
"TK Credit Recovery, Inc",1,8.920854093275916e-06
TOO STRONG Mortgage LLC,1,8.920854093275916e-06
"Centennial Title Agency, Inc.",1,8.920854093275916e-06
"Central Atlantic Legal Group, PLLC, t/a Booth, Strange & Daniel",1,8.920854093275916e-06
Central Kentucky Collections,1,8.920854093275916e-06
Central Land Title Guarantee Company,1,8.920854093275916e-06
TMAGNUSONE Inc,1,8.920854093275916e-06
Loan Fox Inc,1,8.920854093275916e-06
"TLD ENTERPRISES, INC",1,8.920854093275916e-06
Cade Investments LLC,1,8.920854093275916e-06
CWI INC,1,8.920854093275916e-06
"Thrifty Loans, LLC",1,8.920854093275916e-06
CFS Investments,1,8.920854093275916e-06
"The RaymondPaul Group, LLC",1,8.920854093275916e-06
"CBCS, Inc.",1,8.920854093275916e-06
The Peak Service Corp.,1,8.920854093275916e-06
"CBG Financial, LLC",1,8.920854093275916e-06
"Oliver Enterprises, Inc",1,8.920854093275916e-06
CBV Collection Services Ltd.,1,8.920854093275916e-06
CENTURY MORTGAGE COMPANY,1,8.920854093275916e-06
The Money Company,1,8.920854093275916e-06
MCCARTHY LAW PLC,1,8.920854093275916e-06
CASH IN A FLASH INC,1,8.920854093275916e-06
"CHECK COLLECTION OF AMERICA, INC.",1,8.920854093275916e-06
CHERRY CREEK MORTGAGE COMPANY INC.,1,8.920854093275916e-06
CHEXTOP of America Inc.,1,8.920854093275916e-06
"CIR, Law Offices",1,8.920854093275916e-06
CITY CREDIT CORPORATION,1,8.920854093275916e-06
MBOCAL,1,8.920854093275916e-06
"The Law Offices of Garry L. Hayes, a professional corporation",1,8.920854093275916e-06
"MBM Collections, LLC",1,8.920854093275916e-06
"MCM Holdings, Inc.",1,8.920854093275916e-06
CAROLINA FINANCIAL OF BEAUFORT INC.,1,8.920854093275916e-06
MBA Mortgage Services Inc.,1,8.920854093275916e-06
MEDALLION MORTGAGE COMPANY,1,8.920854093275916e-06
"Thrift McLemore, LLC",1,8.920854093275916e-06
"Thrash and Thrash, PLLC",1,8.920854093275916e-06
"Thomas, King & Associates",1,8.920854093275916e-06
OfferMarket,1,8.920854093275916e-06
MERCHANTS BANCORP,1,8.920854093275916e-06
Thinkwallet Loans,1,8.920854093275916e-06
"MEMBERS MORTGAGE COMPANY, INC.",1,8.920854093275916e-06
"CAB Receivables, Inc.",1,8.920854093275916e-06
"The Wilhelm Law Group, LLC",1,8.920854093275916e-06
"MCS MORTGAGE BANKERS, INC.",1,8.920854093275916e-06
ME Title Holding LLC,1,8.920854093275916e-06
"The Title Connection Of South Florida, Inc.",1,8.920854093275916e-06
"CALM, Inc.",1,8.920854093275916e-06
"CAPITAL AUTO FINANCIAL, INC.",1,8.920854093275916e-06
"Olin Berthelot & Associates, L.L.C.",1,8.920854093275916e-06
CAPITAL INTERNATIONAL FINANCIAL INC.,1,8.920854093275916e-06
"The Schutzer Group, PLLC",1,8.920854093275916e-06
"CAPITAL SOLUTIONS MANAGEMENT, INC.",1,8.920854093275916e-06
The Law Offices of Erskine and Fleisher,1,8.920854093275916e-06
"CLA Co, Inc.",1,8.920854093275916e-06
Thayer Properties Inc. DBA Residential First Capital,1,8.920854093275916e-06
OpenRoad Financial Services Inc,1,8.920854093275916e-06
"One on One Mortgage loans, inc",1,8.920854093275916e-06
"COMPASS MORTGAGE, INC.",1,8.920854093275916e-06
"CONSUMER PROTECTION ASSISTANCE COALITION, INC",1,8.920854093275916e-06
M&S Recovery Solutions,1,8.920854093275916e-06
COOPERATIVA DE AHORRO Y CREDITO HATILLO,1,8.920854093275916e-06
The Car Network llc,1,8.920854093275916e-06
COOPERATIVA DE AHORRO Y CREDITO ROOSEVELT ROADS,1,8.920854093275916e-06
"CORNERSTONE MORTGAGE, INC.",1,8.920854093275916e-06
CORPORATE INVESTORS MORTGAGE,1,8.920854093275916e-06
"MACOY CAPITAL PARTNERS, INC.",1,8.920854093275916e-06
"CR-MPM, LLC dba Don Carro",1,8.920854093275916e-06
Oplis Financial LLC,1,8.920854093275916e-06
CREDIT CARD MANAGEMENT SERVICES INC,1,8.920854093275916e-06
The Avon Group dba Wyn Financial,1,8.920854093275916e-06
CSI Mortgage Corporation,1,8.920854093275916e-06
CURevl LLC,1,8.920854093275916e-06
"The Affiliated Group, Inc",1,8.920854093275916e-06
"CUSO Development Company, LLC",1,8.920854093275916e-06
"MAC5 Mortgage, Inc.",1,8.920854093275916e-06
The Credit Laboratory,1,8.920854093275916e-06
CLS Mortgage Inc.,1,8.920854093275916e-06
The Law Firm of Allan C. Smith,1,8.920854093275916e-06
"CLuisMortgages, LLC",1,8.920854093275916e-06
"The Law Office of Peter S. Lake, P. C.",1,8.920854093275916e-06
CMB FINANCIAL SERVICES INC,1,8.920854093275916e-06
"The Law Office of Heather Cullen, A Professional Corporation",1,8.920854093275916e-06
The Law Office of Ginger Crosby Zuravel,1,8.920854093275916e-06
"CMCO Mortgage, LLC",1,8.920854093275916e-06
"MARVELOANS, LLC",1,8.920854093275916e-06
Omni Investments Inc.,1,8.920854093275916e-06
"CNC MORTGAGE, LLC",1,8.920854093275916e-06
"The Day Law Firm, LLC.",1,8.920854093275916e-06
CNY Management Group Inc,1,8.920854093275916e-06
COAST 2 COAST FUNDING GROUP,1,8.920854093275916e-06
"COAST 2 COAST LENDERS, LLC",1,8.920854093275916e-06
"The Green Law Firm, PC",1,8.920854093275916e-06
The Gentry Law Office LLC,1,8.920854093275916e-06
"COLLECTION AGENCY OF THE HIGH COUNTRY,INC",1,8.920854093275916e-06
"COLLECTRON, INC.",1,8.920854093275916e-06
"On The Barrelhead, LLC",1,8.920854093275916e-06
BOVA Financial Group LLC,1,8.920854093275916e-06
Atlantic Mortgage Direct LLC,1,8.920854093275916e-06
"BON TERRE CREDIT, LLC",1,8.920854093275916e-06
APEX HOME LOANS,1,8.920854093275916e-06
Wexford & James LLC,1,8.920854093275916e-06
"Wetlands Holdings, Inc.",1,8.920854093275916e-06
"Mortgage Expert, Inc. dba The Mortgage Expert",1,8.920854093275916e-06
Mortgage Corp. of the East - III,1,8.920854093275916e-06
AMRON PROFESSIONAL SERVICES,1,8.920854093275916e-06
ANDERSON FINANCIAL GROUP,1,8.920854093275916e-06
National Payment Solutions of New York LLC,1,8.920854093275916e-06
"ANI International, Inc",1,8.920854093275916e-06
"National Principal Group, LLC",1,8.920854093275916e-06
APO LLC,1,8.920854093275916e-06
"Wheeler Law Firm, PLLC",1,8.920854093275916e-06
"AR1 MORTGAGES, INC",1,8.920854093275916e-06
"Western Credit & Collection Service, Inc.",1,8.920854093275916e-06
"Western Collection Bureau, Inc.",1,8.920854093275916e-06
Mortgage Banking Associates Inc,1,8.920854093275916e-06
National Recovery Services LLC,1,8.920854093275916e-06
Moran Financial Group LLC,1,8.920854093275916e-06
ASSOCIATED MORTGAGE CORP,1,8.920854093275916e-06
"West Penn Financial Service Center, Inc.",1,8.920854093275916e-06
"National Settlement Services, Inc",1,8.920854093275916e-06
"Mortgage Express, Inc.",1,8.920854093275916e-06
"Mortgage Lender Services, Inc.",1,8.920854093275916e-06
BLUE WHALE LENDING L.L.C.,1,8.920854093275916e-06
William Lyon Mortgage LLC,1,8.920854093275916e-06
"AMERICA'S LOAN COMPANY, LLC",1,8.920854093275916e-06
"Williamson and Brown, LLC",1,8.920854093275916e-06
"National Creditors Connection, Inc",1,8.920854093275916e-06
AMERICAN EQUITY MORTGAGE,1,8.920854093275916e-06
"Williams Law Office, PC",1,8.920854093275916e-06
AMERICAN FAMILY FUNDING GROUP Inc.,1,8.920854093275916e-06
Williams & Rivera Litigation Group LLC,1,8.920854093275916e-06
AMERICAN FEDERAL MORTGAGE CORPORATION,1,8.920854093275916e-06
National Debt Group of NY,1,8.920854093275916e-06
William Lavender dba Credit Restoration Services,1,8.920854093275916e-06
AMERITRUST MORTGAGE CORPORATION,1,8.920854093275916e-06
"William A. Hecht, P.C.",1,8.920854093275916e-06
Wilkie Puchi L.L.P.,1,8.920854093275916e-06
Wilhite and Associates Law Firm,1,8.920854093275916e-06
"Mortgage Professionals, Inc.",1,8.920854093275916e-06
AMERICASH,1,8.920854093275916e-06
"Wiicar U.S., LLC",1,8.920854093275916e-06
"Mortgage One Solutions, Inc.",1,8.920854093275916e-06
"Whitewater Recovery Solutions, LLC",1,8.920854093275916e-06
"AMERIPRO FUNDING, INC.",1,8.920854093275916e-06
"West Michigan Mortgage, LLC",1,8.920854093275916e-06
AT&T,1,8.920854093275916e-06
West Forest Capital II LLC,1,8.920854093275916e-06
"Walentine O’Toole, LLP",1,8.920854093275916e-06
Mission Asset Fund,1,8.920854093275916e-06
Watanabe Ing LLP,1,8.920854093275916e-06
Accredited Business Solutions LLC,1,8.920854093275916e-06
Accurate Financial Partners,1,8.920854093275916e-06
"Nationwide T & L Holdings, LLC",1,8.920854093275916e-06
"Wallick & Associates, Ltd",1,8.920854093275916e-06
"Action One Mortgage Banker, LLC",1,8.920854093275916e-06
Wallace Consulting and Investment Corp,1,8.920854093275916e-06
"Wall Financial, Inc.",1,8.920854093275916e-06
Action Rent To Own,1,8.920854093275916e-06
Monogram LLC,1,8.920854093275916e-06
Mills Escrow Company,1,8.920854093275916e-06
"Adam I. Skolnik, P.A. d/b/a Law Office of Adam I. Skolnik, P.A.",1,8.920854093275916e-06
"Admiral Holdings, LLC",1,8.920854093275916e-06
Navigant Cymetrix Healthcare,1,8.920854093275916e-06
Neb-Tex of Dalhart LLC,1,8.920854093275916e-06
Miller Harrison LLC,1,8.920854093275916e-06
"Miller George and Suggs, PLLC",1,8.920854093275916e-06
"Millennium Mortgage Group, LLC",1,8.920854093275916e-06
"Advanced Loan Systems, LLC.",1,8.920854093275916e-06
"Account Recovery Service, Inc. (WI)",1,8.920854093275916e-06
"Account Recovery Company, Inc.",1,8.920854093275916e-06
"Mitchell Rubenstein & Associates, P.C.",1,8.920854093275916e-06
Mohsin Mortgage Corp.,1,8.920854093275916e-06
West Coast Mortgage Associates,1,8.920854093275916e-06
Moneydart Global Services Inc.,1,8.920854093275916e-06
Money Tree Cash House llc,1,8.920854093275916e-06
ATM OPS Inc,1,8.920854093275916e-06
Wertjes Atkission Law PS,1,8.920854093275916e-06
"Welts, White & Fontaine, P.C.",1,8.920854093275916e-06
"Money Transfer Systems, Inc.",1,8.920854093275916e-06
"AZ Home Loans, LLC",1,8.920854093275916e-06
"Welcome Tech, Inc.",1,8.920854093275916e-06
Welcome Home Finance,1,8.920854093275916e-06
Academy Mortgage Corporation (NY),1,8.920854093275916e-06
"Nationwide Biweekly Administration, Inc.",1,8.920854093275916e-06
Monex Inc.,1,8.920854093275916e-06
Momkus LLP,1,8.920854093275916e-06
"Acceptance Rentals, Inc.",1,8.920854093275916e-06
"Access Auto Group, Inc.",1,8.920854093275916e-06
"We Find Everyone, Inc.",1,8.920854093275916e-06
Nationwide Financial Group,1,8.920854093275916e-06
Molinar LLC dba El Patron Title Loans,1,8.920854093275916e-06
Mother Lode Holding Company,1,8.920854093275916e-06
"MotoRefi, Inc.",1,8.920854093275916e-06
Wilson Law. LLC,1,8.920854093275916e-06
"A-M-S Mortgage Services, Inc.",1,8.920854093275916e-06
77 Elite,1,8.920854093275916e-06
"Zero Parallel, LLC",1,8.920854093275916e-06
9 Dots Lending LLC,1,8.920854093275916e-06
NORTH AMERICAN FINANCIAL CORP,1,8.920854093275916e-06
NOBLE HOME LOANS INC,1,8.920854093275916e-06
NEIGHBORHOOD ECONOMIC DEVELOPMENT CORPORATION (NEDCO),1,8.920854093275916e-06
A Credits Works,1,8.920854093275916e-06
"Zealandia Holding Company, Inc.",1,8.920854093275916e-06
A P Auto Finance Inc,1,8.920854093275916e-06
"A.L. Babbs and Associates, LLC",1,8.920854093275916e-06
ABC First Inc,1,8.920854093275916e-06
A.R.C. Accounts Recovery (U.S.A.) Corporation LLC,1,8.920854093275916e-06
A1 Lending Team LLC,1,8.920854093275916e-06
A1 Solutions Group Inc,1,8.920854093275916e-06
AAA  LENDERS INC.,1,8.920854093275916e-06
"AAA CAPITAL INVESTMENT, INC.",1,8.920854093275916e-06
"ZENCO COLLECTION, LLC",1,8.920854093275916e-06
"AAA Credit Bureau, Inc.",1,8.920854093275916e-06
"Your Favorite Lenders, Inc",1,8.920854093275916e-06
"Young America Holdings, LLC",1,8.920854093275916e-06
4 RE Services llc,1,8.920854093275916e-06
"Zillow Group Marketplace, Inc.",1,8.920854093275916e-06
Nathan A Schwartz PA,1,8.920854093275916e-06
"30 Day Credit Pros, LLC",1,8.920854093275916e-06
NPS GROUP,1,8.920854093275916e-06
snw investments,1,8.920854093275916e-06
NOVAE LLC,1,8.920854093275916e-06
onDemand Lending Inc.,1,8.920854093275916e-06
"iReverse Home Loans, Corporation",1,8.920854093275916e-06
1 Stop Payday Loan Services LLC,1,8.920854093275916e-06
iHome Financial Inc.,1,8.920854093275916e-06
"iCore Lending, Inc.",1,8.920854093275916e-06
NORTHWAY BROKER LTD.,1,8.920854093275916e-06
1ST 2ND MORTGAGE CO. OF NJ INC,1,8.920854093275916e-06
"1ST CHOICE LOANS, LLC.",1,8.920854093275916e-06
"1ST IBERIA CREDIT, INC.",1,8.920854093275916e-06
1ST PREFERENCE MORTGAGE CORP,1,8.920854093275916e-06
cottman check cashing l.p.,1,8.920854093275916e-06
NORTHSTAR FUNDING INC,1,8.920854093275916e-06
"1st Capital Finance of South Carolina, Inc.",1,8.920854093275916e-06
1st Florida Lending CORP,1,8.920854093275916e-06
"NORTHPOINT MORTGAGE, INC.",1,8.920854093275916e-06
24/7 MORTGAGE CORPORATION,1,8.920854093275916e-06
National Arbitration Forum,1,8.920854093275916e-06
"National Asset Direct, Inc.",1,8.920854093275916e-06
"Wilson Salamoff, LLP",1,8.920854093275916e-06
Mungo Financial Group,1,8.920854093275916e-06
"Mythe Huff & Murphy, PC",1,8.920854093275916e-06
"World Recovery Service, LLC",1,8.920854093275916e-06
MyScore LLC,1,8.920854093275916e-06
AIM Financial LLC,1,8.920854093275916e-06
"AIV FINANCIAL GROUP, LLC",1,8.920854093275916e-06
AJM Consultants LLC,1,8.920854093275916e-06
Working Solutions CDFI,1,8.920854093275916e-06
"AK Bell, Inc.",1,8.920854093275916e-06
Wolfe Jones Wolfe Hancock Daniel & South LLC,1,8.920854093275916e-06
"Wolcott Rivers Gates, PC",1,8.920854093275916e-06
"Yardstik, Inc.",1,8.920854093275916e-06
Witkes Law Firm LLC,1,8.920854093275916e-06
"Multi-Financial Services, Inc.",1,8.920854093275916e-06
Winton Law,1,8.920854093275916e-06
ALLIED NATIONAL INC,1,8.920854093275916e-06
ALLOCATED BUSINESS MANAGEMENT LLC,1,8.920854093275916e-06
"Moxley & Associates, LLC",1,8.920854093275916e-06
National Credit Managers Association,1,8.920854093275916e-06
National Credit Processing Inc.,1,8.920854093275916e-06
"Wilson, Riley & Associates",1,8.920854093275916e-06
N A NATIONWIDE MORTGAGE,1,8.920854093275916e-06
"AFM Financial Services, LLC",1,8.920854093275916e-06
"AFI Loan Servicing, LLC",1,8.920854093275916e-06
"Wright, Finlay & Zak, LLP",1,8.920854093275916e-06
"ACE LENDING GROUP, LLC",1,8.920854093275916e-06
ACE Midland Holdings,1,8.920854093275916e-06
ACG FUNDING INC,1,8.920854093275916e-06
"YREFY SLP5, LLC",1,8.920854093275916e-06
"YKS Acceptance, Inc.",1,8.920854093275916e-06
AD Capital LLC,1,8.920854093275916e-06
ADA Brown LLC dba Star of Texas Financial Solutions,1,8.920854093275916e-06
ADVANCED COLLECTION SOLUTIONS LLC,1,8.920854093275916e-06
National Asset processing LLC,1,8.920854093275916e-06
Xperia Credit Solutions,1,8.920854093275916e-06
"Xapo, Inc.",1,8.920854093275916e-06
"XPRESS CREDIT MANAGEMENT, LLC",1,8.920854093275916e-06
NCR Financial Services Inc,1,8.920854093275916e-06
XANDER MORTGAGE & REAL ESTATE INC,1,8.920854093275916e-06
X5 Home Loans LLC,1,8.920854093275916e-06
AFC Recovery LLC,1,8.920854093275916e-06
NCMI Corporation,1,8.920854093275916e-06
"Wyatt Johnson Automotive Group Holdings, LLC",1,8.920854093275916e-06
AFFORDABLE MORTGAGE ADVISORS LLC,1,8.920854093275916e-06
WINCHESTER SELLERS FOSTER & STEELE PC,1,8.920854093275916e-06
Neighhood Housing Services of Chicago Inc,1,8.920854093275916e-06
Neil Huffman Automobiles Inc.,1,8.920854093275916e-06
Aspire Mortgage Advisors LLC,1,8.920854093275916e-06
Mastercars Auto Group,1,8.920854093275916e-06
United Student Loan Assistance Center,1,8.920854093275916e-06
Armstrong Teasdale LLP,1,8.920854093275916e-06
"United Services Veterans Mortgage, LLC",1,8.920854093275916e-06
North Main Motors Inc.,1,8.920854093275916e-06
North Prime Lending Inc,1,8.920854093275916e-06
"Ashfield Management Services Inc,",1,8.920854093275916e-06
United Recovery Solutions,1,8.920854093275916e-06
Ashner Group Inc,1,8.920854093275916e-06
"Asset Acquisition Group, LLC",1,8.920854093275916e-06
NorthStar Technologies,1,8.920854093275916e-06
"Asset Law Group, P.C.",1,8.920854093275916e-06
Marquee Funding Group Inc.,1,8.920854093275916e-06
"Asset Management Professionals, LLC",1,8.920854093275916e-06
"Marlin Mortgage Holdings, LLC",1,8.920854093275916e-06
"Assets Recovered, LLC",1,8.920854093275916e-06
"Associated Management Services, Inc..",1,8.920854093275916e-06
"NorthStar Settlement Services, LLC",1,8.920854093275916e-06
Associates International Holdings Corporation,1,8.920854093275916e-06
Assure Home Mortgage LLC,1,8.920854093275916e-06
Ark Auto Solutions,1,8.920854093275916e-06
Aries Loans Inc,1,8.920854093275916e-06
"Mathes Management Enterprises, Inc.",1,8.920854093275916e-06
Universal Commercial Capital. Inc,1,8.920854093275916e-06
"Nolensville Road Auto Mart, Inc.",1,8.920854093275916e-06
"Utah Loan Servicing, LLC",1,8.920854093275916e-06
"Anchor Home Mortgage, Inc.",1,8.920854093275916e-06
"Anchor Loans, Inc.",1,8.920854093275916e-06
"Anchor Mortgage, LLC",1,8.920854093275916e-06
"NorAm Capital Holdings, Inc.",1,8.920854093275916e-06
"Andrea Visgilio-McGrath, LLC",1,8.920854093275916e-06
"McManamy, McLeod, Heller, LLC",1,8.920854093275916e-06
Andy Bowers & Associates LLC,1,8.920854093275916e-06
Normandy Corporation,1,8.920854093275916e-06
"McCullough Payne & Haan, LLC",1,8.920854093275916e-06
Appalachian Lending Corporation,1,8.920854093275916e-06
"Maxim Lending, Corp",1,8.920854093275916e-06
"Apple Auto Sales, Inc.",1,8.920854093275916e-06
Approve Lending Holdings LLC,1,8.920854093275916e-06
Approved Mortgage Corporation,1,8.920854093275916e-06
"North Colony Law Group, PC",1,8.920854093275916e-06
"Universal Finance, Inc.",1,8.920854093275916e-06
Arcstone Financial Inc.,1,8.920854093275916e-06
"Aswad & Ingraham, LLP",1,8.920854093275916e-06
Atchison Account Management,1,8.920854093275916e-06
Amplicon LLC,1,8.920854093275916e-06
Northwest Acceptance Corp. Inc.,1,8.920854093275916e-06
"B Walters CO., LLC",1,8.920854093275916e-06
"B and F Capital, DBA    H and H Legal Support Services,    DBA Paid in Cash",1,8.920854093275916e-06
B-LO LLC,1,8.920854093275916e-06
BAKER GOVERN & BAKER INC,1,8.920854093275916e-06
US Mortgage Resolution LLC,1,8.920854093275916e-06
Malik J Hall Inc,1,8.920854093275916e-06
"Malcolm S. Gerald and Associates, Inc.",1,8.920854093275916e-06
"US Best Credit Solutions, Inc.",1,8.920854093275916e-06
"US Assets, LLC",1,8.920854093275916e-06
"Northwest Contract Collections, Inc.",1,8.920854093275916e-06
Choice Payment Services,1,8.920854093275916e-06
"BCAF, Inc",1,8.920854093275916e-06
BCB Investments LLC,1,8.920854093275916e-06
Northwest Title Company,1,8.920854093275916e-06
BEXIL AMERICAN MORTGAGE INC.,1,8.920854093275916e-06
BFS Capital Inc.,1,8.920854093275916e-06
BIRK CORPORATION,1,8.920854093275916e-06
Make A Way Worldwide,1,8.920854093275916e-06
"BLACK HILLS CHILDREN'S RANCH, INC.",1,8.920854093275916e-06
BLACK MANN & GRAHAM LLP,1,8.920854093275916e-06
Northrim Capital Investments Co.,1,8.920854093275916e-06
Avanta Recovery Services,1,8.920854093275916e-06
UTAHCASHLOANS LLC,1,8.920854093275916e-06
Ultimate Analysis Billing,1,8.920854093275916e-06
Market Place Mortgage Corp.,1,8.920854093275916e-06
"Atlas Exploration, Inc.",1,8.920854093275916e-06
"Atlas Medical Collection, Inc.",1,8.920854093275916e-06
Northeast Collection Bureau,1,8.920854093275916e-06
Auction Credit Enterprise,1,8.920854093275916e-06
Audubon Holdings Group,1,8.920854093275916e-06
Audubon Solutions LLC DBA Titan Portfolio Management Group,1,8.920854093275916e-06
"Augusta Financial, Inc.",1,8.920854093275916e-06
"Unitas Lending, LLC",1,8.920854093275916e-06
"Market Mortgage Company, LTD",1,8.920854093275916e-06
Auto Acceptance Finance LLC,1,8.920854093275916e-06
Northeast Resolutions Inc,1,8.920854093275916e-06
"Auto Masters, LLC",1,8.920854093275916e-06
"Union Home Loan, Inc.",1,8.920854093275916e-06
"Mark Sank & Associates, LLC",1,8.920854093275916e-06
"Unified Mortgage Service, Inc.",1,8.920854093275916e-06
Unified Global Group,1,8.920854093275916e-06
"Manor Resources, LLC",1,8.920854093275916e-06
"Unchained Capital, Inc.",1,8.920854093275916e-06
"Anchor Financial Mortgage, Inc.",1,8.920854093275916e-06
"Amos & Muffoletto, LLC",1,8.920854093275916e-06
Midwest Recovery Ltd,1,8.920854093275916e-06
Vion Holdco I LLC,1,8.920854093275916e-06
"All American Title Co., Inc",1,8.920854093275916e-06
"All Area Abstract, LLC",1,8.920854093275916e-06
Vivix Credit Solutions,1,8.920854093275916e-06
"All Reverse Mortgage, Inc.",1,8.920854093275916e-06
"Vitek Real Estate Industries Group, Inc.",1,8.920854093275916e-06
"Mid-Continent Funding, Inc.",1,8.920854093275916e-06
"Vision Mortgage Company, Ltd.",1,8.920854093275916e-06
"Mid-Atlantic Portfolios, LLC",1,8.920854093275916e-06
"Michigan Legal Specialists, P.C.",1,8.920854093275916e-06
Michigan First Title Agency,1,8.920854093275916e-06
New Silver Lending LLC,1,8.920854093275916e-06
Michelle A. Arace dbaThe Law Firm of Michelle A. Arace,1,8.920854093275916e-06
Allure Retention Solutions,1,8.920854093275916e-06
Victory Realty at the Greene LLC,1,8.920854093275916e-06
New Light Marketing Inc,1,8.920854093275916e-06
AltCap,1,8.920854093275916e-06
Alternative Resource Services Inc,1,8.920854093275916e-06
Aluria Financial Holding LLC,1,8.920854093275916e-06
AmRes Corporation,1,8.920854093275916e-06
"America Trust Funding-Mortgage, Bankers LLC",1,8.920854093275916e-06
Mid-Michigan Collection Bureau,1,8.920854093275916e-06
Neuhauser Law PLLC,1,8.920854093275916e-06
"Middlesex Health Resources, Inc",1,8.920854093275916e-06
"Midstate Finance Company, Inc.",1,8.920854093275916e-06
WESTERN OHIO MORTGAGE,1,8.920854093275916e-06
WESTERN MASS CREDIT CORP.,1,8.920854093275916e-06
Midwest Municipal Services dba CredStar Revenue Solutions,1,8.920854093275916e-06
"WEST ASSET MANAGEMENT, INC.",1,8.920854093275916e-06
Aerostar Finance Inc.,1,8.920854093275916e-06
"Affiliated Collection Service of Florida, Inc",1,8.920854093275916e-06
"Affiliated Creditors, Inc.",1,8.920854093275916e-06
"Affordable Auto Finance, Inc",1,8.920854093275916e-06
Affordable Financial Solutions,1,8.920854093275916e-06
"Agora Data, Inc.",1,8.920854093275916e-06
"Nelson, Watson & Associates, LLC",1,8.920854093275916e-06
Nemovi Law Group,1,8.920854093275916e-06
Aiden & Bodley  Enterprise,1,8.920854093275916e-06
Aidenbaum Schloff and Bloom PLLC,1,8.920854093275916e-06
WALTON FUNDING LLC,1,8.920854093275916e-06
Airport Finance,1,8.920854093275916e-06
"Alantic Personnel & Tenant Screening, Inc",1,8.920854093275916e-06
"Alaska Cascade Financial Services, Inc.",1,8.920854093275916e-06
Midway Resolution Services LLC,1,8.920854093275916e-06
Verified Acquisition Company LLC,1,8.920854093275916e-06
New Start Capital,1,8.920854093275916e-06
"MedPlan Credit, LLC",1,8.920854093275916e-06
"Medical Delinquency Management, Inc",1,8.920854093275916e-06
"American Home Funding, Inc.",1,8.920854093275916e-06
American Mediation,1,8.920854093275916e-06
American Mortgage Inc.,1,8.920854093275916e-06
American Mortgage Investment Partners Fund I Trust,1,8.920854093275916e-06
"VStar Financial, LLC",1,8.920854093275916e-06
"VNU Group, LLC",1,8.920854093275916e-06
"Mel S. Harris and Associates, LLC",1,8.920854093275916e-06
Medisys Ventures,1,8.920854093275916e-06
"Niagara Capital Associates, Inc.",1,8.920854093275916e-06
"American Settlement Funding, LLC",1,8.920854093275916e-06
"America's Mortgage Center, LTD.",1,8.920854093275916e-06
American Student Loan Advocates,1,8.920854093275916e-06
American Title Managers LLC,1,8.920854093275916e-06
VIAL FOTHERINGHAM,1,8.920854093275916e-06
Medical Debt Management,1,8.920854093275916e-06
"Americas Mortgage Professionals, LLC",1,8.920854093275916e-06
"Amerifinance, Inc.",1,8.920854093275916e-06
"MedRecovery Solutions, LLC",1,8.920854093275916e-06
Amerivest Mortgages,1,8.920854093275916e-06
"VANDERHEYDEN LAW OFFICE, P.A.",1,8.920854093275916e-06
"American Financial Mortgage Services, Inc.",1,8.920854093275916e-06
"American Fidelity Mortgage Services, Inc.",1,8.920854093275916e-06
Valorem Lending LLC,1,8.920854093275916e-06
Nexgen Services Inc,1,8.920854093275916e-06
"America's Mortgage Lender, L.L.C.",1,8.920854093275916e-06
Venture Auto Finance,1,8.920854093275916e-06
"America's Secure Home Loans, Inc.",1,8.920854093275916e-06
"American 1st Rate Mortgage, LLC",1,8.920854093275916e-06
"Mezzetti Financial Services, Inc.",1,8.920854093275916e-06
American Billing & Collection,1,8.920854093275916e-06
Vela US Holdco. Inc.,1,8.920854093275916e-06
NewFed Mortgage Corp,1,8.920854093275916e-06
Newby Sartip & Masel LLC,1,8.920854093275916e-06
Varolii Corporation,1,8.920854093275916e-06
American Coast Mortgage Corporation,1,8.920854093275916e-06
"Newland Mortgage, Inc.",1,8.920854093275916e-06
Newman & Lickstein,1,8.920854093275916e-06
"American Credit Exchange, Inc",1,8.920854093275916e-06
"Meta Platforms, Inc",1,8.920854093275916e-06
VanKeef Financial LLC,1,8.920854093275916e-06
Meridian Title  Corporation,1,8.920854093275916e-06
Van Patten Mortgage Group,1,8.920854093275916e-06
"Meridian Capital Management, LLC",1,8.920854093275916e-06
Chester County Auto Finance Inc,1,8.920854093275916e-06
Summit Consumer Group,1,8.920854093275916e-06
"Chowder, Inc.",1,8.920854093275916e-06
"Firsel Law Group, Ltd.",1,8.920854093275916e-06
"Financial Aid Network, LLC",1,8.920854093275916e-06
J D FACTORS LLC,1,8.920854093275916e-06
"J & K Financial Services, LLC",1,8.920854093275916e-06
Island Mortgage Source Inc,1,8.920854093275916e-06
Rockwallet LLC,1,8.920854093275916e-06
"Rockport Holdings, LLC",1,8.920854093275916e-06
Rockdale Capital Management,1,8.920854093275916e-06
Fintology Technologies,1,8.920854093275916e-06
Posh RE Mortgage corporation,1,8.920854093275916e-06
"Isanthes, LLC",1,8.920854093275916e-06
Romano Parker & Associates,1,8.920854093275916e-06
First Capital Recovery Inc.,1,8.920854093275916e-06
First Choice Credit Management,1,8.920854093275916e-06
"First Choice Lending Group, LP",1,8.920854093275916e-06
Iron Capital Group,1,8.920854093275916e-06
Potomac Trust Mortgage Company LLC,1,8.920854093275916e-06
Investment Evolution Corporation,1,8.920854093275916e-06
Robert Morgan Group Inc,1,8.920854093275916e-06
"PreFi, LLC",1,8.920854093275916e-06
"Precise Home Loans, LLC",1,8.920854093275916e-06
"J&D Recovery, Inc.",1,8.920854093275916e-06
"J&H Systems, LLC",1,8.920854093275916e-06
First Equity Mortgage Group LLC,1,8.920854093275916e-06
"Featured Mediation, LLC",1,8.920854093275916e-06
JGB Management Inc.,1,8.920854093275916e-06
"Fair Resolutions, Inc.",1,8.920854093275916e-06
Podium Mortgage Capital LLC,1,8.920854093275916e-06
Fairway Consumer Discount Company,1,8.920854093275916e-06
"Pohler and Associates, LLC",1,8.920854093275916e-06
"Family Financial Care, Inc.",1,8.920854093275916e-06
"Family Mortgage, Inc",1,8.920854093275916e-06
JBrucker Advisors,1,8.920854093275916e-06
Fast Track Servicing,1,8.920854093275916e-06
Federal First Lending LLC,1,8.920854093275916e-06
Fidelity Home Group Corp.,1,8.920854093275916e-06
Rothberg Logan & Warsco LLP,1,8.920854093275916e-06
Federal Trade Commission,1,8.920854093275916e-06
JB Motors LLC,1,8.920854093275916e-06
Ross Financial Recovery Group,1,8.920854093275916e-06
"JAMS-01, Inc",1,8.920854093275916e-06
"JACKSON & McPHERSON, LLC",1,8.920854093275916e-06
"Rosen Legal, LLC",1,8.920854093275916e-06
"J. J. WALKER & ASSOCIATES, LLC",1,8.920854093275916e-06
Fidelity First Real Estate and Mortgage Inc,1,8.920854093275916e-06
Robert E. Lee Attorney At Law,1,8.920854093275916e-06
"First Financial Credit, Inc",1,8.920854093275916e-06
"Retailers' Credit Association of Grass Valley, Inc.",1,8.920854093275916e-06
Fowler Bell PLLC,1,8.920854093275916e-06
"Rhame, Elwood & McClure PC",1,8.920854093275916e-06
Intercounty Mortgage Network Corp.,1,8.920854093275916e-06
Forthright Funding Corporation,1,8.920854093275916e-06
Inter-America Finance Corp.,1,8.920854093275916e-06
"Reverse Mortgages.com, Inc.",1,8.920854093275916e-06
"Intelty, Inc",1,8.920854093275916e-06
Integrity Property Financial Services LLC,1,8.920854093275916e-06
Revenue Recovery Systems,1,8.920854093275916e-06
"Integrity Asset Partners, Ltd.",1,8.920854093275916e-06
Premium Security Inc.,1,8.920854093275916e-06
Focus Point INC,1,8.920854093275916e-06
Francois Capital LLC,1,8.920854093275916e-06
Integrity Acquisitions Group,1,8.920854093275916e-06
"Franklinton Pre-Owned, Inc.",1,8.920854093275916e-06
Revela Inc,1,8.920854093275916e-06
"Instant Loans, Inc",1,8.920854093275916e-06
Fred Fincher Motors,1,8.920854093275916e-06
"Free Debt USA, Inc",1,8.920854093275916e-06
"Presto Mas, Inc.",1,8.920854093275916e-06
Preston Clark & Quinn,1,8.920854093275916e-06
"Foothills Mortgage Group, LLC",1,8.920854093275916e-06
"Premier Lending, Inc.",1,8.920854093275916e-06
"First Financial of Columbia, Inc",1,8.920854093275916e-06
First Sun Financial Inc,1,8.920854093275916e-06
"First Florida Financial, Inc.",1,8.920854093275916e-06
"Predian Financial Services, LLC",1,8.920854093275916e-06
"First Peachtree Finance, Inc.",1,8.920854093275916e-06
"First Premier Mortgage Lending, LLC",1,8.920854093275916e-06
"Inverterra Holdings, LLC",1,8.920854093275916e-06
"First Step Group, LLC",1,8.920854093275916e-06
Ripple Labs Inc.,1,8.920854093275916e-06
Right Step Mortgage LLC,1,8.920854093275916e-06
"Right Key Mortgage, LLC",1,8.920854093275916e-06
"First Title & Escrow, Inc",1,8.920854093275916e-06
"Flyhomes Mortgage, LLC",1,8.920854093275916e-06
International Credit Inc,1,8.920854093275916e-06
"FlexPoint, Inc.",1,8.920854093275916e-06
FloatMe Corp.,1,8.920854093275916e-06
"Richard J. Knapp & Associates, P.C.",1,8.920854093275916e-06
Florida Coastal Closing & Escrow LLC,1,8.920854093275916e-06
"Richard B. Maner, P. C.",1,8.920854093275916e-06
International Collection Agency & Service Inc.,1,8.920854093275916e-06
Florida Recovery Credit Services Corp,1,8.920854093275916e-06
Ricardo A. Gonzalez dba Performance Elite Lending,1,8.920854093275916e-06
JMEN Capital Group Ltd,1,8.920854093275916e-06
FYM Capital LLC,1,8.920854093275916e-06
"Russell Collection Agency, Inc",1,8.920854093275916e-06
"SIRY INC., DBA SIRY AUTO GROUP",1,8.920854093275916e-06
"Jones & Walden, LLC",1,8.920854093275916e-06
"Equity National Title and Closing Services, Inc.",1,8.920854093275916e-06
"SML Capital, Inc.",1,8.920854093275916e-06
John C. Compton PC,1,8.920854093275916e-06
"SM Law, PC",1,8.920854093275916e-06
"Pine Belt Credit, LLC",1,8.920854093275916e-06
Escrow of the West,1,8.920854093275916e-06
SKYRIDGE LENDING LLC,1,8.920854093275916e-06
"SKO Brenner American, Inc.",1,8.920854093275916e-06
"Esler And Lindie, P.A.",1,8.920854093275916e-06
Phoenix mortgage specialist inc.,1,8.920854093275916e-06
Evans & Green LLP,1,8.920854093275916e-06
"Evans, Simpson and Associates, Inc.",1,8.920854093275916e-06
Evelyn Financial Services,1,8.920854093275916e-06
"Even Responsible Finance, Inc.",1,8.920854093275916e-06
"Evergreen Acquistions, LLC",1,8.920854093275916e-06
"SIERRA LENDING GROUP, LLC",1,8.920854093275916e-06
SIBCY CLINE MORTGAGE SERVICE,1,8.920854093275916e-06
"Evesham Mortgage, LLC",1,8.920854093275916e-06
"SHAZAM, INC./IOWA TRANSFER SYSTEM, INC. (ITS)",1,8.920854093275916e-06
"Equity 4 U, Inc.",1,8.920854093275916e-06
"Equihome Mortgage, LLC",1,8.920854093275916e-06
"FX Quick Cash, LLC",1,8.920854093275916e-06
Endpoint Resolution Services (ERS),1,8.920854093275916e-06
"Phelan Hallinan Diamond & Jones, PLLC",1,8.920854093275916e-06
Empire Realty Inc. DBA US Funding Co.,1,8.920854093275916e-06
Empire West Mortgage Lending PLLC,1,8.920854093275916e-06
Encompass Mortgage Services Inc.,1,8.920854093275916e-06
"STAT Financial, Inc.",1,8.920854093275916e-06
"STARK & STARK, P.C.",1,8.920854093275916e-06
STARBOARD FINANCIAL MANAGEMENT,1,8.920854093275916e-06
Encompass Recovery Group LLC,1,8.920854093275916e-06
"Endeavor Capital, LLC",1,8.920854093275916e-06
"Enhanced Acquisitions, LLC",1,8.920854093275916e-06
SOUTH BAY ACCEPTANCE CORPORATION,1,8.920854093275916e-06
SQUARETWO FINANCIAL CORPORATION,1,8.920854093275916e-06
KCM & AHS LLC,1,8.920854093275916e-06
Enter Mortgage Inc,1,8.920854093275916e-06
"KCC Services, LLC",1,8.920854093275916e-06
K & B Capital Corp,1,8.920854093275916e-06
Envision Funding Solutions,1,8.920854093275916e-06
"Phoenix Management Solutions, L.L.C.",1,8.920854093275916e-06
"SOUTH EXCHANGE, INC",1,8.920854093275916e-06
"SOUTH COUNTRY CAPITAL MANAGEMENT, LLC",1,8.920854093275916e-06
Excellent Credit Matters LLC,1,8.920854093275916e-06
"SHAPIRO LAW OFFICE, PC",1,8.920854093275916e-06
SHAPESHIFT AG,1,8.920854093275916e-06
"JWBA Enterprise, Inc. dba American Financial Education Center",1,8.920854093275916e-06
Jackson Automotive Resources,1,8.920854093275916e-06
SCENIC OAKS FUNDING,1,8.920854093275916e-06
"FCTI, Inc.",1,8.920854093275916e-06
FERRANTE ASSOCIATE,1,8.920854093275916e-06
FHC Mortgage,1,8.920854093275916e-06
"FHL HOLDINGS, LLC",1,8.920854093275916e-06
SATORI FINANCIALMORTGAGE GROUP LLC,1,8.920854093275916e-06
FINANCIAL INSIGHT,1,8.920854093275916e-06
"JZ Mortgage Services, Inc.",1,8.920854093275916e-06
"FIRST CONSUMER, LLC",1,8.920854093275916e-06
SGCP Holdco LLC,1,8.920854093275916e-06
"FIRST FINANCIAL SERVICES, INC.",1,8.920854093275916e-06
FIRST US CAPITAL LLC,1,8.920854093275916e-06
"FMK Credit Education Center, INC",1,8.920854093275916e-06
"FPS-Nationwide, LLC",1,8.920854093275916e-06
JPL Recovery Solutions,1,8.920854093275916e-06
FRIENDLY FINANCE DISCOUNT CORPORATION,1,8.920854093275916e-06
FS Card Inc.,1,8.920854093275916e-06
JOSEPH R. HARRISON CO. LPA,1,8.920854093275916e-06
"Russell W Richardson, Attorney at Law",1,8.920854093275916e-06
SCHEER LAW GROUP LLP,1,8.920854093275916e-06
"Pitbladdo Botteron and Jarvis, LLC",1,8.920854093275916e-06
"FAN Distributing, LLC",1,8.920854093275916e-06
SCW Acquisitions LLC DBA TrustARG,1,8.920854093275916e-06
"Executive Acquisitions Group, LLC",1,8.920854093275916e-06
"Executive Title & Closing, Inc.",1,8.920854093275916e-06
Express Aviation,1,8.920854093275916e-06
Pinnacle Capital Funding Corporation,1,8.920854093275916e-06
"Jason Michael Katz, P.C.",1,8.920854093275916e-06
"James D. Calmes, 111",1,8.920854093275916e-06
"EzeCreditServices, LLC",1,8.920854093275916e-06
SERVICELINK LOSS MITIGATION SERVICES,1,8.920854093275916e-06
"SERVICE 1ST MORTGAGE, INC.",1,8.920854093275916e-06
"F & S Financial Marketing, Inc.",1,8.920854093275916e-06
"SENIOR MORTGAGE BANKERS, INC.",1,8.920854093275916e-06
"Pinnacle Legal, P.C.",1,8.920854093275916e-06
Jacob & Griffin Associates,1,8.920854093275916e-06
F&M Capital LLC,1,8.920854093275916e-06
"Jackson Law Offices, PLLC",1,8.920854093275916e-06
F&M Financial Group LLC,1,8.920854093275916e-06
"Pioneer Credit Company, Inc",1,8.920854093275916e-06
"Pioneer Law Firm, P.C.",1,8.920854093275916e-06
FAITH FINANCIAL LLC,1,8.920854093275916e-06
Instant Cash Point,1,8.920854093275916e-06
"Freedom First Financial Services, Inc.",1,8.920854093275916e-06
"Christensen Financial, Inc.",1,8.920854093275916e-06
"HENRY SCHEIN, INC.",1,8.920854093275916e-06
"Gulf Coast Financial Associates, Inc.",1,8.920854093275916e-06
"RUSH COLLECTIONS AGENCY, CORP.",1,8.920854093275916e-06
Prospering Home Loans LLC,1,8.920854093275916e-06
Prosperum Capital Partners LLC,1,8.920854093275916e-06
"HANNA, LLP | HANNA LAW, PLLC",1,8.920854093275916e-06
RUEDY & STITES ADVERTISING COMPANY,1,8.920854093275916e-06
Hometown Title Agency,1,8.920854093275916e-06
RSR & ASSOCIATES INC.,1,8.920854093275916e-06
Homestead Title Abstract Agency Inc.,1,8.920854093275916e-06
"HJ Ventures, LLC",1,8.920854093275916e-06
Guaranty Solutions LLC,1,8.920854093275916e-06
HK Recovery Group Inc.,1,8.920854093275916e-06
HLT CHECK EXCHANGE LLP,1,8.920854093275916e-06
"HMSV Financial Services, Inc.",1,8.920854093275916e-06
HOME FINANCE OF AMERICA,1,8.920854093275916e-06
HOMEPROMISE CORPORATION,1,8.920854093275916e-06
"HONG LAN SERVICES, INC.",1,8.920854093275916e-06
"HONOLULU HOMELOANS, INC.",1,8.920854093275916e-06
Pure Debt Solutions,1,8.920854093275916e-06
"HOUSTONIAN MORTGAGE GROUP, INC.",1,8.920854093275916e-06
GuardHill Financial LLC,1,8.920854093275916e-06
"Rainier Collection Services, Inc.",1,8.920854093275916e-06
Purpose Funding Inc.,1,8.920854093275916e-06
"Prominence Capital Partners, LLC",1,8.920854093275916e-06
"Grant Law, LLC",1,8.920854093275916e-06
"Howard Solochek & Weber, S.C.",1,8.920854093275916e-06
Great Florida Lending Inc.,1,8.920854093275916e-06
"Great Lakes Capital Management, LLC",1,8.920854093275916e-06
Housing & Financial Educator,1,8.920854093275916e-06
"Professional Systems of Mankato, Inc.",1,8.920854093275916e-06
"Progress Law, LLC",1,8.920854093275916e-06
"Horsepower Financial, LLC",1,8.920854093275916e-06
"Rate Rabbit, Inc.",1,8.920854093275916e-06
Greene & Cooper Collections LLC,1,8.920854093275916e-06
"Grupo Estrella, LLC",1,8.920854093275916e-06
"Rapido Credit Repair, Inc.",1,8.920854093275916e-06
"Greenkey Financial, Inc.",1,8.920854093275916e-06
Horman Nichols LLC,1,8.920854093275916e-06
Greg King DBA Karma Consulting,1,8.920854093275916e-06
"Gregg M. Horowitz, P.A",1,8.920854093275916e-06
Gregory and Jacobs Corporation,1,8.920854093275916e-06
"Property Collection Lawyers, LLC",1,8.920854093275916e-06
"Randolph Walzer & Associates, LLC",1,8.920854093275916e-06
Groundwork Holdings LLC,1,8.920854093275916e-06
"HUDDLESTON AND MOORE, INC.",1,8.920854093275916e-06
RMK Financial Corp,1,8.920854093275916e-06
"Freedom Rides, Inc.",1,8.920854093275916e-06
Highland Capital,1,8.920854093275916e-06
RELIABLE HOLDINGS MANAGER LLC,1,8.920854093275916e-06
Home Funding Corporation,1,8.920854093275916e-06
"Hollander, Goode & Lopez, PLLC",1,8.920854093275916e-06
Holiday Finance Corporation,1,8.920854093275916e-06
"Hasson Law, LLC",1,8.920854093275916e-06
REARDEN S INCORPORATED,1,8.920854093275916e-06
READY MORTGAGE LENDERS LLC,1,8.920854093275916e-06
RDM Capital Funding LLC,1,8.920854093275916e-06
"Higlobe, Inc.",1,8.920854093275916e-06
"RCO Legal, P.S.",1,8.920854093275916e-06
Harr Imports Inc,1,8.920854093275916e-06
"Hawthorn Horizon Credit Fund, Series 2",1,8.920854093275916e-06
High Point Asset Inc,1,8.920854093275916e-06
"Healthcare Receivable Professionals, LLC",1,8.920854093275916e-06
Hidden Meadow Lending,1,8.920854093275916e-06
RANTAX INC,1,8.920854093275916e-06
"Heller and Frisone, LTD.",1,8.920854093275916e-06
"Hellmuth & Johnson, PLLC",1,8.920854093275916e-06
"Heritage Finance Company, Inc.",1,8.920854093275916e-06
Hernandez R E Services,1,8.920854093275916e-06
Quantum Servicing Corporation,1,8.920854093275916e-06
Hard Capital Funding LLC,1,8.920854093275916e-06
"RMI Services, LLC",1,8.920854093275916e-06
"HomeLight, Inc.",1,8.920854093275916e-06
"RMB, Inc.",1,8.920854093275916e-06
"HUNTINGTON NATIONAL BANK, THE - FIRSTMERIT BANK, N.A. BRANCH",1,8.920854093275916e-06
"Haines & Krieger, LLC",1,8.920854093275916e-06
HomeQuest Mortgage Corporation,1,8.920854093275916e-06
Halpin Slagh PC,1,8.920854093275916e-06
"RIGHT SIDE UP LENDING, LLC",1,8.920854093275916e-06
QUEST FINANCE  LLC,1,8.920854093275916e-06
"Quad Cities Financial, Inc.",1,8.920854093275916e-06
"HomePace, Inc.",1,8.920854093275916e-06
Quality Lenders Inc,1,8.920854093275916e-06
Quantum Leap Mortgage Corporation,1,8.920854093275916e-06
Hanbery & Turner P.A.,1,8.920854093275916e-06
RF MORTGAGE AND INVESTMENT COR,1,8.920854093275916e-06
REVERSE e MORTGAGE LLC Dba CrossPoint Funding,1,8.920854093275916e-06
Hannah Financial LLC,1,8.920854093275916e-06
"HomeKey Lending, LLC",1,8.920854093275916e-06
Home Mortgage Finance Corp,1,8.920854093275916e-06
RESIDENTIAL MORTGAGE CORP,1,8.920854093275916e-06
"Home Lending Pal, Inc.",1,8.920854093275916e-06
"RESCO, INC.",1,8.920854093275916e-06
"Granite Creditors Service, Inc.",1,8.920854093275916e-06
Hudson United Mortgage LLC,1,8.920854093275916e-06
Grads Financial,1,8.920854093275916e-06
GOLDEN BEAR CAPITAL INC.,1,8.920854093275916e-06
Future Credit Fix,1,8.920854093275916e-06
G. R. Isidro,1,8.920854093275916e-06
"G.W. Golden Enterprises, Inc.",1,8.920854093275916e-06
Priority Recovery Law PLC,1,8.920854093275916e-06
Inland Debt Management,1,8.920854093275916e-06
"GL Holdings, LLC",1,8.920854093275916e-06
"GLENN ASSOCIATES MID-ATLANTIC, INC",1,8.920854093275916e-06
"GLOBAL TRUST FINANCE, LLC",1,8.920854093275916e-06
"Reliable Home Lenders, LLC",1,8.920854093275916e-06
"Private Mortgage Advisors, LLC",1,8.920854093275916e-06
"Principe & Strasnick, P.C.",1,8.920854093275916e-06
GRB Law,1,8.920854093275916e-06
GUARANTEED HOME MORTGAGE COMPANY,1,8.920854093275916e-06
Registered Mediation Associates LLC,1,8.920854093275916e-06
"Infinity Capital Group, LLC (CO)",1,8.920854093275916e-06
"ProVisor, Inc.",1,8.920854093275916e-06
"Garden State Check Cashing Service, Inc.",1,8.920854093275916e-06
"Indigo Ultimate Parent, LLC",1,8.920854093275916e-06
Reese Pyle Meyer PLL,1,8.920854093275916e-06
"Gate US, Inc.",1,8.920854093275916e-06
Rent One,1,8.920854093275916e-06
"Futura TItle & Escrow, LLC",1,8.920854093275916e-06
"Grace Period, Inc.",1,8.920854093275916e-06
Residential Funding Consultants LLC,1,8.920854093275916e-06
Freedom Trucks LLC,1,8.920854093275916e-06
"Fridge & Resendez, P.C.",1,8.920854093275916e-06
Prime Credit Corporation,1,8.920854093275916e-06
"Prime Home Lending, LLC",1,8.920854093275916e-06
Resolve Solution Services Corporation,1,8.920854093275916e-06
InstaLend,1,8.920854093275916e-06
"Resolute Credit, LLC",1,8.920854093275916e-06
"Residential Mortgage Solutions, Inc.",1,8.920854093275916e-06
PrimeCore Group,1,8.920854093275916e-06
Fulfillment Financial Solutions,1,8.920854093275916e-06
"Princeton Financial, LLC",1,8.920854093275916e-06
Full Advance LLC,1,8.920854093275916e-06
"Full Service Mortgage Group, LLC",1,8.920854093275916e-06
"Reset Financial Technologies, Inc.",1,8.920854093275916e-06
"Rescue 1 Financial, LLC",1,8.920854093275916e-06
Insta Financial,1,8.920854093275916e-06
"Republic Credit Indemnity Companies, Inc.",1,8.920854093275916e-06
Repair Like A Pro LLC,1,8.920854093275916e-06
Fulton Friedman & Gullace LLP,1,8.920854093275916e-06
Inspire Mortgage LLC.,1,8.920854093275916e-06
"Gault Financial, LLC",1,8.920854093275916e-06
Rediger Investment Corporation,1,8.920854093275916e-06
"Indian River County Habitat for Humanity, Inc.",1,8.920854093275916e-06
"Hypur, Inc",1,8.920854093275916e-06
INTERACTIVE MORTGAGE,1,8.920854093275916e-06
Global Recovery Solutions,1,8.920854093275916e-06
"Receivables Management Associates, Inc.",1,8.920854093275916e-06
"Golden Capital Services, LLC",1,8.920854093275916e-06
"IMC Capital, LLC",1,8.920854093275916e-06
Golden State Collections LLC,1,8.920854093275916e-06
Golden State Home Loans Inc.,1,8.920854093275916e-06
"Goldman & Van Beek, P.C",1,8.920854093275916e-06
"Goldman, Imani & Goldberg, Inc",1,8.920854093275916e-06
Professional Receivable Solutions,1,8.920854093275916e-06
General Financial Group Inc,1,8.920854093275916e-06
Huston & Angus,1,8.920854093275916e-06
Goodwill Finance LLC,1,8.920854093275916e-06
"Real Title Agency, LLC",1,8.920854093275916e-06
"Gordon & Wong Law Group, P.C.",1,8.920854093275916e-06
"Real Property Business Services, Inc.",1,8.920854093275916e-06
"Real Pay, Inc",1,8.920854093275916e-06
Real Estate Solutions,1,8.920854093275916e-06
Hughes Acceptance Corporation,1,8.920854093275916e-06
Goshen Mortgage LLC,1,8.920854093275916e-06
IOWA MORTGAGE SOLUTIONS INC,1,8.920854093275916e-06
"Global Check Recovery, INC",1,8.920854093275916e-06
RecoverX Corp,1,8.920854093275916e-06
"Glenn Associates, Inc.",1,8.920854093275916e-06
"Independent Settlement Group, LLC dba EKKO Title",1,8.920854093275916e-06
"Genius Technologies, Inc",1,8.920854093275916e-06
Red Star Mortgage,1,8.920854093275916e-06
Inclusive Action for the City,1,8.920854093275916e-06
"George Gusses Co., L.P.A.",1,8.920854093275916e-06
Red River Collections Inc.,1,8.920854093275916e-06
IT'S TIME - CREDIT REPAIR LLC,1,8.920854093275916e-06
Red Leaf Servicing,1,8.920854093275916e-06
"Georgia Medical Collection Services, Inc.",1,8.920854093275916e-06
"Georgia Mortgage Resources, LLC",1,8.920854093275916e-06
"Gerard Services, Inc.",1,8.920854093275916e-06
"Gergory, Doyle, Calhoun & Rogers, LLC",1,8.920854093275916e-06
"Gershfeld Law Group, P.C.",1,8.920854093275916e-06
Recovery Remedies Corporation,1,8.920854093275916e-06
"ISCC, LLC",1,8.920854093275916e-06
Gingo Palumbo Law Group LLC,1,8.920854093275916e-06
Girosol Corp.,1,8.920854093275916e-06
Recovery Legal Group,1,8.920854093275916e-06
"IRC's Center for Economic Opportunity, Inc.",1,8.920854093275916e-06
Emergi-Cash,1,8.920854093275916e-06
"STATEWIDE HOME MORTGAGE, INC",1,8.920854093275916e-06
"Emerge Financial Services, Inc.",1,8.920854093275916e-06
Credit Management Systems,1,8.920854093275916e-06
"Credit Adjustment, Inc",1,8.920854093275916e-06
Credit Advisors Foundation,1,8.920854093275916e-06
"PRIME MORTGAGE LENDING, INC",1,8.920854093275916e-06
"Starkes Law Firm, L.L.C.",1,8.920854093275916e-06
"PRO Consulting Services, Inc.",1,8.920854093275916e-06
Standard Mortgage Group LLC,1,8.920854093275916e-06
Credit Diva of Dallas Inc.,1,8.920854093275916e-06
Credit Done Right Inc,1,8.920854093275916e-06
PROFESSIONAL BUSINESS BUREAU INC,1,8.920854093275916e-06
"Square One Financial, LLC",1,8.920854093275916e-06
CrediFlash LLC,1,8.920854093275916e-06
"Law Offices of Bill Malone, Jr.",1,8.920854093275916e-06
Credit Mount,1,8.920854093275916e-06
Law Office of Stephen Buckley PLLC,1,8.920854093275916e-06
Credit Points 720,1,8.920854093275916e-06
Credit Points LLC,1,8.920854093275916e-06
Credit Power LLC,1,8.920854093275916e-06
"Law Office of Mark L. Nichter, PC",1,8.920854093275916e-06
"Spinwheel Solutions, Inc.",1,8.920854093275916e-06
PROVENTURE CAPITAL LLC,1,8.920854093275916e-06
Credilife ...A Financial Wellness Company,1,8.920854093275916e-06
States Resources Corp.,1,8.920854093275916e-06
Law Office of J.A. Cambece,1,8.920854093275916e-06
PREMIER HOME MORTGAGE LOANS,1,8.920854093275916e-06
Copeland Mortgage Company,1,8.920854093275916e-06
"Lawyers Title of Cincinnati, Inc.",1,8.920854093275916e-06
Cornerstone Lending Group Inc.,1,8.920854093275916e-06
Sterling Asset Resolution LLC,1,8.920854093275916e-06
PREFERRED LOANS LLC,1,8.920854093275916e-06
"Law Offices of Thomas B. Peterman, P.A.",1,8.920854093275916e-06
"Steps Home Loans, LLC",1,8.920854093275916e-06
"Corpra Care, Inc.",1,8.920854093275916e-06
"Cortland Capital Group, LLC",1,8.920854093275916e-06
"PREMIER HOME MORTGAGE, INC.",1,8.920854093275916e-06
"States Title Holding, Inc.",1,8.920854093275916e-06
"Costner Law Office, PLLC",1,8.920854093275916e-06
Law Offices of Philip H. Monagan,1,8.920854093275916e-06
"Law Offices of Paul L. Marks, P.L.L.C",1,8.920854093275916e-06
Covington Capital Corporation,1,8.920854093275916e-06
PRIDE LENDING LLC,1,8.920854093275916e-06
"Staunton Financial, Inc.",1,8.920854093275916e-06
"Law Offices of Nathan Lollis, LLC",1,8.920854093275916e-06
"Law Offices of Matthew Baysinger, Inc.",1,8.920854093275916e-06
Credential Acceptance Corporation,1,8.920854093275916e-06
Spicewood Funding Group,1,8.920854093275916e-06
Law Office of Henry L. Robertson PLLC,1,8.920854093275916e-06
"Phelan Hallinan Diamond & Jones, PC",1,8.920854093275916e-06
"DCS Financial, Inc.",1,8.920854093275916e-06
Cycleone Financial Group,1,8.920854093275916e-06
"D&D Motors S, Inc",1,8.920854093275916e-06
"D.B.M.E., INC",1,8.920854093275916e-06
"DA AUTO GROUP, INC",1,8.920854093275916e-06
"Latham Keele Lehman Ratcliff Carter & Clarke, PC",1,8.920854093275916e-06
"Southeast Auto Financial Services, LLC",1,8.920854093275916e-06
"Lang, Richert & Patch",1,8.920854093275916e-06
DB Premier Asset Partners LLC,1,8.920854093275916e-06
DCFC PL,1,8.920854093275916e-06
"South Fork Funding, inc.",1,8.920854093275916e-06
Southern Mortgage Corp.,1,8.920854093275916e-06
"DCS2 Asset Recovery, LLC",1,8.920854093275916e-06
Landmark Mortgage LLC,1,8.920854093275916e-06
DEPENDON COLLECTION SERVICE INC,1,8.920854093275916e-06
DEVLIN INC,1,8.920854093275916e-06
"Landis Technologies, Inc.",1,8.920854093275916e-06
Sorensen Auto Plaza,1,8.920854093275916e-06
Sonora Lending Corporation,1,8.920854093275916e-06
Landed Home Loans LLC,1,8.920854093275916e-06
"Land Closing Services, Inc.",1,8.920854093275916e-06
"Cure Payment Recovery Solutions, LLC",1,8.920854093275916e-06
Packers HC LLC,1,8.920854093275916e-06
PROVINCE MORTGAGE ASSOCIATES,1,8.920854093275916e-06
"Creditors Adjustment Bureau, Inc.",1,8.920854093275916e-06
Credit Solutions LLC,1,8.920854093275916e-06
"Speed1, Inc",1,8.920854093275916e-06
"Spectrum Funding Group, LLC",1,8.920854093275916e-06
Credit Star Funding,1,8.920854093275916e-06
PacWest Funding Inc,1,8.920854093275916e-06
"Credit West, LLC",1,8.920854093275916e-06
CreditDusters LLC,1,8.920854093275916e-06
CreditSmart Holdings Inc,1,8.920854093275916e-06
Spec Hoffman Auto Sales Inc.,1,8.920854093275916e-06
Spark Mortgage Advisors LLC,1,8.920854093275916e-06
PacificLife Servicing,1,8.920854093275916e-06
"Pacific Coast Legal Services, Inc.",1,8.920854093275916e-06
Creditors Service Bureau Inc,1,8.920854093275916e-06
"Law Office of Gregory Javardian, LLC",1,8.920854093275916e-06
Law Office of David A. Fernandez,1,8.920854093275916e-06
Law Office of Charles G. McCarthy Jr. & Assoc.,1,8.920854093275916e-06
Pacific Mortgage Planning LLC,1,8.920854093275916e-06
"Crosstown Law, LLC",1,8.920854093275916e-06
"Crux Commercial Partners, LLC",1,8.920854093275916e-06
"Crystal R. Cole, Attorney at Law",1,8.920854093275916e-06
"Cope Enterprises, LLC",1,8.920854093275916e-06
Cooper Hoffman Klein Associates,1,8.920854093275916e-06
"Convoy Home Loans, Inc.",1,8.920854093275916e-06
"Coastline Financial Resources, LLC",1,8.920854093275916e-06
Coastal Bend Loans,1,8.920854093275916e-06
PERSIAN ACCEPTANCE CORP,1,8.920854093275916e-06
"Superior Home Loans, Inc.",1,8.920854093275916e-06
"Coastal Breeze Mortgage, LLC",1,8.920854093275916e-06
"Superior Adjustment, Inc.",1,8.920854093275916e-06
PHILADELPHIA MORTGAGE ADVISORS,1,8.920854093275916e-06
Sunset Marketing Group LLC. DBA Acceptance Financial,1,8.920854093275916e-06
"Coastal Financial Solutions, LLC",1,8.920854093275916e-06
"Coastline Capital Fund Management, LLC",1,8.920854093275916e-06
Cobalt Mortgage,1,8.920854093275916e-06
"Liberty Finance Co., Inc.",1,8.920854093275916e-06
Sunlan Corporation,1,8.920854093275916e-06
"Cochren Bailey & Associates, LLC",1,8.920854093275916e-06
Coconut Point Finance,1,8.920854093275916e-06
Liberty Capital Services LLC,1,8.920854093275916e-06
Sun 1318 Corp,1,8.920854093275916e-06
"Summit Mortgage Group, LLC",1,8.920854093275916e-06
Summit Mortgage Corporation,1,8.920854093275916e-06
"Summit Mortgage Bankers, Inc",1,8.920854093275916e-06
"Cohen, Roberts & Associates, LLC",1,8.920854093275916e-06
"Liberty Credit Services, Inc.",1,8.920854093275916e-06
"Liberty Mortgage Lending, Inc.",1,8.920854093275916e-06
PPPLF ECONOMIC AND COMMUNITY DEVELOPMENT INSTITUTE,1,8.920854093275916e-06
PCF Holdings Corp.,1,8.920854093275916e-06
TCAR Inc,1,8.920854093275916e-06
Citadel Finance Company,1,8.920854093275916e-06
TASO Group LLC,1,8.920854093275916e-06
"TARRANT GROUP, LLC",1,8.920854093275916e-06
Citizen Mortgage LLC,1,8.920854093275916e-06
"Lincoln Capital, LLC",1,8.920854093275916e-06
TAG Financial Services Inc.,1,8.920854093275916e-06
Citywide Finance Company Inc.,1,8.920854093275916e-06
"Clarfield, Okon, Salomone and Pincus, P.L.",1,8.920854093275916e-06
"PCMA, Inc.",1,8.920854093275916e-06
"LifeTree Lending, LLC.",1,8.920854093275916e-06
"Lightspeed Mortgage, Inc.",1,8.920854093275916e-06
"Clear Debt Solutions, LLC",1,8.920854093275916e-06
Clear Lending Corp,1,8.920854093275916e-06
Clear Point Home Loans LLC,1,8.920854093275916e-06
Lightning Fast Finance,1,8.920854093275916e-06
Cleveland Mortgage Corporation,1,8.920854093275916e-06
SweetPay LLC,1,8.920854093275916e-06
"ClosingMark Financial Services, LLC",1,8.920854093275916e-06
Swan Financial Corporation,1,8.920854093275916e-06
PINNACLE CAPITAL MORTGAGE CORP,1,8.920854093275916e-06
"Hertzmark, Crean & Lahey, LLP.",1,8.920854093275916e-06
"Liberate Debt, Inc. 9156",1,8.920854093275916e-06
Legacy Title Service,1,8.920854093275916e-06
Lending Base Inc.,1,8.920854093275916e-06
"Stream Platforms, Inc.",1,8.920854093275916e-06
"Lender Services, Inc",1,8.920854093275916e-06
Consumer Collection Advocates,1,8.920854093275916e-06
Lender Estimate LLC,1,8.920854093275916e-06
"Consumer Credit Counseling Service of the Midwest, Inc.",1,8.920854093275916e-06
Lendah LLC,1,8.920854093275916e-06
"Legal Recovery Law Offices, Inc",1,8.920854093275916e-06
"POLI MORTGAGE GROUP, INC.",1,8.920854093275916e-06
"Legacy Customer Management Group, LLC",1,8.920854093275916e-06
"Summit Account & Computer Service, Inc.",1,8.920854093275916e-06
"Strada Education Network, Inc.",1,8.920854093275916e-06
"Consumer Recovery Solutions, LLC",1,8.920854093275916e-06
Stone Haven Capital,1,8.920854093275916e-06
Stone Guard Lending Inc.,1,8.920854093275916e-06
"Leatherstocking Group, Inc.",1,8.920854093275916e-06
"PPCC, Inc. dba Allied Collection Resources, Inc.",1,8.920854093275916e-06
Contemporary Recovery Solutions Inc.,1,8.920854093275916e-06
PPM CAPITAL INC.,1,8.920854093275916e-06
Convergys,1,8.920854093275916e-06
"StrongBox Home Loans, LLC",1,8.920854093275916e-06
"Construction Credit and Finance Group, LLC",1,8.920854093275916e-06
"Student Account Management Services, LLC",1,8.920854093275916e-06
Compliant Collection LLC,1,8.920854093275916e-06
"Collection Service, Inc.",1,8.920854093275916e-06
"Summerfield Mortgage, LLC",1,8.920854093275916e-06
"Collection Specialists, Inc.",1,8.920854093275916e-06
PLAC Guarantee,1,8.920854093275916e-06
"Success Mortgage, LLC",1,8.920854093275916e-06
Suburban Mortgage Company of New Mexico,1,8.920854093275916e-06
"Collexx, Inc.",1,8.920854093275916e-06
Colonial Mortgage Service Co. Of America,1,8.920854093275916e-06
Lexicon Title Services LLC,1,8.920854093275916e-06
Levon Gukasyan DBA Garman Financial,1,8.920854093275916e-06
Commerce Credit Corp.,1,8.920854093275916e-06
Leverage Lending Group LLC,1,8.920854093275916e-06
"Commercial Mortgage Consultants, Inc.",1,8.920854093275916e-06
Commercial and Medical Credit Services,1,8.920854093275916e-06
Community Housing Council of Fresno,1,8.920854093275916e-06
Let's Get Funded,1,8.920854093275916e-06
Student Debt Center LLC,1,8.920854093275916e-06
"Compass Property Group, LLC",1,8.920854093275916e-06
"Complete Collection Services, Inc.",1,8.920854093275916e-06
Lakeview Mortgage Inc.,1,8.920854093275916e-06
Sommars & Associates,1,8.920854093275916e-06
DLG LLC,1,8.920854093275916e-06
Scoreably,1,8.920854093275916e-06
"Pegasus Legal Capital, LLC",1,8.920854093275916e-06
"EAZZY CONSULTING GROUP, INC",1,8.920854093275916e-06
ECG Debt Collection Corp.,1,8.920854093275916e-06
"Pelham Loan Company, Inc.",1,8.920854093275916e-06
Scranton Recovery Group LLC,1,8.920854093275916e-06
EDULOAN DOCS,1,8.920854093275916e-06
ELITE FINANCIAL SERVICES INC,1,8.920854093275916e-06
EM Auto Corporation,1,8.920854093275916e-06
"Scott & Goldman, Inc.",1,8.920854093275916e-06
Kirkland Asset Management LLC,1,8.920854093275916e-06
"E. A. Uffman & Associates, Inc",1,8.920854093275916e-06
ENSURE HOME LOANS LLC,1,8.920854093275916e-06
Schneiderman & Sherman P.C.,1,8.920854093275916e-06
"Keypoint Mortgage, LLC",1,8.920854093275916e-06
EQUITABLE MORTGAGE CORPORATION,1,8.920854093275916e-06
Schaefer Legal LLC,1,8.920854093275916e-06
Penrith Home Loans LLC,1,8.920854093275916e-06
Saul Jablon Attorney at Law,1,8.920854093275916e-06
ESM Enterprises,1,8.920854093275916e-06
"Key Management Company of Missouri, LLC.",1,8.920854093275916e-06
Seasons Collection Service,1,8.920854093275916e-06
Sebrite Financial Corporation,1,8.920854093275916e-06
"Payday Loan, LLC (CA)",1,8.920854093275916e-06
DriveNow Leasing LLC,1,8.920854093275916e-06
Select Us Consulting and Coaching,1,8.920854093275916e-06
"Select One Mortgage, Inc.",1,8.920854093275916e-06
"Dr.Skiptracer, LLC",1,8.920854093275916e-06
Payment Servicing Corporation,1,8.920854093275916e-06
"Seed Consulting, LLC",1,8.920854093275916e-06
"Drees Company, Inc.",1,8.920854093275916e-06
Dressman Benzinger LaVelle PSC,1,8.920854093275916e-06
Drexel Mortgage Corporation,1,8.920854093275916e-06
Security Mortgage Corporation,1,8.920854093275916e-06
"Duane C. Romanello, P.A., Inc.",1,8.920854093275916e-06
"Kirkwood Law, LLC",1,8.920854093275916e-06
"Kohner, Mann & Kailas, S.C.",1,8.920854093275916e-06
Kna Global Enterprises Inc,1,8.920854093275916e-06
"Klutch Technologies, Inc.",1,8.920854093275916e-06
Dynamic Dedicated Financial Partnerships,1,8.920854093275916e-06
Secure Lending Incorporated,1,8.920854093275916e-06
Secure Choice Lending,1,8.920854093275916e-06
E & C Finace Company Inc,1,8.920854093275916e-06
"Second Chance Collections, LLC",1,8.920854093275916e-06
"Kivell, Rayment and Francis, P.C.",1,8.920854093275916e-06
"Key Debt Recovery, Inc.",1,8.920854093275916e-06
Sandman Law Group LLC,1,8.920854093275916e-06
"Sanders, Ranck & Skilling, P.C.",1,8.920854093275916e-06
Personal Loan Service,1,8.920854093275916e-06
"Efinity Financial, LLC",1,8.920854093275916e-06
SUPERIOR CAR CREDIT,1,8.920854093275916e-06
KPL Select Mortgage Inc,1,8.920854093275916e-06
"Eisenberg, Gold & Agrawal, P.C.",1,8.920854093275916e-06
"Eisenburg,Whitman and Associates",1,8.920854093275916e-06
"Nadler & Associates, P.C.",1,8.920854093275916e-06
Elective Group USA Inc.,1,8.920854093275916e-06
"Personal Asset Recovery, LLC",1,8.920854093275916e-06
"KMT Group, LLC",1,8.920854093275916e-06
Personalized Collection Services,1,8.920854093275916e-06
Sander Law LLC,1,8.920854093275916e-06
KITTREDGE MORTGAGE CORPORATION,1,8.920854093275916e-06
"SUBURBAN MORTGAGE, INC.",1,8.920854093275916e-06
STUDENT ASSISTANCE FOUNDATION,1,8.920854093275916e-06
KINGS MORTGAGE SERVICES INCORPORATED,1,8.920854093275916e-06
Elite Recreational Finance,1,8.920854093275916e-06
KENT MORTGAGE CORPORATION,1,8.920854093275916e-06
"Elly, LLC",1,8.920854093275916e-06
"Eltman Law, P.C.",1,8.920854093275916e-06
"Emerald Canyon Capital, LLC",1,8.920854093275916e-06
Kaiter Enterprises Inc.,1,8.920854093275916e-06
"Economic Recovery Consultants, Inc",1,8.920854093275916e-06
Economic Empowerment Center,1,8.920854093275916e-06
"Eckhoff & Massarelli, P.C.",1,8.920854093275916e-06
Kevin A. Stevens,1,8.920854093275916e-06
"Keowee Auto Sales, Inc.",1,8.920854093275916e-06
EZ Loans Co LLC,1,8.920854093275916e-06
"EZ Mortgages, Inc",1,8.920854093275916e-06
Kees to Success,1,8.920854093275916e-06
"Eagle Home Mortgage, LLC",1,8.920854093275916e-06
Saluda Grade Holdings,1,8.920854093275916e-06
Keeping Capital LLC,1,8.920854093275916e-06
East Coast Capital Corp,1,8.920854093275916e-06
"Saints Recovery Group, Inc.",1,8.920854093275916e-06
East McComb Check Cash,1,8.920854093275916e-06
Eastern Recovery Management Inc,1,8.920854093275916e-06
"Safetrust Mortgage, LLC",1,8.920854093275916e-06
Kaydem Enterprises LLC,1,8.920854093275916e-06
Safe Financial Group LLC,1,8.920854093275916e-06
"Katie Stylianou, P.C.",1,8.920854093275916e-06
"Saban Consulting Group, Inc.",1,8.920854093275916e-06
Saba Commercial Services Corp dba Saba & Associates,1,8.920854093275916e-06
"Saale & Bailey, LLC",1,8.920854093275916e-06
DoubleCheck Solutions,1,8.920854093275916e-06
Doral Capital Corporation,1,8.920854093275916e-06
DM Motors,1,8.920854093275916e-06
"LPI-IV, LLC dba American Foreclosure Prevention",1,8.920854093275916e-06
"David A. Gallo & Associates, LLP",1,8.920854093275916e-06
Smart Auto Leasing,1,8.920854093275916e-06
David Deep Law Offices,1,8.920854093275916e-06
"Parlanti & Cooperman, LLP",1,8.920854093275916e-06
"Davis, Pickren, Seydel & Sneed, LLP",1,8.920854093275916e-06
"Skylight Lending, LLC",1,8.920854093275916e-06
"LYONS MORTGAGE SERVICES, INC.",1,8.920854093275916e-06
"DeBellis Financial Services, Inc.",1,8.920854093275916e-06
"Sky Bridge Financial, LLC",1,8.920854093275916e-06
"LORD MORTGAGE & LOAN, INC.",1,8.920854093275916e-06
"Smith & Johnson, Attorneys  PC",1,8.920854093275916e-06
"Partners Title Agency, LLC",1,8.920854093275916e-06
Debt Restoration Services,1,8.920854093275916e-06
"Debt Settlement Group, Inc. dba Debt Rx",1,8.920854093275916e-06
Partners for Payment Relief,1,8.920854093275916e-06
"Pasadena Receivables, Inc.",1,8.920854093275916e-06
"LKN Capital Mortgage, Inc.",1,8.920854093275916e-06
Singer Financial Corp.,1,8.920854093275916e-06
Delay Group DBA The Debt Management Group,1,8.920854093275916e-06
"SimpliFast Lending, LLC",1,8.920854093275916e-06
"David A. Bauer, P.C.",1,8.920854093275916e-06
Dash Funding Source LLC,1,8.920854093275916e-06
"Doonan, Graves & Longoria",1,8.920854093275916e-06
DTA GROUP LLC,1,8.920854093275916e-06
DMA Financial Corp.,1,8.920854093275916e-06
DMC Inc,1,8.920854093275916e-06
Lakeview Mortgage Bankers Corp.,1,8.920854093275916e-06
Paradigm Capital Group,1,8.920854093275916e-06
"Paragon Mortgage Services, Inc.",1,8.920854093275916e-06
"DOSS Group, Inc.",1,8.920854093275916e-06
Lakeside Title Company,1,8.920854093275916e-06
"DRIVEiT Holdings, Inc.",1,8.920854093275916e-06
DSJ Service Corporation,1,8.920854093275916e-06
"Daiyaan, Inc",1,8.920854093275916e-06
"Laelia, LLC",1,8.920854093275916e-06
"Dalty Acquisitions, Inc.",1,8.920854093275916e-06
"Daniels Norelli Scully & Cecere, P.C.",1,8.920854093275916e-06
Snellings Law LLC,1,8.920854093275916e-06
"Dant-Pacific, Ltd",1,8.920854093275916e-06
"Snap Mortgage, LLC",1,8.920854093275916e-06
Lakeland West Capital LLC,1,8.920854093275916e-06
"Smith, Slusky, Pohren & Rogers, LLP",1,8.920854093275916e-06
"Lafayette, Ayers & Whitlock, PLC",1,8.920854093275916e-06
Park Company Realtors,1,8.920854093275916e-06
Simplending Financial LLC,1,8.920854093275916e-06
"LK Manley, Inc",1,8.920854093275916e-06
Delbert Services,1,8.920854093275916e-06
Diverse Financial Enterprises,1,8.920854093275916e-06
"Dill Law Firm, PLLC",1,8.920854093275916e-06
Settle It Inc.,1,8.920854093275916e-06
Seth L. Goldner PC,1,8.920854093275916e-06
"Seterus, Inc.",1,8.920854093275916e-06
"Direct Home Loans, LLC",1,8.920854093275916e-06
Paula G Kaplan Esq,1,8.920854093275916e-06
Pauls Auto Sales & Service Inc,1,8.920854093275916e-06
"LD Settlement Services, LLC",1,8.920854093275916e-06
"Service Investment Company, Inc.",1,8.920854093275916e-06
Diversified Company,1,8.920854093275916e-06
LINCOLN MORTGAGE COMPANY,1,8.920854093275916e-06
Diversified Recovery Services Inc.,1,8.920854093275916e-06
"Doberman Credit & Collection Consultants, LLC",1,8.920854093275916e-06
"LAW OFFICES OF RANDALL L. PRATT, P.C.",1,8.920854093275916e-06
"PayFiniti, LLC",1,8.920854093275916e-06
"Dolan Gaddi Lending, Inc.",1,8.920854093275916e-06
"Dominion Law Associates, P.L.L.C.",1,8.920854093275916e-06
"Senior Management Group, Inc.",1,8.920854093275916e-06
Donna A Daniels Law Offices PC,1,8.920854093275916e-06
"Kurt A. Holmes, PA",1,8.920854093275916e-06
"Severin, Ringsak & Morrow",1,8.920854093275916e-06
"Digital Mortgage, LLC",1,8.920854093275916e-06
"Shapiro, DiCaro & Barak, LLC",1,8.920854093275916e-06
Shea Mortgage Inc.,1,8.920854093275916e-06
"Silvermine Ventures, LLC",1,8.920854093275916e-06
Silverline Lending L.L.C.,1,8.920854093275916e-06
Delphi Group Inc.,1,8.920854093275916e-06
LEVEL 4 FUNDING LLC,1,8.920854093275916e-06
"Delray Capital, LLC",1,8.920854093275916e-06
"LENDING COMPANY, INC., THE",1,8.920854093275916e-06
Democracy Capital Corporation,1,8.920854093275916e-06
"Dennis P Lee P.C., L.L.O.",1,8.920854093275916e-06
LENDER LIVE,1,8.920854093275916e-06
"LEIJA ENTERPRISES, INC.",1,8.920854093275916e-06
Shop Your Own Corp,1,8.920854093275916e-06
Shnayder Law Firm LLC,1,8.920854093275916e-06
Patriot Lending Services Inc,1,8.920854093275916e-06
"Devor Mortgage Investment Corp, DBA Quality Home Mortgage",1,8.920854093275916e-06
Diamond Finance LLC,1,8.920854093275916e-06
Diamond Funding Corporation,1,8.920854093275916e-06
Patriot Mortgage Corporation,1,8.920854093275916e-06
"Shenandoah Legal Group, P.C.",1,8.920854093275916e-06
"LEE S. DENNISON, P.C.",1,8.920854093275916e-06
"Ekimoto & Morris, a Hawaii Limited Liability Law Company",1,8.920854093275916e-06
